ref_no,assocTemperature,traitValue,traitName,traitUnit,scientificName,primaryReference,primaryReferenceDOI,secondaryReference,secondaryReferenceDOI,sizeAssocName,sizeAssocValue,sizeAssocUnit
Pata_26407,25,0.00448,excretionRateN,ug N-NH4+ h^-1,Acartia (Odontacartia) australis,Hessen1991,NA,Hebert2016,10.1890/15-1275.1,dryWeight,0.0099,mg
Pata_26408,25,0.0063,excretionRateN,ug N-NH4+ h^-1,Acartia (Odontacartia) australis,Hessen1991,NA,Hebert2016,10.1890/15-1275.1,dryWeight,0.00937,mg
Pata_26409,25,0.0042,excretionRateN,ug N-NH4+ h^-1,Acartia (Odontacartia) australis,Hessen1991,NA,Hebert2016,10.1890/15-1275.1,dryWeight,0.00972,mg
Pata_26410,25,0.0028,excretionRateN,ug N-NH4+ h^-1,Acartia (Odontacartia) australis,Hessen1991,NA,Hebert2016,10.1890/15-1275.1,dryWeight,0.00747,mg
Pata_26411,14.2,0.0035,excretionRateN,ug N-NH4+ h^-1,Acartia (Acartiura) clausi,Hessen1990,NA,Hebert2016,10.1890/15-1275.1,dryWeight,0.0063,mg
Pata_26412,14.2,0.0071,excretionRateN,ug N-NH4+ h^-1,Acartia (Acartiura) clausi,Hessen1990,NA,Hebert2016,10.1890/15-1275.1,dryWeight,0.0064,mg
Pata_26413,15.4,0.005,excretionRateN,ug N-NH4+ h^-1,Acartia (Acartiura) clausi,Hessen1990,NA,Hebert2016,10.1890/15-1275.1,dryWeight,0.0104,mg
Pata_26414,15.4,0.0074,excretionRateN,ug N-NH4+ h^-1,Acartia (Acartiura) clausi,Hessen1990,NA,Hebert2016,10.1890/15-1275.1,dryWeight,0.0108,mg
Pata_26415,9.7,0.0026,excretionRateN,ug N-NH4+ h^-1,Acartia (Acartiura) longiremis,Hessen1990,NA,Hebert2016,10.1890/15-1275.1,dryWeight,0.0068,mg
Pata_26416,9.7,0.0014,excretionRateN,ug N-NH4+ h^-1,Acartia (Acartiura) longiremis,Hessen1990,NA,Hebert2016,10.1890/15-1275.1,dryWeight,0.007,mg
Pata_26417,13.1,0.0018,excretionRateN,ug N-NH4+ h^-1,Acartia (Acartiura) longiremis,Hessen1990,NA,Hebert2016,10.1890/15-1275.1,dryWeight,0.0076,mg
Pata_26418,13.1,0.0019,excretionRateN,ug N-NH4+ h^-1,Acartia (Acartiura) longiremis,Hessen1990,NA,Hebert2016,10.1890/15-1275.1,dryWeight,0.0073,mg
Pata_26419,10,0.0025,excretionRateN,ug N-NH4+ h^-1,Acartia (Acartiura) longiremis,Hessen1990,NA,Hebert2016,10.1890/15-1275.1,dryWeight,0.0088,mg
Pata_26420,9.7,0.0022,excretionRateN,ug N-NH4+ h^-1,Acartia (Acartiura) longiremis,Hessen1990,NA,Hebert2016,10.1890/15-1275.1,dryWeight,0.0068,mg
Pata_26421,22,9e-4,excretionRateN,ug N-NH4+ h^-1,Acartia (Odontacartia) pacifica,Hessen1991,NA,Hebert2016,10.1890/15-1275.1,dryWeight,0.0091,mg
Pata_26422,28,0.004,excretionRateN,ug N-NH4+ h^-1,Acartia (Odontacartia) pacifica,Hessen1991,NA,Hebert2016,10.1890/15-1275.1,dryWeight,0.0155,mg
Pata_26423,28,0.003,excretionRateN,ug N-NH4+ h^-1,Acartia (Odontacartia) pacifica,Hessen1991,NA,Hebert2016,10.1890/15-1275.1,dryWeight,0.0185,mg
Pata_26424,28,0.0024,excretionRateN,ug N-NH4+ h^-1,Acartia (Odontacartia) pacifica,Hessen1991,NA,Hebert2016,10.1890/15-1275.1,dryWeight,0.0177,mg
Pata_26425,28,0.0017,excretionRateN,ug N-NH4+ h^-1,Acartia (Odontacartia) pacifica,Hessen1991,NA,Hebert2016,10.1890/15-1275.1,dryWeight,0.0183,mg
Pata_26426,28,0.0027,excretionRateN,ug N-NH4+ h^-1,Acartia (Odontacartia) pacifica,Hessen1991,NA,Hebert2016,10.1890/15-1275.1,dryWeight,0.0191,mg
Pata_26427,28,0.0037,excretionRateN,ug N-NH4+ h^-1,Acartia (Odontacartia) pacifica,Hessen1991,NA,Hebert2016,10.1890/15-1275.1,dryWeight,0.0153,mg
Pata_26428,28,0.0048,excretionRateN,ug N-NH4+ h^-1,Acartia (Odontacartia) pacifica,Hessen1991,NA,Hebert2016,10.1890/15-1275.1,dryWeight,0.0152,mg
Pata_26429,22,0.001,excretionRateN,ug N-NH4+ h^-1,Acartia (Odontacartia) pacifica,Hessen1991,NA,Hebert2016,10.1890/15-1275.1,dryWeight,0.0134,mg
Pata_26430,22,0.0051,excretionRateN,ug N-NH4+ h^-1,Acartia (Odontacartia) pacifica,Hessen1991,NA,Hebert2016,10.1890/15-1275.1,dryWeight,0.0133,mg
Pata_26431,22,6e-4,excretionRateN,ug N-NH4+ h^-1,Acartia (Odontacartia) pacifica,Hessen1991,NA,Hebert2016,10.1890/15-1275.1,dryWeight,0.0117,mg
Pata_26432,22,0.0095,excretionRateN,ug N-NH4+ h^-1,Acartia (Acanthacartia) tonsa,Walve1999,NA,Hebert2016,10.1890/15-1275.1,dryWeight,0.0061,mg
Pata_26433,22,0.0107,excretionRateN,ug N-NH4+ h^-1,Acartia (Acanthacartia) tonsa,Walve1999,NA,Hebert2016,10.1890/15-1275.1,dryWeight,0.0062,mg
Pata_26434,22,0.0023,excretionRateN,ug N-NH4+ h^-1,Acartia (Acanthacartia) tonsa,Walve1999,NA,Hebert2016,10.1890/15-1275.1,dryWeight,0.0059,mg
Pata_26435,22,0.0015,excretionRateN,ug N-NH4+ h^-1,Acartia (Acanthacartia) tonsa,Walve1999,NA,Hebert2016,10.1890/15-1275.1,dryWeight,0.0059,mg
Pata_26436,22,0.0054,excretionRateN,ug N-NH4+ h^-1,Acartia (Acanthacartia) tonsa,Walve1999,NA,Hebert2016,10.1890/15-1275.1,dryWeight,0.0107,mg
Pata_26437,22,0.0044,excretionRateN,ug N-NH4+ h^-1,Acartia (Acanthacartia) tonsa,Walve1999,NA,Hebert2016,10.1890/15-1275.1,dryWeight,0.0082,mg
Pata_26438,22,3e-4,excretionRateN,ug N-NH4+ h^-1,Acrocalanus gibber,Hessen1991,NA,Hebert2016,10.1890/15-1275.1,dryWeight,0.017,mg
Pata_26439,22,7e-4,excretionRateN,ug N-NH4+ h^-1,Acrocalanus gibber,Hessen1991,NA,Hebert2016,10.1890/15-1275.1,dryWeight,0.0197,mg
Pata_26440,22,0.0014,excretionRateN,ug N-NH4+ h^-1,Acrocalanus gibber,Hessen1991,NA,Hebert2016,10.1890/15-1275.1,dryWeight,0.0279,mg
Pata_26441,22,9e-4,excretionRateN,ug N-NH4+ h^-1,Acrocalanus gibber,Hessen1991,NA,Hebert2016,10.1890/15-1275.1,dryWeight,0.0304,mg
Pata_26442,22,0.0012,excretionRateN,ug N-NH4+ h^-1,Acrocalanus gibber,Hessen1991,NA,Hebert2016,10.1890/15-1275.1,dryWeight,0.0179,mg
Pata_26443,28,5e-4,excretionRateN,ug N-NH4+ h^-1,Acrocalanus gibber,Hessen1991,NA,Hebert2016,10.1890/15-1275.1,dryWeight,0.0163,mg
Pata_26444,28,0.0021,excretionRateN,ug N-NH4+ h^-1,Acrocalanus gibber,Hessen1991,NA,Hebert2016,10.1890/15-1275.1,dryWeight,0.019,mg
Pata_26445,28,0.001,excretionRateN,ug N-NH4+ h^-1,Acrocalanus gibber,Hessen1991,NA,Hebert2016,10.1890/15-1275.1,dryWeight,0.0158,mg
Pata_26446,22,5e-4,excretionRateN,ug N-NH4+ h^-1,Acrocalanus gibber,Hessen1991,NA,Hebert2016,10.1890/15-1275.1,dryWeight,0.0267,mg
Pata_26447,28,0.0022,excretionRateN,ug N-NH4+ h^-1,Acrocalanus gibber,Hessen1991,NA,Hebert2016,10.1890/15-1275.1,dryWeight,0.0177,mg
Pata_26448,20,0.488,excretionRateN,ug N-NH4+ h^-1,Arietellus plumifer,Ikeda2006,NA,Hebert2016,10.1890/15-1275.1,dryWeight,1.53,mg
Pata_26449,22,0.0024,excretionRateN,ug N-NH4+ h^-1,Calanopia elliptica,Hessen1991,NA,Hebert2016,10.1890/15-1275.1,dryWeight,0.0796,mg
Pata_26450,22,0.0011,excretionRateN,ug N-NH4+ h^-1,Calanopia elliptica,Hessen1991,NA,Hebert2016,10.1890/15-1275.1,dryWeight,0.0724,mg
Pata_26451,22,0.004,excretionRateN,ug N-NH4+ h^-1,Calanopia elliptica,Hessen1991,NA,Hebert2016,10.1890/15-1275.1,dryWeight,0.0661,mg
Pata_26452,22,0.0086,excretionRateN,ug N-NH4+ h^-1,Calanopia elliptica,Hessen1991,NA,Hebert2016,10.1890/15-1275.1,dryWeight,0.0876,mg
Pata_26453,22,0.0013,excretionRateN,ug N-NH4+ h^-1,Calanopia elliptica,Hessen1991,NA,Hebert2016,10.1890/15-1275.1,dryWeight,0.0773,mg
Pata_26454,22,9e-4,excretionRateN,ug N-NH4+ h^-1,Calanopia elliptica,Hessen1991,NA,Hebert2016,10.1890/15-1275.1,dryWeight,0.0734,mg
Pata_26455,26,0.0277,excretionRateN,ug N-NH4+ h^-1,Calanopia elliptica,Hessen1991,NA,Hebert2016,10.1890/15-1275.1,dryWeight,0.0559,mg
Pata_26456,26,0.015,excretionRateN,ug N-NH4+ h^-1,Calanopia elliptica,Hessen1991,NA,Hebert2016,10.1890/15-1275.1,dryWeight,0.0565,mg
Pata_26457,26,0.0178,excretionRateN,ug N-NH4+ h^-1,Calanopia elliptica,Hessen1991,NA,Hebert2016,10.1890/15-1275.1,dryWeight,0.0565,mg
Pata_26458,22,0.0022,excretionRateN,ug N-NH4+ h^-1,Calanopia elliptica,Hessen1991,NA,Hebert2016,10.1890/15-1275.1,dryWeight,0.0987,mg
Pata_26459,22,0.0039,excretionRateN,ug N-NH4+ h^-1,Calanopia elliptica,Hessen1991,NA,Hebert2016,10.1890/15-1275.1,dryWeight,0.0874,mg
Pata_26460,22,0.0028,excretionRateN,ug N-NH4+ h^-1,Calanopia elliptica,Hessen1991,NA,Hebert2016,10.1890/15-1275.1,dryWeight,0.0698,mg
Pata_26461,22,0.0063,excretionRateN,ug N-NH4+ h^-1,Calanopia elliptica,Hessen1991,NA,Hebert2016,10.1890/15-1275.1,dryWeight,0.0764,mg
Pata_26462,28,0.0068,excretionRateN,ug N-NH4+ h^-1,Calanopia elliptica,Hessen1991,NA,Hebert2016,10.1890/15-1275.1,dryWeight,0.0301,mg
Pata_26463,22,0.0061,excretionRateN,ug N-NH4+ h^-1,Calanopia elliptica,Hessen1991,NA,Hebert2016,10.1890/15-1275.1,dryWeight,0.0794,mg
Pata_26464,28,0.0045,excretionRateN,ug N-NH4+ h^-1,Calanopia elliptica,Hessen1991,NA,Hebert2016,10.1890/15-1275.1,dryWeight,0.0609,mg
Pata_26465,28,0.0084,excretionRateN,ug N-NH4+ h^-1,Calanopia elliptica,Hessen1991,NA,Hebert2016,10.1890/15-1275.1,dryWeight,0.0581,mg
Pata_26466,28,0.003,excretionRateN,ug N-NH4+ h^-1,Calanopia elliptica,Hessen1991,NA,Hebert2016,10.1890/15-1275.1,dryWeight,0.0622,mg
Pata_26467,28,0.0145,excretionRateN,ug N-NH4+ h^-1,Calanopia elliptica,Hessen1991,NA,Hebert2016,10.1890/15-1275.1,dryWeight,0.0363,mg
Pata_26468,28,0.01,excretionRateN,ug N-NH4+ h^-1,Calanopia elliptica,Hessen1991,NA,Hebert2016,10.1890/15-1275.1,dryWeight,0.0679,mg
Pata_26469,22,0.0054,excretionRateN,ug N-NH4+ h^-1,Calanopia elliptica,Hessen1991,NA,Hebert2016,10.1890/15-1275.1,dryWeight,0.0835,mg
Pata_26470,28,0.0469,excretionRateN,ug N-NH4+ h^-1,Calanopia elliptica,Hessen1991,NA,Hebert2016,10.1890/15-1275.1,dryWeight,0.0551,mg
Pata_26471,28,0.0115,excretionRateN,ug N-NH4+ h^-1,Calanopia elliptica,Hessen1991,NA,Hebert2016,10.1890/15-1275.1,dryWeight,0.05,mg
Pata_26472,28,0.0138,excretionRateN,ug N-NH4+ h^-1,Calanopia elliptica,Hessen1991,NA,Hebert2016,10.1890/15-1275.1,dryWeight,0.055,mg
Pata_26473,22,0.0018,excretionRateN,ug N-NH4+ h^-1,Calanopia elliptica,Hessen1991,NA,Hebert2016,10.1890/15-1275.1,dryWeight,0.0688,mg
Pata_26474,28,0.002,excretionRateN,ug N-NH4+ h^-1,Calanopia elliptica,Hessen1991,NA,Hebert2016,10.1890/15-1275.1,dryWeight,0.0512,mg
Pata_26475,28,0.0013,excretionRateN,ug N-NH4+ h^-1,Calanopia elliptica,Hessen1991,NA,Hebert2016,10.1890/15-1275.1,dryWeight,0.0574,mg
Pata_26476,22,0.0101,excretionRateN,ug N-NH4+ h^-1,Calanopia elliptica,Hessen1991,NA,Hebert2016,10.1890/15-1275.1,dryWeight,0.0907,mg
Pata_26477,28,0.0026,excretionRateN,ug N-NH4+ h^-1,Calanopia elliptica,Hessen1991,NA,Hebert2016,10.1890/15-1275.1,dryWeight,0.0663,mg
Pata_26478,22,0.0012,excretionRateN,ug N-NH4+ h^-1,Calanopia elliptica,Hessen1991,NA,Hebert2016,10.1890/15-1275.1,dryWeight,0.0604,mg
Pata_26479,22,0.0041,excretionRateN,ug N-NH4+ h^-1,Calanopia elliptica,Hessen1991,NA,Hebert2016,10.1890/15-1275.1,dryWeight,0.0822,mg
Pata_26480,22,0.0042,excretionRateN,ug N-NH4+ h^-1,Calanopia elliptica,Hessen1991,NA,Hebert2016,10.1890/15-1275.1,dryWeight,0.0895,mg
Pata_26481,22,0.0023,excretionRateN,ug N-NH4+ h^-1,Calanopia elliptica,Hessen1991,NA,Hebert2016,10.1890/15-1275.1,dryWeight,0.0746,mg
Pata_26482,0.1,0.011,excretionRateN,ug N-NH4+ h^-1,Calanus finmarchicus,Walve1999,NA,Hebert2016,10.1890/15-1275.1,dryWeight,0.274,mg
Pata_26483,5,0.03221541,excretionRateN,ug N-NH4+ h^-1,Calanus finmarchicus,Gorsky1988b,NA,Hebert2016,10.1890/15-1275.1,dryWeight,0.136,mg
Pata_26484,0.1,0.015,excretionRateN,ug N-NH4+ h^-1,Calanus finmarchicus,Walve1999,NA,Hebert2016,10.1890/15-1275.1,dryWeight,0.435,mg
Pata_26485,0.1,0.013,excretionRateN,ug N-NH4+ h^-1,Calanus finmarchicus,Walve1999,NA,Hebert2016,10.1890/15-1275.1,dryWeight,0.423,mg
Pata_26486,0.1,0.016,excretionRateN,ug N-NH4+ h^-1,Calanus finmarchicus,Walve1999,NA,Hebert2016,10.1890/15-1275.1,dryWeight,0.4,mg
Pata_26487,0.1,0.012,excretionRateN,ug N-NH4+ h^-1,Calanus finmarchicus,Walve1999,NA,Hebert2016,10.1890/15-1275.1,dryWeight,0.411,mg
Pata_26488,3.5,0.028,excretionRateN,ug N-NH4+ h^-1,Calanus glacialis,Walve1999,NA,Hebert2016,10.1890/15-1275.1,dryWeight,0.395,mg
Pata_26489,-0.5,0.037,excretionRateN,ug N-NH4+ h^-1,Calanus glacialis,Walve1999,NA,Hebert2016,10.1890/15-1275.1,dryWeight,0.594,mg
Pata_26490,5,0.03781809,excretionRateN,ug N-NH4+ h^-1,Calanus glacialis,Ikeda1981,NA,Hebert2016,10.1890/15-1275.1,dryWeight,0.25,mg
Pata_26491,-0.5,0.04,excretionRateN,ug N-NH4+ h^-1,Calanus glacialis,Walve1999,NA,Hebert2016,10.1890/15-1275.1,dryWeight,0.599,mg
Pata_26492,3.5,0.026,excretionRateN,ug N-NH4+ h^-1,Calanus glacialis,Walve1999,NA,Hebert2016,10.1890/15-1275.1,dryWeight,0.454,mg
Pata_26493,3.5,0.029,excretionRateN,ug N-NH4+ h^-1,Calanus glacialis,Walve1999,NA,Hebert2016,10.1890/15-1275.1,dryWeight,0.43,mg
Pata_26494,3.5,0.024,excretionRateN,ug N-NH4+ h^-1,Calanus glacialis,Walve1999,NA,Hebert2016,10.1890/15-1275.1,dryWeight,0.366,mg
Pata_26495,3.5,0.025,excretionRateN,ug N-NH4+ h^-1,Calanus glacialis,Walve1999,NA,Hebert2016,10.1890/15-1275.1,dryWeight,0.454,mg
Pata_26496,3.5,0.021,excretionRateN,ug N-NH4+ h^-1,Calanus glacialis,Walve1999,NA,Hebert2016,10.1890/15-1275.1,dryWeight,0.344,mg
Pata_26497,3.5,0.027,excretionRateN,ug N-NH4+ h^-1,Calanus glacialis,Walve1999,NA,Hebert2016,10.1890/15-1275.1,dryWeight,0.426,mg
Pata_26498,-0.5,0.042,excretionRateN,ug N-NH4+ h^-1,Calanus glacialis,Walve1999,NA,Hebert2016,10.1890/15-1275.1,dryWeight,0.674,mg
Pata_26499,1.8,0.049,excretionRateN,ug N-NH4+ h^-1,Calanus hyperboreus,Walve1999,NA,Hebert2016,10.1890/15-1275.1,dryWeight,5.37,mg
Pata_26500,1.8,0.058,excretionRateN,ug N-NH4+ h^-1,Calanus hyperboreus,Walve1999,NA,Hebert2016,10.1890/15-1275.1,dryWeight,3.4,mg
Pata_26501,1.8,0.048,excretionRateN,ug N-NH4+ h^-1,Calanus hyperboreus,Walve1999,NA,Hebert2016,10.1890/15-1275.1,dryWeight,2.72,mg
Pata_26502,-0.4,0.041,excretionRateN,ug N-NH4+ h^-1,Calanus hyperboreus,Walve1999,NA,Hebert2016,10.1890/15-1275.1,dryWeight,4.31,mg
Pata_26503,-0.1,0.064,excretionRateN,ug N-NH4+ h^-1,Calanus hyperboreus,Walve1999,NA,Hebert2016,10.1890/15-1275.1,dryWeight,3.09,mg
Pata_26504,-0.1,0.035,excretionRateN,ug N-NH4+ h^-1,Calanus hyperboreus,Walve1999,NA,Hebert2016,10.1890/15-1275.1,dryWeight,2.7,mg
Pata_26505,1.8,0.037,excretionRateN,ug N-NH4+ h^-1,Calanus hyperboreus,Walve1999,NA,Hebert2016,10.1890/15-1275.1,dryWeight,2.19,mg
Pata_26506,1.8,0.067,excretionRateN,ug N-NH4+ h^-1,Calanus hyperboreus,Walve1999,NA,Hebert2016,10.1890/15-1275.1,dryWeight,2.1,mg
Pata_26507,1.8,0.083,excretionRateN,ug N-NH4+ h^-1,Calanus hyperboreus,Walve1999,NA,Hebert2016,10.1890/15-1275.1,dryWeight,1.63,mg
Pata_26508,1.8,0.044,excretionRateN,ug N-NH4+ h^-1,Calanus hyperboreus,Walve1999,NA,Hebert2016,10.1890/15-1275.1,dryWeight,1.34,mg
Pata_26509,1.8,0.051,excretionRateN,ug N-NH4+ h^-1,Calanus hyperboreus,Walve1999,NA,Hebert2016,10.1890/15-1275.1,dryWeight,1.32,mg
Pata_26510,-0.1,0.051,excretionRateN,ug N-NH4+ h^-1,Calanus hyperboreus,Walve1999,NA,Hebert2016,10.1890/15-1275.1,dryWeight,2.15,mg
Pata_26511,-0.1,0.036,excretionRateN,ug N-NH4+ h^-1,Calanus hyperboreus,Walve1999,NA,Hebert2016,10.1890/15-1275.1,dryWeight,1.66,mg
Pata_26512,-0.1,0.037,excretionRateN,ug N-NH4+ h^-1,Calanus hyperboreus,Walve1999,NA,Hebert2016,10.1890/15-1275.1,dryWeight,1.19,mg
Pata_26513,10,0.0700335,excretionRateN,ug N-NH4+ h^-1,Neocalanus plumchrus,Libourel1987,NA,Hebert2016,10.1890/15-1275.1,dryWeight,1.3,mg
Pata_26514,-1.2,0.036,excretionRateN,ug N-NH4+ h^-1,Calanus propinquus,Walve1999,NA,Hebert2016,10.1890/15-1275.1,dryWeight,0.792,mg
Pata_26515,-1,0.106,excretionRateN,ug N-NH4+ h^-1,Calanus propinquus,Whittaker1961,NA,Hebert2016,10.1890/15-1275.1,dryWeight,1.05,mg
Pata_26516,-1,0.107,excretionRateN,ug N-NH4+ h^-1,Calanus propinquus,Whittaker1961,NA,Hebert2016,10.1890/15-1275.1,dryWeight,1.05,mg
Pata_26517,-1.2,0.029,excretionRateN,ug N-NH4+ h^-1,Calanus propinquus,Walve1999,NA,Hebert2016,10.1890/15-1275.1,dryWeight,0.797,mg
Pata_26518,-1,0.108,excretionRateN,ug N-NH4+ h^-1,Calanus propinquus,Whittaker1961,NA,Hebert2016,10.1890/15-1275.1,dryWeight,1.04,mg
Pata_26519,-1,0.0796,excretionRateN,ug N-NH4+ h^-1,Calanus propinquus,Whittaker1961,NA,Hebert2016,10.1890/15-1275.1,dryWeight,0.806,mg
Pata_26520,-1,0.0749,excretionRateN,ug N-NH4+ h^-1,Calanus propinquus,Whittaker1961,NA,Hebert2016,10.1890/15-1275.1,dryWeight,0.867,mg
Pata_26521,-1,0.0829,excretionRateN,ug N-NH4+ h^-1,Calanus propinquus,Whittaker1961,NA,Hebert2016,10.1890/15-1275.1,dryWeight,0.853,mg
Pata_26522,-1,0.1008,excretionRateN,ug N-NH4+ h^-1,Calanus propinquus,Whittaker1961,NA,Hebert2016,10.1890/15-1275.1,dryWeight,0.836,mg
Pata_26523,-1,0.0981,excretionRateN,ug N-NH4+ h^-1,Calanus propinquus,Whittaker1961,NA,Hebert2016,10.1890/15-1275.1,dryWeight,0.817,mg
Pata_26524,-1,0.104,excretionRateN,ug N-NH4+ h^-1,Calanus propinquus,Whittaker1961,NA,Hebert2016,10.1890/15-1275.1,dryWeight,0.885,mg
Pata_26525,-1.2,0.033,excretionRateN,ug N-NH4+ h^-1,Calanus propinquus,Walve1999,NA,Hebert2016,10.1890/15-1275.1,dryWeight,0.86,mg
Pata_26526,-1,0.1108,excretionRateN,ug N-NH4+ h^-1,Calanus propinquus,Whittaker1961,NA,Hebert2016,10.1890/15-1275.1,dryWeight,0.867,mg
Pata_26527,-1.2,0.032,excretionRateN,ug N-NH4+ h^-1,Calanus propinquus,Walve1999,NA,Hebert2016,10.1890/15-1275.1,dryWeight,0.785,mg
Pata_26528,-1.2,0.03,excretionRateN,ug N-NH4+ h^-1,Calanus propinquus,Walve1999,NA,Hebert2016,10.1890/15-1275.1,dryWeight,0.83,mg
Pata_26529,-1.2,0.045,excretionRateN,ug N-NH4+ h^-1,Calanus propinquus,Walve1999,NA,Hebert2016,10.1890/15-1275.1,dryWeight,0.62,mg
Pata_26530,-1.2,0.035,excretionRateN,ug N-NH4+ h^-1,Calanus propinquus,Walve1999,NA,Hebert2016,10.1890/15-1275.1,dryWeight,0.761,mg
Pata_26531,-1.2,0.031,excretionRateN,ug N-NH4+ h^-1,Calanus propinquus,Walve1999,NA,Hebert2016,10.1890/15-1275.1,dryWeight,0.823,mg
Pata_26532,-1.2,0.037,excretionRateN,ug N-NH4+ h^-1,Calanus propinquus,Walve1999,NA,Hebert2016,10.1890/15-1275.1,dryWeight,0.848,mg
Pata_26533,-1.2,0.038,excretionRateN,ug N-NH4+ h^-1,Calanus propinquus,Walve1999,NA,Hebert2016,10.1890/15-1275.1,dryWeight,0.868,mg
Pata_26534,-1.2,0.041,excretionRateN,ug N-NH4+ h^-1,Calanus propinquus,Walve1999,NA,Hebert2016,10.1890/15-1275.1,dryWeight,0.862,mg
Pata_26535,-1,0.127,excretionRateN,ug N-NH4+ h^-1,Calanus propinquus,Whittaker1961,NA,Hebert2016,10.1890/15-1275.1,dryWeight,1.03,mg
Pata_26536,-1,0.078,excretionRateN,ug N-NH4+ h^-1,Calanus propinquus,Whittaker1961,NA,Hebert2016,10.1890/15-1275.1,dryWeight,1.06,mg
Pata_26537,-1,0.113,excretionRateN,ug N-NH4+ h^-1,Calanus propinquus,Whittaker1961,NA,Hebert2016,10.1890/15-1275.1,dryWeight,1.01,mg
Pata_26538,-1,0.115,excretionRateN,ug N-NH4+ h^-1,Calanus propinquus,Whittaker1961,NA,Hebert2016,10.1890/15-1275.1,dryWeight,1.04,mg
Pata_26539,20,0.219,excretionRateN,ug N-NH4+ h^-1,Neocalanus robustior,Ikeda2006,NA,Hebert2016,10.1890/15-1275.1,dryWeight,0.32,mg
Pata_26540,27,0.075,excretionRateN,ug N-NH4+ h^-1,Candacia ethiopica,Hessen1990,NA,Hebert2016,10.1890/15-1275.1,dryWeight,0.103,mg
Pata_26541,28.5,0.152,excretionRateN,ug N-NH4+ h^-1,Candacia pachydactyla,Ikeda2006,NA,Hebert2016,10.1890/15-1275.1,dryWeight,0.18,mg
Pata_26542,17.3,0.01,excretionRateN,ug N-NH4+ h^-1,Centropages brachiatus,Hessen1990,NA,Hebert2016,10.1890/15-1275.1,dryWeight,0.0203,mg
Pata_26543,17.3,0.012,excretionRateN,ug N-NH4+ h^-1,Centropages brachiatus,Hessen1990,NA,Hebert2016,10.1890/15-1275.1,dryWeight,0.0192,mg
Pata_26544,22,0.014,excretionRateN,ug N-NH4+ h^-1,Centropages furcatus,Hessen1991,NA,Hebert2016,10.1890/15-1275.1,dryWeight,0.1625,mg
Pata_26545,20,0.096,excretionRateN,ug N-NH4+ h^-1,Chirundina streetsii,Ikeda2006,NA,Hebert2016,10.1890/15-1275.1,dryWeight,0.83,mg
Pata_26546,22,4e-4,excretionRateN,ug N-NH4+ h^-1,Corycaeus,Hessen1991,NA,Hebert2016,10.1890/15-1275.1,dryWeight,0.0345,mg
Pata_26547,22,0.0017,excretionRateN,ug N-NH4+ h^-1,Corycaeus,Hessen1991,NA,Hebert2016,10.1890/15-1275.1,dryWeight,0.0187,mg
Pata_26548,22,0.0013,excretionRateN,ug N-NH4+ h^-1,Corycaeus,Hessen1991,NA,Hebert2016,10.1890/15-1275.1,dryWeight,0.0354,mg
Pata_26549,26.7,0.091,excretionRateN,ug N-NH4+ h^-1,Pareucalanus attenuatus,Hessen1990,NA,Hebert2016,10.1890/15-1275.1,dryWeight,0.0885,mg
Pata_26550,27.8,0.054,excretionRateN,ug N-NH4+ h^-1,Pareucalanus attenuatus,Hessen1990,NA,Hebert2016,10.1890/15-1275.1,dryWeight,0.129,mg
Pata_26551,27.8,0.049,excretionRateN,ug N-NH4+ h^-1,Pareucalanus attenuatus,Hessen1990,NA,Hebert2016,10.1890/15-1275.1,dryWeight,0.131,mg
Pata_26552,27.4,0.086,excretionRateN,ug N-NH4+ h^-1,Pareucalanus attenuatus,Hessen1990,NA,Hebert2016,10.1890/15-1275.1,dryWeight,0.201,mg
Pata_26553,28.5,0.307,excretionRateN,ug N-NH4+ h^-1,Pareucalanus attenuatus,Ikeda2006,NA,Hebert2016,10.1890/15-1275.1,dryWeight,0.29,mg
Pata_26554,6,0.041,excretionRateN,ug N-NH4+ h^-1,Eucalanus bungii,Hessen1990,NA,Hebert2016,10.1890/15-1275.1,dryWeight,1.01,mg
Pata_26555,6,0.074,excretionRateN,ug N-NH4+ h^-1,Eucalanus bungii,Hessen1990,NA,Hebert2016,10.1890/15-1275.1,dryWeight,1.01,mg
Pata_26556,4,0.22690854,excretionRateN,ug N-NH4+ h^-1,Eucalanus bungii,Gorsky1988a,NA,Hebert2016,10.1890/15-1275.1,dryWeight,1.09,mg
Pata_26557,22,0.0036,excretionRateN,ug N-NH4+ h^-1,Subeucalanus subcrassus,Hessen1991,NA,Hebert2016,10.1890/15-1275.1,dryWeight,0.1154,mg
Pata_26558,22,0.0055,excretionRateN,ug N-NH4+ h^-1,Subeucalanus subcrassus,Hessen1991,NA,Hebert2016,10.1890/15-1275.1,dryWeight,0.0817,mg
Pata_26559,22,0.0016,excretionRateN,ug N-NH4+ h^-1,Subeucalanus subcrassus,Hessen1991,NA,Hebert2016,10.1890/15-1275.1,dryWeight,0.0737,mg
Pata_26560,22,0.0029,excretionRateN,ug N-NH4+ h^-1,Subeucalanus subcrassus,Hessen1991,NA,Hebert2016,10.1890/15-1275.1,dryWeight,0.1138,mg
Pata_26561,22,0.0053,excretionRateN,ug N-NH4+ h^-1,Subeucalanus subcrassus,Hessen1991,NA,Hebert2016,10.1890/15-1275.1,dryWeight,0.0988,mg
Pata_26562,22,0.0011,excretionRateN,ug N-NH4+ h^-1,Subeucalanus subcrassus,Hessen1991,NA,Hebert2016,10.1890/15-1275.1,dryWeight,0.061,mg
Pata_26563,22,0.0019,excretionRateN,ug N-NH4+ h^-1,Subeucalanus subcrassus,Hessen1991,NA,Hebert2016,10.1890/15-1275.1,dryWeight,0.0874,mg
Pata_26564,22,0.0058,excretionRateN,ug N-NH4+ h^-1,Subeucalanus subcrassus,Hessen1991,NA,Hebert2016,10.1890/15-1275.1,dryWeight,0.0866,mg
Pata_26565,22,0.0042,excretionRateN,ug N-NH4+ h^-1,Subeucalanus subcrassus,Hessen1991,NA,Hebert2016,10.1890/15-1275.1,dryWeight,0.1005,mg
Pata_26566,22,0.0075,excretionRateN,ug N-NH4+ h^-1,Subeucalanus subcrassus,Hessen1991,NA,Hebert2016,10.1890/15-1275.1,dryWeight,0.1298,mg
Pata_26567,22,0.0052,excretionRateN,ug N-NH4+ h^-1,Subeucalanus subcrassus,Hessen1991,NA,Hebert2016,10.1890/15-1275.1,dryWeight,0.103,mg
Pata_26568,22,0.0127,excretionRateN,ug N-NH4+ h^-1,Subeucalanus subcrassus,Hessen1991,NA,Hebert2016,10.1890/15-1275.1,dryWeight,0.1242,mg
Pata_26569,22,0.0045,excretionRateN,ug N-NH4+ h^-1,Subeucalanus subcrassus,Hessen1991,NA,Hebert2016,10.1890/15-1275.1,dryWeight,0.1,mg
Pata_26570,22,0.0063,excretionRateN,ug N-NH4+ h^-1,Subeucalanus subcrassus,Hessen1991,NA,Hebert2016,10.1890/15-1275.1,dryWeight,0.0858,mg
Pata_26571,22,0.0035,excretionRateN,ug N-NH4+ h^-1,Subeucalanus subcrassus,Hessen1991,NA,Hebert2016,10.1890/15-1275.1,dryWeight,0.1202,mg
Pata_26572,22,0.0025,excretionRateN,ug N-NH4+ h^-1,Subeucalanus subcrassus,Hessen1991,NA,Hebert2016,10.1890/15-1275.1,dryWeight,0.1494,mg
Pata_26573,24,0.0132,excretionRateN,ug N-NH4+ h^-1,Subeucalanus subcrassus,Hessen1991,NA,Hebert2016,10.1890/15-1275.1,dryWeight,0.1002,mg
Pata_26574,24,0.0286,excretionRateN,ug N-NH4+ h^-1,Subeucalanus subcrassus,Hessen1991,NA,Hebert2016,10.1890/15-1275.1,dryWeight,0.109,mg
Pata_26575,24,0.0225,excretionRateN,ug N-NH4+ h^-1,Subeucalanus subcrassus,Hessen1991,NA,Hebert2016,10.1890/15-1275.1,dryWeight,0.0908,mg
Pata_26576,24,0.023,excretionRateN,ug N-NH4+ h^-1,Subeucalanus subcrassus,Hessen1991,NA,Hebert2016,10.1890/15-1275.1,dryWeight,0.1007,mg
Pata_26577,24,0.014,excretionRateN,ug N-NH4+ h^-1,Subeucalanus subcrassus,Hessen1991,NA,Hebert2016,10.1890/15-1275.1,dryWeight,0.0983,mg
Pata_26578,24,0.022,excretionRateN,ug N-NH4+ h^-1,Subeucalanus subcrassus,Hessen1991,NA,Hebert2016,10.1890/15-1275.1,dryWeight,0.1064,mg
Pata_26579,22,0.0037,excretionRateN,ug N-NH4+ h^-1,Subeucalanus subcrassus,Hessen1991,NA,Hebert2016,10.1890/15-1275.1,dryWeight,0.077,mg
Pata_26580,24,0.0214,excretionRateN,ug N-NH4+ h^-1,Subeucalanus subcrassus,Hessen1991,NA,Hebert2016,10.1890/15-1275.1,dryWeight,0.1104,mg
Pata_26581,24,0.021,excretionRateN,ug N-NH4+ h^-1,Subeucalanus subcrassus,Hessen1991,NA,Hebert2016,10.1890/15-1275.1,dryWeight,0.1135,mg
Pata_26582,22,7e-4,excretionRateN,ug N-NH4+ h^-1,Subeucalanus subcrassus,Hessen1991,NA,Hebert2016,10.1890/15-1275.1,dryWeight,0.141,mg
Pata_26583,22,0.007,excretionRateN,ug N-NH4+ h^-1,Subeucalanus subcrassus,Hessen1991,NA,Hebert2016,10.1890/15-1275.1,dryWeight,0.1007,mg
Pata_26584,22,0.0018,excretionRateN,ug N-NH4+ h^-1,Subeucalanus subcrassus,Hessen1991,NA,Hebert2016,10.1890/15-1275.1,dryWeight,0.0715,mg
Pata_26585,22,0.0046,excretionRateN,ug N-NH4+ h^-1,Subeucalanus subcrassus,Hessen1991,NA,Hebert2016,10.1890/15-1275.1,dryWeight,0.1086,mg
Pata_26586,30,0.0025,excretionRateN,ug N-NH4+ h^-1,Subeucalanus subcrassus,Hessen1991,NA,Hebert2016,10.1890/15-1275.1,dryWeight,0.0752,mg
Pata_26587,22,0.0056,excretionRateN,ug N-NH4+ h^-1,Subeucalanus subcrassus,Hessen1991,NA,Hebert2016,10.1890/15-1275.1,dryWeight,0.1453,mg
Pata_26588,22,0.0082,excretionRateN,ug N-NH4+ h^-1,Subeucalanus subcrassus,Hessen1991,NA,Hebert2016,10.1890/15-1275.1,dryWeight,0.1017,mg
Pata_26589,22,0.0062,excretionRateN,ug N-NH4+ h^-1,Subeucalanus subcrassus,Hessen1991,NA,Hebert2016,10.1890/15-1275.1,dryWeight,0.0709,mg
Pata_26590,20,0.121,excretionRateN,ug N-NH4+ h^-1,Euchaeta acuta,Ikeda2006,NA,Hebert2016,10.1890/15-1275.1,dryWeight,0.51,mg
Pata_26591,27.4,0.084,excretionRateN,ug N-NH4+ h^-1,Paraeuchaeta flava,Hessen1990,NA,Hebert2016,10.1890/15-1275.1,dryWeight,0.174,mg
Pata_26592,24,0.057,excretionRateN,ug N-NH4+ h^-1,Euchaeta marina,Walve1999,NA,Hebert2016,10.1890/15-1275.1,dryWeight,0.268,mg
Pata_26593,24,0.063,excretionRateN,ug N-NH4+ h^-1,Euchaeta marina,Walve1999,NA,Hebert2016,10.1890/15-1275.1,dryWeight,0.323,mg
Pata_26594,24,0.067,excretionRateN,ug N-NH4+ h^-1,Euchaeta marina,Walve1999,NA,Hebert2016,10.1890/15-1275.1,dryWeight,0.286,mg
Pata_26595,28.5,0.131,excretionRateN,ug N-NH4+ h^-1,Euchaeta marina,Ikeda2006,NA,Hebert2016,10.1890/15-1275.1,dryWeight,0.22,mg
Pata_26596,20,0.073,excretionRateN,ug N-NH4+ h^-1,Euchaeta marina,Ikeda2006,NA,Hebert2016,10.1890/15-1275.1,dryWeight,NA,mg
Pata_26597,28.5,0.187,excretionRateN,ug N-NH4+ h^-1,Euchaeta spinosa,Ikeda2006,NA,Hebert2016,10.1890/15-1275.1,dryWeight,0.62,mg
Pata_26598,28.5,0.417,excretionRateN,ug N-NH4+ h^-1,Euchaeta spinosa,Ikeda2006,NA,Hebert2016,10.1890/15-1275.1,dryWeight,0.43,mg
Pata_26599,20,0.085,excretionRateN,ug N-NH4+ h^-1,Euchaeta spinosa,Ikeda2006,NA,Hebert2016,10.1890/15-1275.1,dryWeight,0.47,mg
Pata_26600,28.5,0.248,excretionRateN,ug N-NH4+ h^-1,Euchirella bitumida,Ikeda2006,NA,Hebert2016,10.1890/15-1275.1,dryWeight,0.82,mg
Pata_26601,28.5,0.626,excretionRateN,ug N-NH4+ h^-1,Euchirella bitumida,Ikeda2006,NA,Hebert2016,10.1890/15-1275.1,dryWeight,0.89,mg
Pata_26602,20,0.06,excretionRateN,ug N-NH4+ h^-1,Euchirella truncata,Ikeda2006,NA,Hebert2016,10.1890/15-1275.1,dryWeight,0.29,mg
Pata_26603,4,0.03081474,excretionRateN,ug N-NH4+ h^-1,Euchirella rostrata,Ikeda1981,NA,Hebert2016,10.1890/15-1275.1,dryWeight,0.909,mg
Pata_26604,28.5,0.296,excretionRateN,ug N-NH4+ h^-1,Euchirella,Ikeda2006,NA,Hebert2016,10.1890/15-1275.1,dryWeight,0.16,mg
Pata_26605,20,0.124,excretionRateN,ug N-NH4+ h^-1,Euchirella,Ikeda2006,NA,Hebert2016,10.1890/15-1275.1,dryWeight,0.41,mg
Pata_26606,5.5,0.12,excretionRateN,ug N-NH4+ h^-1,Gaussia princeps,Saito2000c,NA,Hebert2016,10.1890/15-1275.1,dryWeight,7,mg
Pata_26608,28.5,0.13,excretionRateN,ug N-NH4+ h^-1,Labidocera acuta,Hessen1990,NA,Hebert2016,10.1890/15-1275.1,dryWeight,0.223,mg
Pata_26609,28.5,0.16,excretionRateN,ug N-NH4+ h^-1,Labidocera acuta,Hessen1990,NA,Hebert2016,10.1890/15-1275.1,dryWeight,0.24,mg
Pata_26610,26.4,0.078,excretionRateN,ug N-NH4+ h^-1,Labidocera nerii,Hessen1990,NA,Hebert2016,10.1890/15-1275.1,dryWeight,0.214,mg
Pata_26611,26.4,0.2,excretionRateN,ug N-NH4+ h^-1,Labidocera nerii,Hessen1990,NA,Hebert2016,10.1890/15-1275.1,dryWeight,0.228,mg
Pata_26612,22,0.039,excretionRateN,ug N-NH4+ h^-1,Labidocera,Hessen1991,NA,Hebert2016,10.1890/15-1275.1,dryWeight,0.361,mg
Pata_26613,24,0.164,excretionRateN,ug N-NH4+ h^-1,Labidocera,Hessen1991,NA,Hebert2016,10.1890/15-1275.1,dryWeight,0.2429,mg
Pata_26614,22,0.037,excretionRateN,ug N-NH4+ h^-1,Labidocera,Hessen1991,NA,Hebert2016,10.1890/15-1275.1,dryWeight,0.282,mg
Pata_26615,24,0.174,excretionRateN,ug N-NH4+ h^-1,Labidocera,Hessen1991,NA,Hebert2016,10.1890/15-1275.1,dryWeight,0.2351,mg
Pata_26616,28.5,0.0034,excretionRateN,ug N-NH4+ h^-1,Labidocera,Hessen1991,NA,Hebert2016,10.1890/15-1275.1,dryWeight,0.035,mg
Pata_26617,28.5,0.0031,excretionRateN,ug N-NH4+ h^-1,Labidocera,Hessen1991,NA,Hebert2016,10.1890/15-1275.1,dryWeight,0.0209,mg
Pata_26618,28.5,0.0028,excretionRateN,ug N-NH4+ h^-1,Labidocera,Hessen1991,NA,Hebert2016,10.1890/15-1275.1,dryWeight,0.0312,mg
Pata_26619,28.5,0.0035,excretionRateN,ug N-NH4+ h^-1,Labidocera,Hessen1991,NA,Hebert2016,10.1890/15-1275.1,dryWeight,0.0183,mg
Pata_26620,28.5,0.0021,excretionRateN,ug N-NH4+ h^-1,Labidocera,Hessen1991,NA,Hebert2016,10.1890/15-1275.1,dryWeight,0.0247,mg
Pata_26621,22,0.001,excretionRateN,ug N-NH4+ h^-1,Labidocera,Hessen1991,NA,Hebert2016,10.1890/15-1275.1,dryWeight,0.0796,mg
Pata_26622,28.5,0.0025,excretionRateN,ug N-NH4+ h^-1,Labidocera,Hessen1991,NA,Hebert2016,10.1890/15-1275.1,dryWeight,0.024,mg
Pata_26623,28.5,0.0018,excretionRateN,ug N-NH4+ h^-1,Labidocera,Hessen1991,NA,Hebert2016,10.1890/15-1275.1,dryWeight,0.0187,mg
Pata_26624,22,0.056,excretionRateN,ug N-NH4+ h^-1,Labidocera,Hessen1991,NA,Hebert2016,10.1890/15-1275.1,dryWeight,0.325,mg
Pata_26625,28.5,0.0014,excretionRateN,ug N-NH4+ h^-1,Labidocera,Hessen1991,NA,Hebert2016,10.1890/15-1275.1,dryWeight,0.0163,mg
Pata_26626,28.5,0.0022,excretionRateN,ug N-NH4+ h^-1,Labidocera,Hessen1991,NA,Hebert2016,10.1890/15-1275.1,dryWeight,0.022,mg
Pata_26627,28.5,0.0016,excretionRateN,ug N-NH4+ h^-1,Labidocera,Hessen1991,NA,Hebert2016,10.1890/15-1275.1,dryWeight,0.014,mg
Pata_26628,22,0.064,excretionRateN,ug N-NH4+ h^-1,Labidocera,Hessen1991,NA,Hebert2016,10.1890/15-1275.1,dryWeight,0.274,mg
Pata_26629,22,0.0091,excretionRateN,ug N-NH4+ h^-1,Labidocera,Hessen1991,NA,Hebert2016,10.1890/15-1275.1,dryWeight,0.1524,mg
Pata_26630,22,0.0125,excretionRateN,ug N-NH4+ h^-1,Labidocera,Hessen1991,NA,Hebert2016,10.1890/15-1275.1,dryWeight,0.1648,mg
Pata_26631,22,6e-4,excretionRateN,ug N-NH4+ h^-1,Labidocera,Hessen1991,NA,Hebert2016,10.1890/15-1275.1,dryWeight,0.204,mg
Pata_26632,22,0.032,excretionRateN,ug N-NH4+ h^-1,Labidocera,Hessen1991,NA,Hebert2016,10.1890/15-1275.1,dryWeight,0.2469,mg
Pata_26633,24,0.148,excretionRateN,ug N-NH4+ h^-1,Labidocera,Hessen1991,NA,Hebert2016,10.1890/15-1275.1,dryWeight,0.2135,mg
Pata_26634,24,0.185,excretionRateN,ug N-NH4+ h^-1,Labidocera,Hessen1991,NA,Hebert2016,10.1890/15-1275.1,dryWeight,0.2301,mg
Pata_26635,-1.4,0.0354,excretionRateN,ug N-NH4+ h^-1,Metridia gerlachei,Whittaker1961,NA,Hebert2016,10.1890/15-1275.1,dryWeight,0.276,mg
Pata_26636,-1.4,0.0294,excretionRateN,ug N-NH4+ h^-1,Metridia gerlachei,Whittaker1961,NA,Hebert2016,10.1890/15-1275.1,dryWeight,0.259,mg
Pata_26637,-1.4,0.0308,excretionRateN,ug N-NH4+ h^-1,Metridia gerlachei,Whittaker1961,NA,Hebert2016,10.1890/15-1275.1,dryWeight,0.261,mg
Pata_26638,-1.4,0.0317,excretionRateN,ug N-NH4+ h^-1,Metridia gerlachei,Whittaker1961,NA,Hebert2016,10.1890/15-1275.1,dryWeight,0.259,mg
Pata_26639,-1.4,0.0318,excretionRateN,ug N-NH4+ h^-1,Metridia gerlachei,Whittaker1961,NA,Hebert2016,10.1890/15-1275.1,dryWeight,0.265,mg
Pata_26640,-1.4,0.0306,excretionRateN,ug N-NH4+ h^-1,Metridia gerlachei,Whittaker1961,NA,Hebert2016,10.1890/15-1275.1,dryWeight,0.297,mg
Pata_26641,-1.4,0.0296,excretionRateN,ug N-NH4+ h^-1,Metridia gerlachei,Whittaker1961,NA,Hebert2016,10.1890/15-1275.1,dryWeight,0.259,mg
Pata_26642,-1.4,0.0304,excretionRateN,ug N-NH4+ h^-1,Metridia gerlachei,Whittaker1961,NA,Hebert2016,10.1890/15-1275.1,dryWeight,0.247,mg
Pata_26643,-1,0.0194,excretionRateN,ug N-NH4+ h^-1,Metridia gerlachei,Whittaker1961,NA,Hebert2016,10.1890/15-1275.1,dryWeight,0.21,mg
Pata_26644,-1,0.0167,excretionRateN,ug N-NH4+ h^-1,Metridia gerlachei,Whittaker1961,NA,Hebert2016,10.1890/15-1275.1,dryWeight,0.212,mg
Pata_26645,-1,0.0183,excretionRateN,ug N-NH4+ h^-1,Metridia gerlachei,Whittaker1961,NA,Hebert2016,10.1890/15-1275.1,dryWeight,0.222,mg
Pata_26646,-1,0.0138,excretionRateN,ug N-NH4+ h^-1,Metridia gerlachei,Whittaker1961,NA,Hebert2016,10.1890/15-1275.1,dryWeight,0.227,mg
Pata_26647,-1,0.0182,excretionRateN,ug N-NH4+ h^-1,Metridia gerlachei,Whittaker1961,NA,Hebert2016,10.1890/15-1275.1,dryWeight,0.219,mg
Pata_26648,-1,0.0203,excretionRateN,ug N-NH4+ h^-1,Metridia gerlachei,Whittaker1961,NA,Hebert2016,10.1890/15-1275.1,dryWeight,0.216,mg
Pata_26649,-1,0.0175,excretionRateN,ug N-NH4+ h^-1,Metridia gerlachei,Whittaker1961,NA,Hebert2016,10.1890/15-1275.1,dryWeight,0.192,mg
Pata_26650,-1,0.01974,excretionRateN,ug N-NH4+ h^-1,Metridia gerlachei,Whittaker1961,NA,Hebert2016,10.1890/15-1275.1,dryWeight,0.21,mg
Pata_26651,0.1,0.024,excretionRateN,ug N-NH4+ h^-1,Metridia longa,Walve1999,NA,Hebert2016,10.1890/15-1275.1,dryWeight,0.361,mg
Pata_26652,0.1,0.022,excretionRateN,ug N-NH4+ h^-1,Metridia longa,Walve1999,NA,Hebert2016,10.1890/15-1275.1,dryWeight,0.365,mg
Pata_26653,0.1,0.021,excretionRateN,ug N-NH4+ h^-1,Metridia longa,Walve1999,NA,Hebert2016,10.1890/15-1275.1,dryWeight,0.341,mg
Pata_26654,0.1,0.025,excretionRateN,ug N-NH4+ h^-1,Metridia longa,Walve1999,NA,Hebert2016,10.1890/15-1275.1,dryWeight,0.345,mg
Pata_26655,6.9,0.0039,excretionRateN,ug N-NH4+ h^-1,Metridia pacifica,NA,NA,Hebert2016,10.1890/15-1275.1,dryWeight,0.0304,mg
Pata_26656,5,0.021,excretionRateN,ug N-NH4+ h^-1,Metridia pacifica,Hessen1990; James1991,NA,Hebert2016,10.1890/15-1275.1,dryWeight,0.171,mg
Pata_26657,9.4,0.0061,excretionRateN,ug N-NH4+ h^-1,Metridia pacifica,NA,NA,Hebert2016,10.1890/15-1275.1,dryWeight,0.16,mg
Pata_26658,9.1,0.017,excretionRateN,ug N-NH4+ h^-1,Metridia pacifica,NA,NA,Hebert2016,10.1890/15-1275.1,dryWeight,0.188,mg
Pata_26659,9.1,0.019,excretionRateN,ug N-NH4+ h^-1,Metridia pacifica,NA,NA,Hebert2016,10.1890/15-1275.1,dryWeight,0.187,mg
Pata_26660,13,0.037,excretionRateN,ug N-NH4+ h^-1,Metridia pacifica,Walve1999,NA,Hebert2016,10.1890/15-1275.1,dryWeight,0.0964,mg
Pata_26661,13,0.017,excretionRateN,ug N-NH4+ h^-1,Metridia pacifica,Walve1999,NA,Hebert2016,10.1890/15-1275.1,dryWeight,0.0968,mg
Pata_26662,13,0.031,excretionRateN,ug N-NH4+ h^-1,Metridia pacifica,Walve1999,NA,Hebert2016,10.1890/15-1275.1,dryWeight,0.0982,mg
Pata_26663,13,0.013,excretionRateN,ug N-NH4+ h^-1,Metridia pacifica,Walve1999,NA,Hebert2016,10.1890/15-1275.1,dryWeight,0.0905,mg
Pata_26664,13,0.025,excretionRateN,ug N-NH4+ h^-1,Metridia pacifica,Walve1999,NA,Hebert2016,10.1890/15-1275.1,dryWeight,0.0848,mg
Pata_26665,26.9,0.02,excretionRateN,ug N-NH4+ h^-1,Nannocalanus minor,Hessen1990,NA,Hebert2016,10.1890/15-1275.1,dryWeight,0.0381,mg
Pata_26666,26.9,0.023,excretionRateN,ug N-NH4+ h^-1,Nannocalanus minor,Hessen1990,NA,Hebert2016,10.1890/15-1275.1,dryWeight,0.0412,mg
Pata_26667,26.9,0.019,excretionRateN,ug N-NH4+ h^-1,Nannocalanus minor,Hessen1990,NA,Hebert2016,10.1890/15-1275.1,dryWeight,0.0409,mg
Pata_26668,19.7,0.094,excretionRateN,ug N-NH4+ h^-1,Neocalanus gracilis,Hessen1990,NA,Hebert2016,10.1890/15-1275.1,dryWeight,0.5,mg
Pata_26669,19.7,0.11,excretionRateN,ug N-NH4+ h^-1,Neocalanus gracilis,Hessen1990,NA,Hebert2016,10.1890/15-1275.1,dryWeight,0.5,mg
Pata_26670,27.8,0.1,excretionRateN,ug N-NH4+ h^-1,Neocalanus gracilis,Hessen1990,NA,Hebert2016,10.1890/15-1275.1,dryWeight,0.195,mg
Pata_26671,14.2,0.057,excretionRateN,ug N-NH4+ h^-1,Neocalanus plumchrus,Hessen1990,NA,Hebert2016,10.1890/15-1275.1,dryWeight,0.314,mg
Pata_26672,14.2,0.035,excretionRateN,ug N-NH4+ h^-1,Neocalanus plumchrus,Hessen1990,NA,Hebert2016,10.1890/15-1275.1,dryWeight,0.328,mg
Pata_26673,15.9,0.074,excretionRateN,ug N-NH4+ h^-1,Neocalanus plumchrus,Hessen1990,NA,Hebert2016,10.1890/15-1275.1,dryWeight,0.258,mg
Pata_26674,15.9,0.099,excretionRateN,ug N-NH4+ h^-1,Neocalanus plumchrus,Hessen1990,NA,Hebert2016,10.1890/15-1275.1,dryWeight,0.276,mg
Pata_26675,26.7,0.037,excretionRateN,ug N-NH4+ h^-1,Neocalanus robustior,Hessen1990,NA,Hebert2016,10.1890/15-1275.1,dryWeight,0.217,mg
Pata_26676,20,0.017,excretionRateN,ug N-NH4+ h^-1,Oncaea venusta,Ikeda2006,NA,Hebert2016,10.1890/15-1275.1,dryWeight,0.02,mg
Pata_26677,22,0.0024,excretionRateN,ug N-NH4+ h^-1,Paracalanus parvus parvus,Hessen1991,NA,Hebert2016,10.1890/15-1275.1,dryWeight,0.044,mg
Pata_26678,22,0.0028,excretionRateN,ug N-NH4+ h^-1,Paracalanus parvus parvus,Hessen1991,NA,Hebert2016,10.1890/15-1275.1,dryWeight,0.0416,mg
Pata_26679,22,0.0025,excretionRateN,ug N-NH4+ h^-1,Paracalanus parvus parvus,Hessen1991,NA,Hebert2016,10.1890/15-1275.1,dryWeight,0.0316,mg
Pata_26680,22,0.0035,excretionRateN,ug N-NH4+ h^-1,Paracalanus parvus parvus,Hessen1991,NA,Hebert2016,10.1890/15-1275.1,dryWeight,0.0364,mg
Pata_26681,22,0.0039,excretionRateN,ug N-NH4+ h^-1,Paracalanus parvus parvus,Hessen1991,NA,Hebert2016,10.1890/15-1275.1,dryWeight,0.0337,mg
Pata_26682,22,0.0014,excretionRateN,ug N-NH4+ h^-1,Paracalanus parvus parvus,Hessen1991,NA,Hebert2016,10.1890/15-1275.1,dryWeight,0.0354,mg
Pata_26683,22,0.0011,excretionRateN,ug N-NH4+ h^-1,Paracalanus parvus parvus,Hessen1991,NA,Hebert2016,10.1890/15-1275.1,dryWeight,0.0333,mg
Pata_26684,22,0.002,excretionRateN,ug N-NH4+ h^-1,Paracalanus parvus parvus,Hessen1991,NA,Hebert2016,10.1890/15-1275.1,dryWeight,0.0337,mg
Pata_26685,22,0.0037,excretionRateN,ug N-NH4+ h^-1,Paracalanus parvus parvus,Hessen1991,NA,Hebert2016,10.1890/15-1275.1,dryWeight,0.0392,mg
Pata_26686,22,0.001,excretionRateN,ug N-NH4+ h^-1,Paracalanus parvus parvus,Hessen1991,NA,Hebert2016,10.1890/15-1275.1,dryWeight,0.0355,mg
Pata_26687,22,0.0017,excretionRateN,ug N-NH4+ h^-1,Paracalanus parvus parvus,Hessen1991,NA,Hebert2016,10.1890/15-1275.1,dryWeight,0.0345,mg
Pata_26688,20,0.172,excretionRateN,ug N-NH4+ h^-1,Pleuromamma abdominalis abdominalis,Ikeda2006,NA,Hebert2016,10.1890/15-1275.1,dryWeight,0.35,mg
Pata_26689,27.8,0.03,excretionRateN,ug N-NH4+ h^-1,Pleuromamma robusta robusta,Hessen1990,NA,Hebert2016,10.1890/15-1275.1,dryWeight,0.0494,mg
Pata_26690,4,0.06162948,excretionRateN,ug N-NH4+ h^-1,Pleuromamma robusta robusta,Ikeda1981,NA,Hebert2016,10.1890/15-1275.1,dryWeight,0.362,mg
Pata_26691,23.5,0.2,excretionRateN,ug N-NH4+ h^-1,Pleuromamma xiphias,Lee1971,NA,Hebert2016,10.1890/15-1275.1,dryWeight,0.55,mg
Pata_26692,28.5,0.523,excretionRateN,ug N-NH4+ h^-1,Pleuromamma xiphias,Ikeda2006,NA,Hebert2016,10.1890/15-1275.1,dryWeight,0.2,mg
Pata_26693,28.5,0.69,excretionRateN,ug N-NH4+ h^-1,Pontella atlantica,Ikeda2006,NA,Hebert2016,10.1890/15-1275.1,dryWeight,2.72,mg
Pata_26694,26.4,0.19,excretionRateN,ug N-NH4+ h^-1,Pontella danae,Hessen1990,NA,Hebert2016,10.1890/15-1275.1,dryWeight,0.818,mg
Pata_26695,28.5,0.159,excretionRateN,ug N-NH4+ h^-1,Pontella fera,Ikeda2006,NA,Hebert2016,10.1890/15-1275.1,dryWeight,0.15,mg
Pata_26696,20,0.056,excretionRateN,ug N-NH4+ h^-1,Pontella fera,Ikeda2006,NA,Hebert2016,10.1890/15-1275.1,dryWeight,NA,mg
Pata_26697,28.5,0.347,excretionRateN,ug N-NH4+ h^-1,Pontella,Ikeda2006,NA,Hebert2016,10.1890/15-1275.1,dryWeight,0.0312,mg
Pata_26698,28.5,0.462,excretionRateN,ug N-NH4+ h^-1,Pontella,Ikeda2006,NA,Hebert2016,10.1890/15-1275.1,dryWeight,0.53,mg
Pata_26699,6.8,0.0025,excretionRateN,ug N-NH4+ h^-1,Pseudocalanus elongatus,Hessen1990,NA,Hebert2016,10.1890/15-1275.1,dryWeight,0.0135,mg
Pata_26700,6.8,0.0029,excretionRateN,ug N-NH4+ h^-1,Pseudocalanus elongatus,Hessen1990,NA,Hebert2016,10.1890/15-1275.1,dryWeight,0.0133,mg
Pata_26701,12.2,0.0014,excretionRateN,ug N-NH4+ h^-1,Pseudocalanus elongatus,Hessen1990,NA,Hebert2016,10.1890/15-1275.1,dryWeight,0.0081,mg
Pata_26702,-1.7,0.12,excretionRateN,ug N-NH4+ h^-1,Rhincalanus gigas,Wen1996,NA,Hebert2016,10.1890/15-1275.1,dryWeight,1.25,mg
Pata_26703,-1.7,0.184,excretionRateN,ug N-NH4+ h^-1,Rhincalanus gigas,Wen1996,NA,Hebert2016,10.1890/15-1275.1,dryWeight,0.9,mg
Pata_26704,-1.7,0.035,excretionRateN,ug N-NH4+ h^-1,Rhincalanus gigas,Wen1996,NA,Hebert2016,10.1890/15-1275.1,dryWeight,1.09,mg
Pata_26705,4,0.01680804,excretionRateN,ug N-NH4+ h^-1,Rhincalanus nasutus,Ikeda1981,NA,Hebert2016,10.1890/15-1275.1,dryWeight,0.1,mg
Pata_26706,28.5,0.099,excretionRateN,ug N-NH4+ h^-1,Scolecithrix bradyi,Ikeda2006,NA,Hebert2016,10.1890/15-1275.1,dryWeight,0.13,mg
Pata_26707,20,0.054,excretionRateN,ug N-NH4+ h^-1,Scolecithrix bradyi,Ikeda2006,NA,Hebert2016,10.1890/15-1275.1,dryWeight,NA,mg
Pata_26708,28.5,0.02,excretionRateN,ug N-NH4+ h^-1,Temora discaudata,Ikeda2006,NA,Hebert2016,10.1890/15-1275.1,dryWeight,0.034,mg
Pata_26709,20,0.01,excretionRateN,ug N-NH4+ h^-1,Temora discaudata,Ikeda2006,NA,Hebert2016,10.1890/15-1275.1,dryWeight,NA,mg
Pata_26710,22,1e-4,excretionRateN,ug N-NH4+ h^-1,Temora turbinata,Hessen1991,NA,Hebert2016,10.1890/15-1275.1,dryWeight,0.0161,mg
Pata_26711,22,7e-4,excretionRateN,ug N-NH4+ h^-1,Temora turbinata,Hessen1991,NA,Hebert2016,10.1890/15-1275.1,dryWeight,0.0138,mg
Pata_26712,22,6e-4,excretionRateN,ug N-NH4+ h^-1,Temora turbinata,Hessen1991,NA,Hebert2016,10.1890/15-1275.1,dryWeight,0.013,mg
Pata_26713,22,3e-4,excretionRateN,ug N-NH4+ h^-1,Temora turbinata,Hessen1991,NA,Hebert2016,10.1890/15-1275.1,dryWeight,0.0162,mg
Pata_26714,22,0.0016,excretionRateN,ug N-NH4+ h^-1,Temora turbinata,Hessen1991,NA,Hebert2016,10.1890/15-1275.1,dryWeight,0.0107,mg
Pata_26715,22,8e-4,excretionRateN,ug N-NH4+ h^-1,Temora turbinata,Hessen1991,NA,Hebert2016,10.1890/15-1275.1,dryWeight,0.016,mg
Pata_26716,22,0.0011,excretionRateN,ug N-NH4+ h^-1,Temora turbinata,Hessen1991,NA,Hebert2016,10.1890/15-1275.1,dryWeight,0.0212,mg
Pata_26717,7,0.0053,excretionRateN,ug N-NH4+ h^-1,Tortanus (Boreotortanus) discaudatus,Hessen1990,NA,Hebert2016,10.1890/15-1275.1,dryWeight,0.0449,mg
Pata_26718,7,0.01,excretionRateN,ug N-NH4+ h^-1,Tortanus (Boreotortanus) discaudatus,Hessen1990,NA,Hebert2016,10.1890/15-1275.1,dryWeight,0.0689,mg
Pata_26719,24,0.001,excretionRateN,ug N-NH4+ h^-1,Tortanus (Tortanus) gracilis,Hessen1991,NA,Hebert2016,10.1890/15-1275.1,dryWeight,0.0181,mg
Pata_26720,22,0.0011,excretionRateN,ug N-NH4+ h^-1,Tortanus (Tortanus) gracilis,Hessen1991,NA,Hebert2016,10.1890/15-1275.1,dryWeight,0.0185,mg
Pata_26721,22,0.0015,excretionRateN,ug N-NH4+ h^-1,Tortanus (Tortanus) gracilis,Hessen1991,NA,Hebert2016,10.1890/15-1275.1,dryWeight,0.024,mg
Pata_26722,22,4e-4,excretionRateN,ug N-NH4+ h^-1,Tortanus (Tortanus) gracilis,Hessen1991,NA,Hebert2016,10.1890/15-1275.1,dryWeight,0.0398,mg
Pata_26723,26,0.00812,excretionRateN,ug N-NH4+ h^-1,Tortanus (Tortanus) gracilis,Hessen1991,NA,Hebert2016,10.1890/15-1275.1,dryWeight,0.0199,mg
Pata_26724,22,0.0081,excretionRateN,ug N-NH4+ h^-1,Tortanus (Tortanus) gracilis,Hessen1991,NA,Hebert2016,10.1890/15-1275.1,dryWeight,0.0417,mg
Pata_26725,22,0.0023,excretionRateN,ug N-NH4+ h^-1,Tortanus (Tortanus) gracilis,Hessen1991,NA,Hebert2016,10.1890/15-1275.1,dryWeight,0.0354,mg
Pata_26726,22,0.0016,excretionRateN,ug N-NH4+ h^-1,Tortanus (Tortanus) gracilis,Hessen1991,NA,Hebert2016,10.1890/15-1275.1,dryWeight,0.0366,mg
Pata_26727,22,6e-4,excretionRateN,ug N-NH4+ h^-1,Tortanus (Tortanus) gracilis,Hessen1991,NA,Hebert2016,10.1890/15-1275.1,dryWeight,0.0189,mg
Pata_26728,22,0.0043,excretionRateN,ug N-NH4+ h^-1,Tortanus (Tortanus) gracilis,Hessen1991,NA,Hebert2016,10.1890/15-1275.1,dryWeight,0.0166,mg
Pata_26729,22,0.0013,excretionRateN,ug N-NH4+ h^-1,Tortanus (Tortanus) gracilis,Hessen1991,NA,Hebert2016,10.1890/15-1275.1,dryWeight,0.0407,mg
Pata_26730,26,0.0105,excretionRateN,ug N-NH4+ h^-1,Tortanus (Tortanus) gracilis,Hessen1991,NA,Hebert2016,10.1890/15-1275.1,dryWeight,0.0248,mg
Pata_26731,24,0.0021,excretionRateN,ug N-NH4+ h^-1,Tortanus (Tortanus) gracilis,Hessen1991,NA,Hebert2016,10.1890/15-1275.1,dryWeight,0.0371,mg
Pata_26732,24,0.0016,excretionRateN,ug N-NH4+ h^-1,Tortanus (Tortanus) gracilis,Hessen1991,NA,Hebert2016,10.1890/15-1275.1,dryWeight,0.0318,mg
Pata_26733,24,0.0026,excretionRateN,ug N-NH4+ h^-1,Tortanus (Tortanus) gracilis,Hessen1991,NA,Hebert2016,10.1890/15-1275.1,dryWeight,0.0308,mg
Pata_26734,26,0.00686,excretionRateN,ug N-NH4+ h^-1,Tortanus (Tortanus) gracilis,Hessen1991,NA,Hebert2016,10.1890/15-1275.1,dryWeight,0.022,mg
Pata_26735,26,0.0148,excretionRateN,ug N-NH4+ h^-1,Tortanus (Tortanus) gracilis,Hessen1991,NA,Hebert2016,10.1890/15-1275.1,dryWeight,0.0273,mg
Pata_26736,20,0.14,excretionRateN,ug N-NH4+ h^-1,Undeuchaeta intermedia,Ikeda2006,NA,Hebert2016,10.1890/15-1275.1,dryWeight,0.67,mg
Pata_26737,20,0.129,excretionRateN,ug N-NH4+ h^-1,Undeuchaeta major,Ikeda2006,NA,Hebert2016,10.1890/15-1275.1,dryWeight,0.62,mg
Pata_26738,27.8,0.038,excretionRateN,ug N-NH4+ h^-1,Cosmocalanus darwinii darwinii,Hessen1990,NA,Hebert2016,10.1890/15-1275.1,dryWeight,0.0517,mg
Pata_26739,28.5,0.137,excretionRateN,ug N-NH4+ h^-1,Cosmocalanus darwinii darwinii,Ikeda2006,NA,Hebert2016,10.1890/15-1275.1,dryWeight,0.15,mg
Pata_26740,20,0.052,excretionRateN,ug N-NH4+ h^-1,Cosmocalanus darwinii darwinii,Ikeda2006,NA,Hebert2016,10.1890/15-1275.1,dryWeight,NA,mg
Pata_26741,27.8,0.104,excretionRateN,ug N-NH4+ h^-1,Undinula vulgaris,Hessen1990,NA,Hebert2016,10.1890/15-1275.1,dryWeight,0.166,mg
Pata_26742,27.8,0.143,excretionRateN,ug N-NH4+ h^-1,Undinula vulgaris,Hessen1990,NA,Hebert2016,10.1890/15-1275.1,dryWeight,0.188,mg
Pata_26743,28.5,0.15,excretionRateN,ug N-NH4+ h^-1,Undinula vulgaris,Hessen1990,NA,Hebert2016,10.1890/15-1275.1,dryWeight,0.183,mg
Pata_26744,28.5,0.131,excretionRateN,ug N-NH4+ h^-1,Undinula vulgaris,Hessen1990,NA,Hebert2016,10.1890/15-1275.1,dryWeight,0.176,mg
Pata_26745,28.5,0.145,excretionRateN,ug N-NH4+ h^-1,Undinula vulgaris,Hessen1990,NA,Hebert2016,10.1890/15-1275.1,dryWeight,0.192,mg
Pata_26746,27.4,0.14,excretionRateN,ug N-NH4+ h^-1,Undinula vulgaris,Hessen1990,NA,Hebert2016,10.1890/15-1275.1,dryWeight,0.164,mg
Pata_26747,27,0.1,excretionRateN,ug N-NH4+ h^-1,Undinula vulgaris,Hessen1990,NA,Hebert2016,10.1890/15-1275.1,dryWeight,0.142,mg
Pata_26748,26.4,0.076,excretionRateN,ug N-NH4+ h^-1,Undinula vulgaris,Hessen1990,NA,Hebert2016,10.1890/15-1275.1,dryWeight,0.143,mg
Pata_26749,26.4,0.072,excretionRateN,ug N-NH4+ h^-1,Undinula vulgaris,Hessen1990,NA,Hebert2016,10.1890/15-1275.1,dryWeight,0.152,mg
Pata_26750,24,0.069,excretionRateN,ug N-NH4+ h^-1,Undinula vulgaris,Walve1999,NA,Hebert2016,10.1890/15-1275.1,dryWeight,0.191,mg
Pata_26751,24,0.062,excretionRateN,ug N-NH4+ h^-1,Undinula vulgaris,Walve1999,NA,Hebert2016,10.1890/15-1275.1,dryWeight,0.195,mg
Pata_26752,24,0.079,excretionRateN,ug N-NH4+ h^-1,Undinula vulgaris,Walve1999,NA,Hebert2016,10.1890/15-1275.1,dryWeight,0.198,mg
Pata_26753,24,0.08,excretionRateN,ug N-NH4+ h^-1,Undinula vulgaris,Walve1999,NA,Hebert2016,10.1890/15-1275.1,dryWeight,0.189,mg
Pata_26754,24,0.065,excretionRateN,ug N-NH4+ h^-1,Undinula vulgaris,Walve1999,NA,Hebert2016,10.1890/15-1275.1,dryWeight,0.167,mg
Pata_26755,24,0.054,excretionRateN,ug N-NH4+ h^-1,Undinula vulgaris,Walve1999,NA,Hebert2016,10.1890/15-1275.1,dryWeight,0.187,mg
Pata_26756,22,0.095,excretionRateN,ug N-NH4+ h^-1,Undinula vulgaris,Walve1999,NA,Hebert2016,10.1890/15-1275.1,dryWeight,0.177,mg
Pata_26757,22,0.087,excretionRateN,ug N-NH4+ h^-1,Undinula vulgaris,Walve1999,NA,Hebert2016,10.1890/15-1275.1,dryWeight,0.179,mg
Pata_26889,12.75,0.1012,excretionRateN,ug N-NH4+ h^-1,Salpa fusiformis,Andersen1989,NA,Vanni2016,10.1002/ecy.1582,dryWeight,1.81,mg
Pata_26890,21.75,0.2855,excretionRateN,ug N-NH4+ h^-1,Salpa fusiformis,Andersen1989,NA,Vanni2016,10.1002/ecy.1582,dryWeight,2.19,mg
Pata_26891,25,0.3863,excretionRateN,ug N-NH4+ h^-1,Salpa fusiformis,Andersen1989,NA,Vanni2016,10.1002/ecy.1582,dryWeight,2.63,mg
Pata_26892,25,0.702,excretionRateN,ug N-NH4+ h^-1,Salpa fusiformis,Andersen1989,NA,Vanni2016,10.1002/ecy.1582,dryWeight,2.93,mg
Pata_26893,21.75,0.464,excretionRateN,ug N-NH4+ h^-1,Salpa fusiformis,Andersen1989,NA,Vanni2016,10.1002/ecy.1582,dryWeight,4.12,mg
Pata_26894,16,0.6487,excretionRateN,ug N-NH4+ h^-1,Salpa fusiformis,Andersen1989,NA,Vanni2016,10.1002/ecy.1582,dryWeight,4.48,mg
Pata_26895,25,0.7077,excretionRateN,ug N-NH4+ h^-1,Salpa fusiformis,Andersen1989,NA,Vanni2016,10.1002/ecy.1582,dryWeight,4.6,mg
Pata_26896,16,0.7237,excretionRateN,ug N-NH4+ h^-1,Salpa fusiformis,Andersen1989,NA,Vanni2016,10.1002/ecy.1582,dryWeight,8.73,mg
Pata_26897,21.75,1.2768,excretionRateN,ug N-NH4+ h^-1,Salpa fusiformis,Andersen1989,NA,Vanni2016,10.1002/ecy.1582,dryWeight,15.59,mg
Pata_26898,21.75,1.3495,excretionRateN,ug N-NH4+ h^-1,Salpa fusiformis,Andersen1989,NA,Vanni2016,10.1002/ecy.1582,dryWeight,15.7,mg
Pata_26899,25,1.0258,excretionRateN,ug N-NH4+ h^-1,Salpa fusiformis,Andersen1989,NA,Vanni2016,10.1002/ecy.1582,dryWeight,16.53,mg
Pata_26900,16,1.9631,excretionRateN,ug N-NH4+ h^-1,Salpa fusiformis,Andersen1989,NA,Vanni2016,10.1002/ecy.1582,dryWeight,17.07,mg
Pata_26901,16,1.3975,excretionRateN,ug N-NH4+ h^-1,Salpa fusiformis,Andersen1989,NA,Vanni2016,10.1002/ecy.1582,dryWeight,17.96,mg
Pata_26902,19,1.3348,excretionRateN,ug N-NH4+ h^-1,Salpa fusiformis,Andersen1989,NA,Vanni2016,10.1002/ecy.1582,dryWeight,18.13,mg
Pata_26903,12.75,0.9125,excretionRateN,ug N-NH4+ h^-1,Salpa fusiformis,Andersen1989,NA,Vanni2016,10.1002/ecy.1582,dryWeight,12.27,mg
Pata_26904,25,1.6345,excretionRateN,ug N-NH4+ h^-1,Salpa fusiformis,Andersen1989,NA,Vanni2016,10.1002/ecy.1582,dryWeight,13.07,mg
Pata_26905,16,2.4948,excretionRateN,ug N-NH4+ h^-1,Salpa fusiformis,Andersen1989,NA,Vanni2016,10.1002/ecy.1582,dryWeight,15.2,mg
Pata_26906,25,1.7231,excretionRateN,ug N-NH4+ h^-1,Salpa fusiformis,Andersen1989,NA,Vanni2016,10.1002/ecy.1582,dryWeight,15.73,mg
Pata_26907,21.75,2.3321,excretionRateN,ug N-NH4+ h^-1,Salpa fusiformis,Andersen1989,NA,Vanni2016,10.1002/ecy.1582,dryWeight,16.71,mg
Pata_26908,19,2.4255,excretionRateN,ug N-NH4+ h^-1,Salpa fusiformis,Andersen1989,NA,Vanni2016,10.1002/ecy.1582,dryWeight,17.1,mg
Pata_26909,25,2.6144,excretionRateN,ug N-NH4+ h^-1,Salpa fusiformis,Andersen1989,NA,Vanni2016,10.1002/ecy.1582,dryWeight,17.96,mg
Pata_26910,19,1.4666,excretionRateN,ug N-NH4+ h^-1,Salpa fusiformis,Andersen1989,NA,Vanni2016,10.1002/ecy.1582,dryWeight,18.67,mg
Pata_26911,19,2.6426,excretionRateN,ug N-NH4+ h^-1,Salpa fusiformis,Andersen1989,NA,Vanni2016,10.1002/ecy.1582,dryWeight,20.8,mg
Pata_26912,25,2.4263,excretionRateN,ug N-NH4+ h^-1,Salpa fusiformis,Andersen1989,NA,Vanni2016,10.1002/ecy.1582,dryWeight,21.69,mg
Pata_26913,12.75,1.4372,excretionRateN,ug N-NH4+ h^-1,Salpa fusiformis,Andersen1989,NA,Vanni2016,10.1002/ecy.1582,dryWeight,22.04,mg
Pata_26914,21.75,2.5049,excretionRateN,ug N-NH4+ h^-1,Salpa fusiformis,Andersen1989,NA,Vanni2016,10.1002/ecy.1582,dryWeight,23.47,mg
Pata_26915,16,1.5335,excretionRateN,ug N-NH4+ h^-1,Salpa fusiformis,Andersen1989,NA,Vanni2016,10.1002/ecy.1582,dryWeight,23.82,mg
Pata_26916,19,2.735,excretionRateN,ug N-NH4+ h^-1,Salpa fusiformis,Andersen1989,NA,Vanni2016,10.1002/ecy.1582,dryWeight,25.42,mg
Pata_26917,16,1.4466,excretionRateN,ug N-NH4+ h^-1,Salpa fusiformis,Andersen1989,NA,Vanni2016,10.1002/ecy.1582,dryWeight,25.6,mg
Pata_26918,16,2.205,excretionRateN,ug N-NH4+ h^-1,Salpa fusiformis,Andersen1989,NA,Vanni2016,10.1002/ecy.1582,dryWeight,26.49,mg
Pata_26919,21.75,2.4714,excretionRateN,ug N-NH4+ h^-1,Salpa fusiformis,Andersen1989,NA,Vanni2016,10.1002/ecy.1582,dryWeight,27.2,mg
Pata_26920,12.75,1.863,excretionRateN,ug N-NH4+ h^-1,Salpa fusiformis,Andersen1989,NA,Vanni2016,10.1002/ecy.1582,dryWeight,28.8,mg
Pata_26921,12.75,2.1252,excretionRateN,ug N-NH4+ h^-1,Salpa fusiformis,Andersen1989,NA,Vanni2016,10.1002/ecy.1582,dryWeight,29.87,mg
Pata_26922,21.75,4.0487,excretionRateN,ug N-NH4+ h^-1,Salpa fusiformis,Andersen1989,NA,Vanni2016,10.1002/ecy.1582,dryWeight,29.87,mg
Pata_26923,25,3.9799,excretionRateN,ug N-NH4+ h^-1,Salpa fusiformis,Andersen1989,NA,Vanni2016,10.1002/ecy.1582,dryWeight,30.4,mg
Pata_26924,25,6.1989,excretionRateN,ug N-NH4+ h^-1,Salpa fusiformis,Andersen1989,NA,Vanni2016,10.1002/ecy.1582,dryWeight,31.29,mg
Pata_26925,16,1.6744,excretionRateN,ug N-NH4+ h^-1,Salpa fusiformis,Andersen1989,NA,Vanni2016,10.1002/ecy.1582,dryWeight,32.71,mg
Pata_26926,16,1.793,excretionRateN,ug N-NH4+ h^-1,Salpa fusiformis,Andersen1989,NA,Vanni2016,10.1002/ecy.1582,dryWeight,34.13,mg
Pata_26927,12.75,2.3106,excretionRateN,ug N-NH4+ h^-1,Salpa fusiformis,Andersen1989,NA,Vanni2016,10.1002/ecy.1582,dryWeight,34.31,mg
Pata_26928,21.75,2.244,excretionRateN,ug N-NH4+ h^-1,Salpa fusiformis,Andersen1989,NA,Vanni2016,10.1002/ecy.1582,dryWeight,34.84,mg
Pata_26929,16,0.8867,excretionRateN,ug N-NH4+ h^-1,Salpa fusiformis,Andersen1989,NA,Vanni2016,10.1002/ecy.1582,dryWeight,35.02,mg
Pata_26930,16,8.1077,excretionRateN,ug N-NH4+ h^-1,Salpa fusiformis,Andersen1989,NA,Vanni2016,10.1002/ecy.1582,dryWeight,35.02,mg
Pata_26931,19,3.3743,excretionRateN,ug N-NH4+ h^-1,Salpa fusiformis,Andersen1989,NA,Vanni2016,10.1002/ecy.1582,dryWeight,35.02,mg
Pata_26932,25,7.3069,excretionRateN,ug N-NH4+ h^-1,Salpa fusiformis,Andersen1989,NA,Vanni2016,10.1002/ecy.1582,dryWeight,35.56,mg
Pata_26933,19,2.4343,excretionRateN,ug N-NH4+ h^-1,Salpa fusiformis,Andersen1989,NA,Vanni2016,10.1002/ecy.1582,dryWeight,38.04,mg
Pata_26934,21.75,6.4414,excretionRateN,ug N-NH4+ h^-1,Salpa fusiformis,Andersen1989,NA,Vanni2016,10.1002/ecy.1582,dryWeight,40.89,mg
Pata_26935,21.75,2.6634,excretionRateN,ug N-NH4+ h^-1,Salpa fusiformis,Andersen1989,NA,Vanni2016,10.1002/ecy.1582,dryWeight,42.49,mg
Pata_26936,12.75,1.9001,excretionRateN,ug N-NH4+ h^-1,Salpa fusiformis,Andersen1989,NA,Vanni2016,10.1002/ecy.1582,dryWeight,44.98,mg
Pata_26937,12.75,2.3757,excretionRateN,ug N-NH4+ h^-1,Salpa fusiformis,Andersen1989,NA,Vanni2016,10.1002/ecy.1582,dryWeight,55.11,mg
Pata_26938,25,4.3036,excretionRateN,ug N-NH4+ h^-1,Salpa fusiformis,Andersen1989,NA,Vanni2016,10.1002/ecy.1582,dryWeight,55.82,mg
Pata_26939,12.75,2.1934,excretionRateN,ug N-NH4+ h^-1,Salpa fusiformis,Andersen1989,NA,Vanni2016,10.1002/ecy.1582,dryWeight,58.49,mg
Pata_26940,-1.75,0.1116,excretionRateN,ug N-NH4+ h^-1,Calanus glacialis,Bimstedt1985,NA,Vanni2016,10.1002/ecy.1582,dryWeight,0.623,mg
Pata_26941,-1.75,0.0615,excretionRateN,ug N-NH4+ h^-1,Calanus glacialis,Bimstedt1985,NA,Vanni2016,10.1002/ecy.1582,dryWeight,0.623,mg
Pata_26942,-1.75,0.0766,excretionRateN,ug N-NH4+ h^-1,Calanus glacialis,Bimstedt1985,NA,Vanni2016,10.1002/ecy.1582,dryWeight,0.623,mg
Pata_26943,-1.75,0.052,excretionRateN,ug N-NH4+ h^-1,Calanus glacialis,Bimstedt1985,NA,Vanni2016,10.1002/ecy.1582,dryWeight,0.623,mg
Pata_26944,-1.75,0.0437,excretionRateN,ug N-NH4+ h^-1,Calanus glacialis,Bimstedt1985,NA,Vanni2016,10.1002/ecy.1582,dryWeight,0.623,mg
Pata_26945,-1.75,0.0317,excretionRateN,ug N-NH4+ h^-1,Calanus glacialis,Bimstedt1985,NA,Vanni2016,10.1002/ecy.1582,dryWeight,0.968,mg
Pata_26946,-1.75,0.0443,excretionRateN,ug N-NH4+ h^-1,Calanus glacialis,Bimstedt1985,NA,Vanni2016,10.1002/ecy.1582,dryWeight,0.968,mg
Pata_26947,-1.75,0.1923,excretionRateN,ug N-NH4+ h^-1,Calanus glacialis,Bimstedt1985,NA,Vanni2016,10.1002/ecy.1582,dryWeight,0.968,mg
Pata_26948,21.5,0.022,excretionRateN,ug N-NH4+ h^-1,Ampelisca abdita,Gardner1993,NA,Vanni2016,10.1002/ecy.1582,dryWeight,0.29,mg
Pata_26949,21.5,0.012,excretionRateN,ug N-NH4+ h^-1,Ampelisca vadorum,Gardner1993,NA,Vanni2016,10.1002/ecy.1582,dryWeight,0.26,mg
Pata_26950,21.5,0.426,excretionRateN,ug N-NH4+ h^-1,Gilvossius setimanus,Gardner1993,NA,Vanni2016,10.1002/ecy.1582,dryWeight,1.43,mg
Pata_26951,21.5,0.085,excretionRateN,ug N-NH4+ h^-1,Capitellidae,Gardner1993,NA,Vanni2016,10.1002/ecy.1582,dryWeight,8.65,mg
Pata_26952,21.5,0.161,excretionRateN,ug N-NH4+ h^-1,Magelona,Gardner1993,NA,Vanni2016,10.1002/ecy.1582,dryWeight,0.19,mg
Pata_26953,21.5,0.056,excretionRateN,ug N-NH4+ h^-1,Magelona,Gardner1993,NA,Vanni2016,10.1002/ecy.1582,dryWeight,0.45,mg
Pata_26954,21.5,0.385,excretionRateN,ug N-NH4+ h^-1,Magelona,Gardner1993,NA,Vanni2016,10.1002/ecy.1582,dryWeight,0.53,mg
Pata_26955,21.5,1.049,excretionRateN,ug N-NH4+ h^-1,Magelona,Gardner1993,NA,Vanni2016,10.1002/ecy.1582,dryWeight,0.63,mg
Pata_26956,21.5,0.109,excretionRateN,ug N-NH4+ h^-1,Magelona,Gardner1993,NA,Vanni2016,10.1002/ecy.1582,dryWeight,0.78,mg
Pata_26957,21.5,0.507,excretionRateN,ug N-NH4+ h^-1,Magelona,Gardner1993,NA,Vanni2016,10.1002/ecy.1582,dryWeight,0.94,mg
Pata_26958,21.5,0.456,excretionRateN,ug N-NH4+ h^-1,Magelona,Gardner1993,NA,Vanni2016,10.1002/ecy.1582,dryWeight,1.32,mg
Pata_26959,21.5,0.542,excretionRateN,ug N-NH4+ h^-1,Magelona,Gardner1993,NA,Vanni2016,10.1002/ecy.1582,dryWeight,1.81,mg
Pata_26960,21.5,1.75,excretionRateN,ug N-NH4+ h^-1,Magelona,Gardner1993,NA,Vanni2016,10.1002/ecy.1582,dryWeight,2.42,mg
Pata_26961,21.5,0.512,excretionRateN,ug N-NH4+ h^-1,Magelona,Gardner1993,NA,Vanni2016,10.1002/ecy.1582,dryWeight,2.53,mg
Pata_26962,21.5,0.486,excretionRateN,ug N-NH4+ h^-1,Magelona,Gardner1993,NA,Vanni2016,10.1002/ecy.1582,dryWeight,2.68,mg
Pata_26963,21.5,0.003,excretionRateN,ug N-NH4+ h^-1,Nereis,Gardner1993,NA,Vanni2016,10.1002/ecy.1582,dryWeight,0.16,mg
Pata_26964,21.5,0.412,excretionRateN,ug N-NH4+ h^-1,Pagurus longicarpus,Gardner1993,NA,Vanni2016,10.1002/ecy.1582,dryWeight,12.81,mg
Pata_26965,21.5,0.009,excretionRateN,ug N-NH4+ h^-1,Paraprionospio pinnata,Gardner1993,NA,Vanni2016,10.1002/ecy.1582,dryWeight,0.05,mg
Pata_26966,21.5,0.031,excretionRateN,ug N-NH4+ h^-1,Paraprionospio pinnata,Gardner1993,NA,Vanni2016,10.1002/ecy.1582,dryWeight,0.09,mg
Pata_26967,21.5,0.037,excretionRateN,ug N-NH4+ h^-1,Paraprionospio pinnata,Gardner1993,NA,Vanni2016,10.1002/ecy.1582,dryWeight,0.18,mg
Pata_26968,21.5,0.018,excretionRateN,ug N-NH4+ h^-1,Paraprionospio pinnata,Gardner1993,NA,Vanni2016,10.1002/ecy.1582,dryWeight,0.19,mg
Pata_26969,21.5,0.032,excretionRateN,ug N-NH4+ h^-1,Paraprionospio pinnata,Gardner1993,NA,Vanni2016,10.1002/ecy.1582,dryWeight,0.24,mg
Pata_26970,21.5,0.051,excretionRateN,ug N-NH4+ h^-1,Paraprionospio pinnata,Gardner1993,NA,Vanni2016,10.1002/ecy.1582,dryWeight,0.36,mg
Pata_26971,21.5,0.008,excretionRateN,ug N-NH4+ h^-1,Paraprionospio pinnata,Gardner1993,NA,Vanni2016,10.1002/ecy.1582,dryWeight,0.4,mg
Pata_26972,21.5,0.115,excretionRateN,ug N-NH4+ h^-1,Paraprionospio pinnata,Gardner1993,NA,Vanni2016,10.1002/ecy.1582,dryWeight,0.46,mg
Pata_26973,21.5,0.121,excretionRateN,ug N-NH4+ h^-1,Paraprionospio pinnata,Gardner1993,NA,Vanni2016,10.1002/ecy.1582,dryWeight,0.66,mg
Pata_26974,21.5,0.012,excretionRateN,ug N-NH4+ h^-1,Paraprionospio pinnata,Gardner1993,NA,Vanni2016,10.1002/ecy.1582,dryWeight,0.96,mg
Pata_26975,21.5,0.083,excretionRateN,ug N-NH4+ h^-1,Paraprionospio pinnata,Gardner1993,NA,Vanni2016,10.1002/ecy.1582,dryWeight,1,mg
Pata_26976,21.5,0.026,excretionRateN,ug N-NH4+ h^-1,Paraprionospio pinnata,Gardner1993,NA,Vanni2016,10.1002/ecy.1582,dryWeight,1.26,mg
Pata_26977,21.5,0.111,excretionRateN,ug N-NH4+ h^-1,Paraprionospio pinnata,Gardner1993,NA,Vanni2016,10.1002/ecy.1582,dryWeight,1.31,mg
Pata_26978,21.5,0.291,excretionRateN,ug N-NH4+ h^-1,Paraprionospio pinnata,Gardner1993,NA,Vanni2016,10.1002/ecy.1582,dryWeight,1.51,mg
Pata_26979,21.5,0.447,excretionRateN,ug N-NH4+ h^-1,Paraprionospio pinnata,Gardner1993,NA,Vanni2016,10.1002/ecy.1582,dryWeight,1.72,mg
Pata_26980,21.5,0.672,excretionRateN,ug N-NH4+ h^-1,Paraprionospio pinnata,Gardner1993,NA,Vanni2016,10.1002/ecy.1582,dryWeight,2.69,mg
Pata_26981,21.5,0.071,excretionRateN,ug N-NH4+ h^-1,Paraprionospio pinnata,Gardner1993,NA,Vanni2016,10.1002/ecy.1582,dryWeight,2.9,mg
Pata_26982,21.5,0.686,excretionRateN,ug N-NH4+ h^-1,Speocarcinus,Gardner1993,NA,Vanni2016,10.1002/ecy.1582,dryWeight,12.9,mg
Pata_26983,21.5,0.64,excretionRateN,ug N-NH4+ h^-1,Tetraxanthus rathbunae,Gardner1993,NA,Vanni2016,10.1002/ecy.1582,dryWeight,5.94,mg
Pata_26984,20,0.0015,excretionRateN,ug N-NH4+ h^-1,Oikopleura (Vexillaria) dioica,Gorsky1987,NA,Vanni2016,10.1002/ecy.1582,dryWeight,5.1e-4,mg
Pata_26985,20,0.0017,excretionRateN,ug N-NH4+ h^-1,Oikopleura (Vexillaria) dioica,Gorsky1987,NA,Vanni2016,10.1002/ecy.1582,dryWeight,5.1e-4,mg
Pata_26986,20,0.0024,excretionRateN,ug N-NH4+ h^-1,Oikopleura (Vexillaria) dioica,Gorsky1987,NA,Vanni2016,10.1002/ecy.1582,dryWeight,5.1e-4,mg
Pata_26987,20,0.0021,excretionRateN,ug N-NH4+ h^-1,Oikopleura (Vexillaria) dioica,Gorsky1987,NA,Vanni2016,10.1002/ecy.1582,dryWeight,5.1e-4,mg
Pata_26988,15,0.004,excretionRateN,ug N-NH4+ h^-1,Oikopleura (Vexillaria) dioica,Gorsky1987,NA,Vanni2016,10.1002/ecy.1582,dryWeight,6.6e-4,mg
Pata_26989,15,0.0018,excretionRateN,ug N-NH4+ h^-1,Oikopleura (Vexillaria) dioica,Gorsky1987,NA,Vanni2016,10.1002/ecy.1582,dryWeight,6.6e-4,mg
Pata_26990,15,0.003,excretionRateN,ug N-NH4+ h^-1,Oikopleura (Vexillaria) dioica,Gorsky1987,NA,Vanni2016,10.1002/ecy.1582,dryWeight,6.6e-4,mg
Pata_26991,15,0.0013,excretionRateN,ug N-NH4+ h^-1,Oikopleura (Vexillaria) dioica,Gorsky1987,NA,Vanni2016,10.1002/ecy.1582,dryWeight,6.6e-4,mg
Pata_26992,24,0.0036,excretionRateN,ug N-NH4+ h^-1,Oikopleura (Vexillaria) dioica,Gorsky1987,NA,Vanni2016,10.1002/ecy.1582,dryWeight,6.61e-4,mg
Pata_26993,24,0.0032,excretionRateN,ug N-NH4+ h^-1,Oikopleura (Vexillaria) dioica,Gorsky1987,NA,Vanni2016,10.1002/ecy.1582,dryWeight,6.61e-4,mg
Pata_26994,24,0.0033,excretionRateN,ug N-NH4+ h^-1,Oikopleura (Vexillaria) dioica,Gorsky1987,NA,Vanni2016,10.1002/ecy.1582,dryWeight,6.61e-4,mg
Pata_26995,24,0.0027,excretionRateN,ug N-NH4+ h^-1,Oikopleura (Vexillaria) dioica,Gorsky1987,NA,Vanni2016,10.1002/ecy.1582,dryWeight,6.61e-4,mg
Pata_26996,24,0.0028,excretionRateN,ug N-NH4+ h^-1,Oikopleura (Vexillaria) dioica,Gorsky1987,NA,Vanni2016,10.1002/ecy.1582,dryWeight,6.61e-4,mg
Pata_26997,20,0.0051,excretionRateN,ug N-NH4+ h^-1,Oikopleura (Vexillaria) dioica,Gorsky1987,NA,Vanni2016,10.1002/ecy.1582,dryWeight,9.71e-4,mg
Pata_26998,20,0.0023,excretionRateN,ug N-NH4+ h^-1,Oikopleura (Vexillaria) dioica,Gorsky1987,NA,Vanni2016,10.1002/ecy.1582,dryWeight,9.71e-4,mg
Pata_26999,20,0.0091,excretionRateN,ug N-NH4+ h^-1,Oikopleura (Vexillaria) dioica,Gorsky1987,NA,Vanni2016,10.1002/ecy.1582,dryWeight,9.71e-4,mg
Pata_27000,20,0.0029,excretionRateN,ug N-NH4+ h^-1,Oikopleura (Vexillaria) dioica,Gorsky1987,NA,Vanni2016,10.1002/ecy.1582,dryWeight,9.71e-4,mg
Pata_27001,20,0.0043,excretionRateN,ug N-NH4+ h^-1,Oikopleura (Vexillaria) dioica,Gorsky1987,NA,Vanni2016,10.1002/ecy.1582,dryWeight,9.71e-4,mg
Pata_27002,15,0.0042,excretionRateN,ug N-NH4+ h^-1,Oikopleura (Vexillaria) dioica,Gorsky1987,NA,Vanni2016,10.1002/ecy.1582,dryWeight,0.0013,mg
Pata_27003,15,0.0035,excretionRateN,ug N-NH4+ h^-1,Oikopleura (Vexillaria) dioica,Gorsky1987,NA,Vanni2016,10.1002/ecy.1582,dryWeight,0.0013,mg
Pata_27004,15,0.0034,excretionRateN,ug N-NH4+ h^-1,Oikopleura (Vexillaria) dioica,Gorsky1987,NA,Vanni2016,10.1002/ecy.1582,dryWeight,0.0013,mg
Pata_27005,15,0.0047,excretionRateN,ug N-NH4+ h^-1,Oikopleura (Vexillaria) dioica,Gorsky1987,NA,Vanni2016,10.1002/ecy.1582,dryWeight,0.0013,mg
Pata_27006,24,0.0109,excretionRateN,ug N-NH4+ h^-1,Oikopleura (Vexillaria) dioica,Gorsky1987,NA,Vanni2016,10.1002/ecy.1582,dryWeight,0.00198,mg
Pata_27007,24,0.0097,excretionRateN,ug N-NH4+ h^-1,Oikopleura (Vexillaria) dioica,Gorsky1987,NA,Vanni2016,10.1002/ecy.1582,dryWeight,0.00198,mg
Pata_27008,24,0.0072,excretionRateN,ug N-NH4+ h^-1,Oikopleura (Vexillaria) dioica,Gorsky1987,NA,Vanni2016,10.1002/ecy.1582,dryWeight,0.00198,mg
Pata_27009,20,0.0141,excretionRateN,ug N-NH4+ h^-1,Oikopleura (Vexillaria) dioica,Gorsky1987,NA,Vanni2016,10.1002/ecy.1582,dryWeight,0.00199,mg
Pata_27010,20,0.0099,excretionRateN,ug N-NH4+ h^-1,Oikopleura (Vexillaria) dioica,Gorsky1987,NA,Vanni2016,10.1002/ecy.1582,dryWeight,0.00199,mg
Pata_27011,20,0.0103,excretionRateN,ug N-NH4+ h^-1,Oikopleura (Vexillaria) dioica,Gorsky1987,NA,Vanni2016,10.1002/ecy.1582,dryWeight,0.00199,mg
Pata_27012,15,0.0064,excretionRateN,ug N-NH4+ h^-1,Oikopleura (Vexillaria) dioica,Gorsky1987,NA,Vanni2016,10.1002/ecy.1582,dryWeight,0.00227,mg
Pata_27013,15,0.0088,excretionRateN,ug N-NH4+ h^-1,Oikopleura (Vexillaria) dioica,Gorsky1987,NA,Vanni2016,10.1002/ecy.1582,dryWeight,0.00227,mg
Pata_27014,15,0.0068,excretionRateN,ug N-NH4+ h^-1,Oikopleura (Vexillaria) dioica,Gorsky1987,NA,Vanni2016,10.1002/ecy.1582,dryWeight,0.00227,mg
Pata_27015,15,0.01,excretionRateN,ug N-NH4+ h^-1,Oikopleura (Vexillaria) dioica,Gorsky1987,NA,Vanni2016,10.1002/ecy.1582,dryWeight,0.00227,mg
Pata_27016,24,0.0104,excretionRateN,ug N-NH4+ h^-1,Oikopleura (Vexillaria) dioica,Gorsky1987,NA,Vanni2016,10.1002/ecy.1582,dryWeight,0.00319,mg
Pata_27017,24,0.0148,excretionRateN,ug N-NH4+ h^-1,Oikopleura (Vexillaria) dioica,Gorsky1987,NA,Vanni2016,10.1002/ecy.1582,dryWeight,0.00319,mg
Pata_27018,24,0.0139,excretionRateN,ug N-NH4+ h^-1,Oikopleura (Vexillaria) dioica,Gorsky1987,NA,Vanni2016,10.1002/ecy.1582,dryWeight,0.00319,mg
Pata_27019,24,0.0113,excretionRateN,ug N-NH4+ h^-1,Oikopleura (Vexillaria) dioica,Gorsky1987,NA,Vanni2016,10.1002/ecy.1582,dryWeight,0.00319,mg
Pata_27020,24,0.012,excretionRateN,ug N-NH4+ h^-1,Oikopleura (Vexillaria) dioica,Gorsky1987,NA,Vanni2016,10.1002/ecy.1582,dryWeight,0.00319,mg
Pata_27021,24,0.0131,excretionRateN,ug N-NH4+ h^-1,Oikopleura (Vexillaria) dioica,Gorsky1987,NA,Vanni2016,10.1002/ecy.1582,dryWeight,0.00319,mg
Pata_27022,15,0.0096,excretionRateN,ug N-NH4+ h^-1,Oikopleura (Vexillaria) dioica,Gorsky1987,NA,Vanni2016,10.1002/ecy.1582,dryWeight,0.0032,mg
Pata_27023,15,0.0067,excretionRateN,ug N-NH4+ h^-1,Oikopleura (Vexillaria) dioica,Gorsky1987,NA,Vanni2016,10.1002/ecy.1582,dryWeight,0.0032,mg
Pata_27024,20,0.0124,excretionRateN,ug N-NH4+ h^-1,Oikopleura (Vexillaria) dioica,Gorsky1987,NA,Vanni2016,10.1002/ecy.1582,dryWeight,0.00375,mg
Pata_27025,20,0.0254,excretionRateN,ug N-NH4+ h^-1,Oikopleura (Vexillaria) dioica,Gorsky1987,NA,Vanni2016,10.1002/ecy.1582,dryWeight,0.00375,mg
Pata_27026,20,0.0162,excretionRateN,ug N-NH4+ h^-1,Oikopleura (Vexillaria) dioica,Gorsky1987,NA,Vanni2016,10.1002/ecy.1582,dryWeight,0.00375,mg
Pata_27027,20,0.0169,excretionRateN,ug N-NH4+ h^-1,Oikopleura (Vexillaria) dioica,Gorsky1987,NA,Vanni2016,10.1002/ecy.1582,dryWeight,0.00375,mg
Pata_27028,20,0.0137,excretionRateN,ug N-NH4+ h^-1,Oikopleura (Vexillaria) dioica,Gorsky1987,NA,Vanni2016,10.1002/ecy.1582,dryWeight,0.00375,mg
Pata_27029,15,0.0102,excretionRateN,ug N-NH4+ h^-1,Oikopleura (Vexillaria) dioica,Gorsky1987,NA,Vanni2016,10.1002/ecy.1582,dryWeight,0.00438,mg
Pata_27030,15,0.0135,excretionRateN,ug N-NH4+ h^-1,Oikopleura (Vexillaria) dioica,Gorsky1987,NA,Vanni2016,10.1002/ecy.1582,dryWeight,0.00438,mg
Pata_27031,15,0.009,excretionRateN,ug N-NH4+ h^-1,Oikopleura (Vexillaria) dioica,Gorsky1987,NA,Vanni2016,10.1002/ecy.1582,dryWeight,0.00438,mg
Pata_27032,15,0.0086,excretionRateN,ug N-NH4+ h^-1,Oikopleura (Vexillaria) dioica,Gorsky1987,NA,Vanni2016,10.1002/ecy.1582,dryWeight,0.00438,mg
Pata_27033,24,0.014,excretionRateN,ug N-NH4+ h^-1,Oikopleura (Vexillaria) dioica,Gorsky1987,NA,Vanni2016,10.1002/ecy.1582,dryWeight,0.0046,mg
Pata_27034,24,0.0136,excretionRateN,ug N-NH4+ h^-1,Oikopleura (Vexillaria) dioica,Gorsky1987,NA,Vanni2016,10.1002/ecy.1582,dryWeight,0.0046,mg
Pata_27035,24,0.0225,excretionRateN,ug N-NH4+ h^-1,Oikopleura (Vexillaria) dioica,Gorsky1987,NA,Vanni2016,10.1002/ecy.1582,dryWeight,0.0046,mg
Pata_27036,24,0.0196,excretionRateN,ug N-NH4+ h^-1,Oikopleura (Vexillaria) dioica,Gorsky1987,NA,Vanni2016,10.1002/ecy.1582,dryWeight,0.0046,mg
Pata_27037,24,0.0167,excretionRateN,ug N-NH4+ h^-1,Oikopleura (Vexillaria) dioica,Gorsky1987,NA,Vanni2016,10.1002/ecy.1582,dryWeight,0.0046,mg
Pata_27038,24,0.0263,excretionRateN,ug N-NH4+ h^-1,Oikopleura (Vexillaria) dioica,Gorsky1987,NA,Vanni2016,10.1002/ecy.1582,dryWeight,0.00649,mg
Pata_27039,24,0.0295,excretionRateN,ug N-NH4+ h^-1,Oikopleura (Vexillaria) dioica,Gorsky1987,NA,Vanni2016,10.1002/ecy.1582,dryWeight,0.00649,mg
Pata_27040,24,0.0274,excretionRateN,ug N-NH4+ h^-1,Oikopleura (Vexillaria) dioica,Gorsky1987,NA,Vanni2016,10.1002/ecy.1582,dryWeight,0.00649,mg
Pata_27041,20,0.0249,excretionRateN,ug N-NH4+ h^-1,Oikopleura (Vexillaria) dioica,Gorsky1987,NA,Vanni2016,10.1002/ecy.1582,dryWeight,0.0076,mg
Pata_27042,20,0.0235,excretionRateN,ug N-NH4+ h^-1,Oikopleura (Vexillaria) dioica,Gorsky1987,NA,Vanni2016,10.1002/ecy.1582,dryWeight,0.0076,mg
Pata_27043,20,0.0245,excretionRateN,ug N-NH4+ h^-1,Oikopleura (Vexillaria) dioica,Gorsky1987,NA,Vanni2016,10.1002/ecy.1582,dryWeight,0.0076,mg
Pata_27044,20,0.0215,excretionRateN,ug N-NH4+ h^-1,Oikopleura (Vexillaria) dioica,Gorsky1987,NA,Vanni2016,10.1002/ecy.1582,dryWeight,0.0076,mg
Pata_27045,15,0.0197,excretionRateN,ug N-NH4+ h^-1,Oikopleura (Vexillaria) dioica,Gorsky1987,NA,Vanni2016,10.1002/ecy.1582,dryWeight,0.00917,mg
Pata_27046,15,0.0206,excretionRateN,ug N-NH4+ h^-1,Oikopleura (Vexillaria) dioica,Gorsky1987,NA,Vanni2016,10.1002/ecy.1582,dryWeight,0.00917,mg
Pata_27047,15,0.0192,excretionRateN,ug N-NH4+ h^-1,Oikopleura (Vexillaria) dioica,Gorsky1987,NA,Vanni2016,10.1002/ecy.1582,dryWeight,0.00917,mg
Pata_27048,15,0.0232,excretionRateN,ug N-NH4+ h^-1,Oikopleura (Vexillaria) dioica,Gorsky1987,NA,Vanni2016,10.1002/ecy.1582,dryWeight,0.00917,mg
Pata_27049,24,0.0341,excretionRateN,ug N-NH4+ h^-1,Oikopleura (Vexillaria) dioica,Gorsky1987,NA,Vanni2016,10.1002/ecy.1582,dryWeight,0.00917,mg
Pata_27050,24,0.0401,excretionRateN,ug N-NH4+ h^-1,Oikopleura (Vexillaria) dioica,Gorsky1987,NA,Vanni2016,10.1002/ecy.1582,dryWeight,0.00917,mg
Pata_27051,24,0.0356,excretionRateN,ug N-NH4+ h^-1,Oikopleura (Vexillaria) dioica,Gorsky1987,NA,Vanni2016,10.1002/ecy.1582,dryWeight,0.00917,mg
Pata_27052,29,44.38,excretionRateN,ug N-NH4+ h^-1,Penaeus setiferus,HaertelBorer2004,NA,Vanni2016,10.1002/ecy.1582,dryWeight,425,mg
Pata_27053,29,51.46,excretionRateN,ug N-NH4+ h^-1,Penaeus setiferus,HaertelBorer2004,NA,Vanni2016,10.1002/ecy.1582,dryWeight,495,mg
Pata_27054,29,54.98,excretionRateN,ug N-NH4+ h^-1,Penaeus setiferus,HaertelBorer2004,NA,Vanni2016,10.1002/ecy.1582,dryWeight,580,mg
Pata_27055,29,69.38,excretionRateN,ug N-NH4+ h^-1,Penaeus setiferus,HaertelBorer2004,NA,Vanni2016,10.1002/ecy.1582,dryWeight,675,mg
Pata_27056,29,62.96,excretionRateN,ug N-NH4+ h^-1,Penaeus setiferus,HaertelBorer2004,NA,Vanni2016,10.1002/ecy.1582,dryWeight,695,mg
Pata_27057,29,132.15,excretionRateN,ug N-NH4+ h^-1,Penaeus setiferus,HaertelBorer2004,NA,Vanni2016,10.1002/ecy.1582,dryWeight,735,mg
Pata_27058,29,80.91,excretionRateN,ug N-NH4+ h^-1,Penaeus setiferus,HaertelBorer2004,NA,Vanni2016,10.1002/ecy.1582,dryWeight,745,mg
Pata_27059,29,160.92,excretionRateN,ug N-NH4+ h^-1,Penaeus setiferus,HaertelBorer2004,NA,Vanni2016,10.1002/ecy.1582,dryWeight,830,mg
Pata_27060,27.9,101.51,excretionRateN,ug N-NH4+ h^-1,Penaeus setiferus,HaertelBorer2004,NA,Vanni2016,10.1002/ecy.1582,dryWeight,910,mg
Pata_27061,29,165.9,excretionRateN,ug N-NH4+ h^-1,Penaeus setiferus,HaertelBorer2004,NA,Vanni2016,10.1002/ecy.1582,dryWeight,955,mg
Pata_27062,14.9,0.697,excretionRateN,ug N-NH4+ h^-1,Xenacanthomysis pseudomacropsis,IkedaDatabase,NA,Vanni2016,10.1002/ecy.1582,dryWeight,2.4,mg
Pata_27063,14.9,0.562,excretionRateN,ug N-NH4+ h^-1,Xenacanthomysis pseudomacropsis,IkedaDatabase,NA,Vanni2016,10.1002/ecy.1582,dryWeight,3.35,mg
Pata_27064,25,0.0028,excretionRateN,ug N-NH4+ h^-1,Acartia (Odontacartia) australis,IkedaDatabase,NA,Vanni2016,10.1002/ecy.1582,dryWeight,0.00747,mg
Pata_27065,25,0.0063,excretionRateN,ug N-NH4+ h^-1,Acartia (Odontacartia) australis,IkedaDatabase,NA,Vanni2016,10.1002/ecy.1582,dryWeight,0.00937,mg
Pata_27066,25,0.0042,excretionRateN,ug N-NH4+ h^-1,Acartia (Odontacartia) australis,IkedaDatabase,NA,Vanni2016,10.1002/ecy.1582,dryWeight,0.00972,mg
Pata_27067,25,0.0045,excretionRateN,ug N-NH4+ h^-1,Acartia (Odontacartia) australis,IkedaDatabase,NA,Vanni2016,10.1002/ecy.1582,dryWeight,0.0099,mg
Pata_27068,27,0.0051,excretionRateN,ug N-NH4+ h^-1,Acartia (Odontacartia) australis,IkedaDatabase,NA,Vanni2016,10.1002/ecy.1582,dryWeight,0.0145,mg
Pata_27069,27,0.0132,excretionRateN,ug N-NH4+ h^-1,Acartia (Odontacartia) australis,IkedaDatabase,NA,Vanni2016,10.1002/ecy.1582,dryWeight,0.0147,mg
Pata_27070,27,0.0099,excretionRateN,ug N-NH4+ h^-1,Acartia (Odontacartia) australis,IkedaDatabase,NA,Vanni2016,10.1002/ecy.1582,dryWeight,0.0231,mg
Pata_27071,14.2,0.0035,excretionRateN,ug N-NH4+ h^-1,Acartia (Acartiura) clausi,IkedaDatabase,NA,Vanni2016,10.1002/ecy.1582,dryWeight,0.0063,mg
Pata_27072,14.2,0.0071,excretionRateN,ug N-NH4+ h^-1,Acartia (Acartiura) clausi,IkedaDatabase,NA,Vanni2016,10.1002/ecy.1582,dryWeight,0.0064,mg
Pata_27073,15.4,0.005,excretionRateN,ug N-NH4+ h^-1,Acartia (Acartiura) clausi,IkedaDatabase,NA,Vanni2016,10.1002/ecy.1582,dryWeight,0.0104,mg
Pata_27074,15.4,0.0074,excretionRateN,ug N-NH4+ h^-1,Acartia (Acartiura) clausi,IkedaDatabase,NA,Vanni2016,10.1002/ecy.1582,dryWeight,0.0108,mg
Pata_27075,9.7,0.0022,excretionRateN,ug N-NH4+ h^-1,Acartia (Acartiura) longiremis,IkedaDatabase,NA,Vanni2016,10.1002/ecy.1582,dryWeight,0.0068,mg
Pata_27076,9.7,0.0026,excretionRateN,ug N-NH4+ h^-1,Acartia (Acartiura) longiremis,IkedaDatabase,NA,Vanni2016,10.1002/ecy.1582,dryWeight,0.0068,mg
Pata_27077,9.7,0.0014,excretionRateN,ug N-NH4+ h^-1,Acartia (Acartiura) longiremis,IkedaDatabase,NA,Vanni2016,10.1002/ecy.1582,dryWeight,0.007,mg
Pata_27078,13.1,0.0019,excretionRateN,ug N-NH4+ h^-1,Acartia (Acartiura) longiremis,IkedaDatabase,NA,Vanni2016,10.1002/ecy.1582,dryWeight,0.0073,mg
Pata_27079,13.1,0.0018,excretionRateN,ug N-NH4+ h^-1,Acartia (Acartiura) longiremis,IkedaDatabase,NA,Vanni2016,10.1002/ecy.1582,dryWeight,0.0076,mg
Pata_27080,10,0.0025,excretionRateN,ug N-NH4+ h^-1,Acartia (Acartiura) longiremis,IkedaDatabase,NA,Vanni2016,10.1002/ecy.1582,dryWeight,0.0088,mg
Pata_27081,22,0.0039,excretionRateN,ug N-NH4+ h^-1,Acartia (Odontacartia) pacifica,IkedaDatabase,NA,Vanni2016,10.1002/ecy.1582,dryWeight,0.007,mg
Pata_27082,22,0.0052,excretionRateN,ug N-NH4+ h^-1,Acartia (Odontacartia) pacifica,IkedaDatabase,NA,Vanni2016,10.1002/ecy.1582,dryWeight,0.0091,mg
Pata_27083,22,0.0081,excretionRateN,ug N-NH4+ h^-1,Acartia (Odontacartia) pacifica,IkedaDatabase,NA,Vanni2016,10.1002/ecy.1582,dryWeight,0.0099,mg
Pata_27084,22,0.0016,excretionRateN,ug N-NH4+ h^-1,Acartia (Odontacartia) pacifica,IkedaDatabase,NA,Vanni2016,10.1002/ecy.1582,dryWeight,0.0117,mg
Pata_27085,22,0.004,excretionRateN,ug N-NH4+ h^-1,Acartia (Odontacartia) pacifica,IkedaDatabase,NA,Vanni2016,10.1002/ecy.1582,dryWeight,0.0117,mg
Pata_27086,22,0.0057,excretionRateN,ug N-NH4+ h^-1,Acartia (Odontacartia) pacifica,IkedaDatabase,NA,Vanni2016,10.1002/ecy.1582,dryWeight,0.0126,mg
Pata_27087,22,0.0089,excretionRateN,ug N-NH4+ h^-1,Acartia (Odontacartia) pacifica,IkedaDatabase,NA,Vanni2016,10.1002/ecy.1582,dryWeight,0.013,mg
Pata_27088,28,0.0091,excretionRateN,ug N-NH4+ h^-1,Acartia (Odontacartia) pacifica,IkedaDatabase,NA,Vanni2016,10.1002/ecy.1582,dryWeight,0.015,mg
Pata_27089,28,0.0092,excretionRateN,ug N-NH4+ h^-1,Acartia (Odontacartia) pacifica,IkedaDatabase,NA,Vanni2016,10.1002/ecy.1582,dryWeight,0.0152,mg
Pata_27090,28,0.0136,excretionRateN,ug N-NH4+ h^-1,Acartia (Odontacartia) pacifica,IkedaDatabase,NA,Vanni2016,10.1002/ecy.1582,dryWeight,0.0153,mg
Pata_27091,28,0.0098,excretionRateN,ug N-NH4+ h^-1,Acartia (Odontacartia) pacifica,IkedaDatabase,NA,Vanni2016,10.1002/ecy.1582,dryWeight,0.0155,mg
Pata_27092,27.7,0.0103,excretionRateN,ug N-NH4+ h^-1,Acartia (Odontacartia) pacifica,IkedaDatabase,NA,Vanni2016,10.1002/ecy.1582,dryWeight,0.017,mg
Pata_27093,27.7,0.0225,excretionRateN,ug N-NH4+ h^-1,Acartia (Odontacartia) pacifica,IkedaDatabase,NA,Vanni2016,10.1002/ecy.1582,dryWeight,0.017,mg
Pata_27094,28,0.0107,excretionRateN,ug N-NH4+ h^-1,Acartia (Odontacartia) pacifica,IkedaDatabase,NA,Vanni2016,10.1002/ecy.1582,dryWeight,0.0177,mg
Pata_27095,28,0.0128,excretionRateN,ug N-NH4+ h^-1,Acartia (Odontacartia) pacifica,IkedaDatabase,NA,Vanni2016,10.1002/ecy.1582,dryWeight,0.0183,mg
Pata_27096,27.7,0.0093,excretionRateN,ug N-NH4+ h^-1,Acartia (Odontacartia) pacifica,IkedaDatabase,NA,Vanni2016,10.1002/ecy.1582,dryWeight,0.0184,mg
Pata_27097,27.7,0.0076,excretionRateN,ug N-NH4+ h^-1,Acartia (Odontacartia) pacifica,IkedaDatabase,NA,Vanni2016,10.1002/ecy.1582,dryWeight,0.0186,mg
Pata_27098,27.7,0.0069,excretionRateN,ug N-NH4+ h^-1,Acartia (Odontacartia) pacifica,IkedaDatabase,NA,Vanni2016,10.1002/ecy.1582,dryWeight,0.019,mg
Pata_27099,28,0.0129,excretionRateN,ug N-NH4+ h^-1,Acartia (Odontacartia) pacifica,IkedaDatabase,NA,Vanni2016,10.1002/ecy.1582,dryWeight,0.0191,mg
Pata_27100,27.7,0.0179,excretionRateN,ug N-NH4+ h^-1,Acartia (Odontacartia) pacifica,IkedaDatabase,NA,Vanni2016,10.1002/ecy.1582,dryWeight,0.0193,mg
Pata_27101,27.7,0.0084,excretionRateN,ug N-NH4+ h^-1,Acartia (Odontacartia) pacifica,IkedaDatabase,NA,Vanni2016,10.1002/ecy.1582,dryWeight,0.0198,mg
Pata_27102,27.7,0.0068,excretionRateN,ug N-NH4+ h^-1,Acartia (Odontacartia) pacifica,IkedaDatabase,NA,Vanni2016,10.1002/ecy.1582,dryWeight,0.0207,mg
Pata_27103,27.7,0.0072,excretionRateN,ug N-NH4+ h^-1,Acartia (Odontacartia) pacifica,IkedaDatabase,NA,Vanni2016,10.1002/ecy.1582,dryWeight,0.021,mg
Pata_27104,27.7,0.0329,excretionRateN,ug N-NH4+ h^-1,Acartia (Odontacartia) pacifica,IkedaDatabase,NA,Vanni2016,10.1002/ecy.1582,dryWeight,0.0224,mg
Pata_27105,22,0.0023,excretionRateN,ug N-NH4+ h^-1,Acartia (Acanthacartia) tonsa,IkedaDatabase,NA,Vanni2016,10.1002/ecy.1582,dryWeight,0.0059,mg
Pata_27106,22,0.0015,excretionRateN,ug N-NH4+ h^-1,Acartia (Acanthacartia) tonsa,IkedaDatabase,NA,Vanni2016,10.1002/ecy.1582,dryWeight,0.0059,mg
Pata_27107,22,0.0095,excretionRateN,ug N-NH4+ h^-1,Acartia (Acanthacartia) tonsa,IkedaDatabase,NA,Vanni2016,10.1002/ecy.1582,dryWeight,0.0061,mg
Pata_27108,22,0.0107,excretionRateN,ug N-NH4+ h^-1,Acartia (Acanthacartia) tonsa,IkedaDatabase,NA,Vanni2016,10.1002/ecy.1582,dryWeight,0.0062,mg
Pata_27109,22,0.0044,excretionRateN,ug N-NH4+ h^-1,Acartia (Acanthacartia) tonsa,IkedaDatabase,NA,Vanni2016,10.1002/ecy.1582,dryWeight,0.0082,mg
Pata_27110,22,0.0054,excretionRateN,ug N-NH4+ h^-1,Acartia (Acanthacartia) tonsa,IkedaDatabase,NA,Vanni2016,10.1002/ecy.1582,dryWeight,0.0107,mg
Pata_27111,24,0.728,excretionRateN,ug N-NH4+ h^-1,Acetes sibogae australis,IkedaDatabase,NA,Vanni2016,10.1002/ecy.1582,dryWeight,4.915,mg
Pata_27112,24,1.46,excretionRateN,ug N-NH4+ h^-1,Acetes sibogae australis,IkedaDatabase,NA,Vanni2016,10.1002/ecy.1582,dryWeight,5.691,mg
Pata_27113,24,1.15,excretionRateN,ug N-NH4+ h^-1,Acetes sibogae australis,IkedaDatabase,NA,Vanni2016,10.1002/ecy.1582,dryWeight,7.462,mg
Pata_27114,24,1.25,excretionRateN,ug N-NH4+ h^-1,Acetes sibogae australis,IkedaDatabase,NA,Vanni2016,10.1002/ecy.1582,dryWeight,7.851,mg
Pata_27115,24,1.09,excretionRateN,ug N-NH4+ h^-1,Acetes sibogae australis,IkedaDatabase,NA,Vanni2016,10.1002/ecy.1582,dryWeight,8.169,mg
Pata_27116,24,1.76,excretionRateN,ug N-NH4+ h^-1,Acetes sibogae australis,IkedaDatabase,NA,Vanni2016,10.1002/ecy.1582,dryWeight,9.426,mg
Pata_27117,29,0.0022,excretionRateN,ug N-NH4+ h^-1,Acrocalanus gibber,IkedaDatabase,NA,Vanni2016,10.1002/ecy.1582,dryWeight,0.0017,mg
Pata_27118,29,0.0015,excretionRateN,ug N-NH4+ h^-1,Acrocalanus gibber,IkedaDatabase,NA,Vanni2016,10.1002/ecy.1582,dryWeight,0.0018,mg
Pata_27119,29,0.0053,excretionRateN,ug N-NH4+ h^-1,Acrocalanus gibber,IkedaDatabase,NA,Vanni2016,10.1002/ecy.1582,dryWeight,0.002,mg
Pata_27120,29,0.0017,excretionRateN,ug N-NH4+ h^-1,Acrocalanus gibber,IkedaDatabase,NA,Vanni2016,10.1002/ecy.1582,dryWeight,0.002,mg
Pata_27121,29,0.0048,excretionRateN,ug N-NH4+ h^-1,Acrocalanus gibber,IkedaDatabase,NA,Vanni2016,10.1002/ecy.1582,dryWeight,0.0023,mg
Pata_27122,29,0.003,excretionRateN,ug N-NH4+ h^-1,Acrocalanus gibber,IkedaDatabase,NA,Vanni2016,10.1002/ecy.1582,dryWeight,0.0028,mg
Pata_27123,29,0.0019,excretionRateN,ug N-NH4+ h^-1,Acrocalanus gibber,IkedaDatabase,NA,Vanni2016,10.1002/ecy.1582,dryWeight,0.004,mg
Pata_27124,29,0.0116,excretionRateN,ug N-NH4+ h^-1,Acrocalanus gibber,IkedaDatabase,NA,Vanni2016,10.1002/ecy.1582,dryWeight,0.0066,mg
Pata_27125,22,0.0093,excretionRateN,ug N-NH4+ h^-1,Acrocalanus gibber,IkedaDatabase,NA,Vanni2016,10.1002/ecy.1582,dryWeight,0.007,mg
Pata_27126,29,0.0033,excretionRateN,ug N-NH4+ h^-1,Acrocalanus gibber,IkedaDatabase,NA,Vanni2016,10.1002/ecy.1582,dryWeight,0.0078,mg
Pata_27127,29,0.0072,excretionRateN,ug N-NH4+ h^-1,Acrocalanus gibber,IkedaDatabase,NA,Vanni2016,10.1002/ecy.1582,dryWeight,0.0079,mg
Pata_27128,29,0.0039,excretionRateN,ug N-NH4+ h^-1,Acrocalanus gibber,IkedaDatabase,NA,Vanni2016,10.1002/ecy.1582,dryWeight,0.0081,mg
Pata_27129,29,0.0036,excretionRateN,ug N-NH4+ h^-1,Acrocalanus gibber,IkedaDatabase,NA,Vanni2016,10.1002/ecy.1582,dryWeight,0.0083,mg
Pata_27130,29,0.0042,excretionRateN,ug N-NH4+ h^-1,Acrocalanus gibber,IkedaDatabase,NA,Vanni2016,10.1002/ecy.1582,dryWeight,0.0088,mg
Pata_27131,29,0.0765,excretionRateN,ug N-NH4+ h^-1,Acrocalanus gibber,IkedaDatabase,NA,Vanni2016,10.1002/ecy.1582,dryWeight,0.0096,mg
Pata_27132,29,0.0227,excretionRateN,ug N-NH4+ h^-1,Acrocalanus gibber,IkedaDatabase,NA,Vanni2016,10.1002/ecy.1582,dryWeight,0.01,mg
Pata_27133,29,0.188,excretionRateN,ug N-NH4+ h^-1,Acrocalanus gibber,IkedaDatabase,NA,Vanni2016,10.1002/ecy.1582,dryWeight,0.0105,mg
Pata_27134,29,0.0064,excretionRateN,ug N-NH4+ h^-1,Acrocalanus gibber,IkedaDatabase,NA,Vanni2016,10.1002/ecy.1582,dryWeight,0.0108,mg
Pata_27135,29,0.0289,excretionRateN,ug N-NH4+ h^-1,Acrocalanus gibber,IkedaDatabase,NA,Vanni2016,10.1002/ecy.1582,dryWeight,0.0108,mg
Pata_27136,29,0.0186,excretionRateN,ug N-NH4+ h^-1,Acrocalanus gibber,IkedaDatabase,NA,Vanni2016,10.1002/ecy.1582,dryWeight,0.0109,mg
Pata_27137,29,0.0538,excretionRateN,ug N-NH4+ h^-1,Acrocalanus gibber,IkedaDatabase,NA,Vanni2016,10.1002/ecy.1582,dryWeight,0.0109,mg
Pata_27138,29,0.0331,excretionRateN,ug N-NH4+ h^-1,Acrocalanus gibber,IkedaDatabase,NA,Vanni2016,10.1002/ecy.1582,dryWeight,0.0117,mg
Pata_27139,28,0.0234,excretionRateN,ug N-NH4+ h^-1,Acrocalanus gibber,IkedaDatabase,NA,Vanni2016,10.1002/ecy.1582,dryWeight,0.0133,mg
Pata_27140,22,0.0081,excretionRateN,ug N-NH4+ h^-1,Acrocalanus gibber,IkedaDatabase,NA,Vanni2016,10.1002/ecy.1582,dryWeight,0.0148,mg
Pata_27141,28,0.02,excretionRateN,ug N-NH4+ h^-1,Acrocalanus gibber,IkedaDatabase,NA,Vanni2016,10.1002/ecy.1582,dryWeight,0.0158,mg
Pata_27142,28,0.0144,excretionRateN,ug N-NH4+ h^-1,Acrocalanus gibber,IkedaDatabase,NA,Vanni2016,10.1002/ecy.1582,dryWeight,0.0161,mg
Pata_27143,28,0.0253,excretionRateN,ug N-NH4+ h^-1,Acrocalanus gibber,IkedaDatabase,NA,Vanni2016,10.1002/ecy.1582,dryWeight,0.0163,mg
Pata_27144,28,0.0189,excretionRateN,ug N-NH4+ h^-1,Acrocalanus gibber,IkedaDatabase,NA,Vanni2016,10.1002/ecy.1582,dryWeight,0.0164,mg
Pata_27145,22,0.0133,excretionRateN,ug N-NH4+ h^-1,Acrocalanus gibber,IkedaDatabase,NA,Vanni2016,10.1002/ecy.1582,dryWeight,0.0166,mg
Pata_27146,28,0.0308,excretionRateN,ug N-NH4+ h^-1,Acrocalanus gibber,IkedaDatabase,NA,Vanni2016,10.1002/ecy.1582,dryWeight,0.0168,mg
Pata_27147,22,0.0138,excretionRateN,ug N-NH4+ h^-1,Acrocalanus gibber,IkedaDatabase,NA,Vanni2016,10.1002/ecy.1582,dryWeight,0.0169,mg
Pata_27148,22,0.0116,excretionRateN,ug N-NH4+ h^-1,Acrocalanus gibber,IkedaDatabase,NA,Vanni2016,10.1002/ecy.1582,dryWeight,0.017,mg
Pata_27149,22,0.0114,excretionRateN,ug N-NH4+ h^-1,Acrocalanus gibber,IkedaDatabase,NA,Vanni2016,10.1002/ecy.1582,dryWeight,0.0177,mg
Pata_27150,28,0.0278,excretionRateN,ug N-NH4+ h^-1,Acrocalanus gibber,IkedaDatabase,NA,Vanni2016,10.1002/ecy.1582,dryWeight,0.0177,mg
Pata_27151,22,0.012,excretionRateN,ug N-NH4+ h^-1,Acrocalanus gibber,IkedaDatabase,NA,Vanni2016,10.1002/ecy.1582,dryWeight,0.0179,mg
Pata_27152,28,0.0238,excretionRateN,ug N-NH4+ h^-1,Acrocalanus gibber,IkedaDatabase,NA,Vanni2016,10.1002/ecy.1582,dryWeight,0.0182,mg
Pata_27153,28,0.0229,excretionRateN,ug N-NH4+ h^-1,Acrocalanus gibber,IkedaDatabase,NA,Vanni2016,10.1002/ecy.1582,dryWeight,0.019,mg
Pata_27154,22,0.0125,excretionRateN,ug N-NH4+ h^-1,Acrocalanus gibber,IkedaDatabase,NA,Vanni2016,10.1002/ecy.1582,dryWeight,0.0197,mg
Pata_27155,22,0.0074,excretionRateN,ug N-NH4+ h^-1,Acrocalanus gibber,IkedaDatabase,NA,Vanni2016,10.1002/ecy.1582,dryWeight,0.0266,mg
Pata_27156,22,0.0111,excretionRateN,ug N-NH4+ h^-1,Acrocalanus gibber,IkedaDatabase,NA,Vanni2016,10.1002/ecy.1582,dryWeight,0.0267,mg
Pata_27157,22,0.0082,excretionRateN,ug N-NH4+ h^-1,Acrocalanus gibber,IkedaDatabase,NA,Vanni2016,10.1002/ecy.1582,dryWeight,0.0279,mg
Pata_27158,22,0.0158,excretionRateN,ug N-NH4+ h^-1,Acrocalanus gibber,IkedaDatabase,NA,Vanni2016,10.1002/ecy.1582,dryWeight,0.0304,mg
Pata_27159,22,0.0121,excretionRateN,ug N-NH4+ h^-1,Acrocalanus gibber,IkedaDatabase,NA,Vanni2016,10.1002/ecy.1582,dryWeight,0.0304,mg
Pata_27160,6.7,0.2,excretionRateN,ug N-NH4+ h^-1,Aglantha digitale,IkedaDatabase,NA,Vanni2016,10.1002/ecy.1582,dryWeight,2.98,mg
Pata_27161,10.2,0.28,excretionRateN,ug N-NH4+ h^-1,Aglantha digitale,IkedaDatabase,NA,Vanni2016,10.1002/ecy.1582,dryWeight,3.8,mg
Pata_27162,0.1,0.048,excretionRateN,ug N-NH4+ h^-1,Aglantha digitale,IkedaDatabase,NA,Vanni2016,10.1002/ecy.1582,dryWeight,6.23,mg
Pata_27163,0.1,0.053,excretionRateN,ug N-NH4+ h^-1,Aglantha digitale,IkedaDatabase,NA,Vanni2016,10.1002/ecy.1582,dryWeight,10.31,mg
Pata_27164,0.1,0.183,excretionRateN,ug N-NH4+ h^-1,Aglantha digitale,IkedaDatabase,NA,Vanni2016,10.1002/ecy.1582,dryWeight,10.47,mg
Pata_27165,2,0.058,excretionRateN,ug N-NH4+ h^-1,Aglantha digitale,IkedaDatabase,NA,Vanni2016,10.1002/ecy.1582,dryWeight,12.33,mg
Pata_27166,2,0.026,excretionRateN,ug N-NH4+ h^-1,Aglantha digitale,IkedaDatabase,NA,Vanni2016,10.1002/ecy.1582,dryWeight,12.62,mg
Pata_27167,2,0.076,excretionRateN,ug N-NH4+ h^-1,Aglantha digitale,IkedaDatabase,NA,Vanni2016,10.1002/ecy.1582,dryWeight,13.89,mg
Pata_27168,2,0.075,excretionRateN,ug N-NH4+ h^-1,Aglantha digitale,IkedaDatabase,NA,Vanni2016,10.1002/ecy.1582,dryWeight,19.6,mg
Pata_27169,0.1,0.139,excretionRateN,ug N-NH4+ h^-1,Aglantha digitale,IkedaDatabase,NA,Vanni2016,10.1002/ecy.1582,dryWeight,26.51,mg
Pata_27170,15.2,0.841,excretionRateN,ug N-NH4+ h^-1,Beroe cucumis,IkedaDatabase,NA,Vanni2016,10.1002/ecy.1582,dryWeight,33.24,mg
Pata_27171,15.2,1.14,excretionRateN,ug N-NH4+ h^-1,Beroe cucumis,IkedaDatabase,NA,Vanni2016,10.1002/ecy.1582,dryWeight,52.06,mg
Pata_27172,15.2,1.59,excretionRateN,ug N-NH4+ h^-1,Beroe cucumis,IkedaDatabase,NA,Vanni2016,10.1002/ecy.1582,dryWeight,71.1,mg
Pata_27173,-1.7,0.67,excretionRateN,ug N-NH4+ h^-1,Beroe,IkedaDatabase,NA,Vanni2016,10.1002/ecy.1582,dryWeight,273,mg
Pata_27174,-0.8,2.213,excretionRateN,ug N-NH4+ h^-1,Beroe,IkedaDatabase,NA,Vanni2016,10.1002/ecy.1582,dryWeight,401.58,mg
Pata_27175,-1.3,2.3,excretionRateN,ug N-NH4+ h^-1,Beroe,IkedaDatabase,NA,Vanni2016,10.1002/ecy.1582,dryWeight,553,mg
Pata_27176,-1.3,1.35,excretionRateN,ug N-NH4+ h^-1,Beroe,IkedaDatabase,NA,Vanni2016,10.1002/ecy.1582,dryWeight,588,mg
Pata_27177,-1.7,2.29,excretionRateN,ug N-NH4+ h^-1,Beroe,IkedaDatabase,NA,Vanni2016,10.1002/ecy.1582,dryWeight,588,mg
Pata_27178,-1.3,2.59,excretionRateN,ug N-NH4+ h^-1,Beroe,IkedaDatabase,NA,Vanni2016,10.1002/ecy.1582,dryWeight,673,mg
Pata_27179,-1.7,0.9,excretionRateN,ug N-NH4+ h^-1,Beroe,IkedaDatabase,NA,Vanni2016,10.1002/ecy.1582,dryWeight,789,mg
Pata_27180,-1.7,1.53,excretionRateN,ug N-NH4+ h^-1,Beroe,IkedaDatabase,NA,Vanni2016,10.1002/ecy.1582,dryWeight,930,mg
Pata_27181,-1.7,2.45,excretionRateN,ug N-NH4+ h^-1,Beroe,IkedaDatabase,NA,Vanni2016,10.1002/ecy.1582,dryWeight,1498,mg
Pata_27182,-1.7,3.12,excretionRateN,ug N-NH4+ h^-1,Beroe,IkedaDatabase,NA,Vanni2016,10.1002/ecy.1582,dryWeight,2650,mg
Pata_27183,-1.7,5.35,excretionRateN,ug N-NH4+ h^-1,Beroe,IkedaDatabase,NA,Vanni2016,10.1002/ecy.1582,dryWeight,4116,mg
Pata_27184,-1,0.0015,excretionRateN,ug N-NH4+ h^-1,Calanoides acutus,IkedaDatabase,NA,Vanni2016,10.1002/ecy.1582,dryWeight,0.155,mg
Pata_27185,-1,0.0013,excretionRateN,ug N-NH4+ h^-1,Calanoides acutus,IkedaDatabase,NA,Vanni2016,10.1002/ecy.1582,dryWeight,0.171,mg
Pata_27186,-1,0.009,excretionRateN,ug N-NH4+ h^-1,Calanoides acutus,IkedaDatabase,NA,Vanni2016,10.1002/ecy.1582,dryWeight,0.177,mg
Pata_27187,-1,0.0221,excretionRateN,ug N-NH4+ h^-1,Calanoides acutus,IkedaDatabase,NA,Vanni2016,10.1002/ecy.1582,dryWeight,0.183,mg
Pata_27188,-1,0.0098,excretionRateN,ug N-NH4+ h^-1,Calanoides acutus,IkedaDatabase,NA,Vanni2016,10.1002/ecy.1582,dryWeight,0.215,mg
Pata_27189,-1,0.0254,excretionRateN,ug N-NH4+ h^-1,Calanoides acutus,IkedaDatabase,NA,Vanni2016,10.1002/ecy.1582,dryWeight,0.229,mg
Pata_27190,-0.1,0.0099,excretionRateN,ug N-NH4+ h^-1,Calanoides acutus,IkedaDatabase,NA,Vanni2016,10.1002/ecy.1582,dryWeight,0.234,mg
Pata_27191,-1,0.029,excretionRateN,ug N-NH4+ h^-1,Calanoides acutus,IkedaDatabase,NA,Vanni2016,10.1002/ecy.1582,dryWeight,0.247,mg
Pata_27192,-1,0.0181,excretionRateN,ug N-NH4+ h^-1,Calanoides acutus,IkedaDatabase,NA,Vanni2016,10.1002/ecy.1582,dryWeight,0.256,mg
Pata_27193,-1,0.0127,excretionRateN,ug N-NH4+ h^-1,Calanoides acutus,IkedaDatabase,NA,Vanni2016,10.1002/ecy.1582,dryWeight,0.263,mg
Pata_27194,-1,0.0092,excretionRateN,ug N-NH4+ h^-1,Calanoides acutus,IkedaDatabase,NA,Vanni2016,10.1002/ecy.1582,dryWeight,0.271,mg
Pata_27195,-0.1,0.0133,excretionRateN,ug N-NH4+ h^-1,Calanoides acutus,IkedaDatabase,NA,Vanni2016,10.1002/ecy.1582,dryWeight,0.307,mg
Pata_27196,-0.1,0.0117,excretionRateN,ug N-NH4+ h^-1,Calanoides acutus,IkedaDatabase,NA,Vanni2016,10.1002/ecy.1582,dryWeight,0.324,mg
Pata_27197,-0.2,0.0268,excretionRateN,ug N-NH4+ h^-1,Calanoides acutus,IkedaDatabase,NA,Vanni2016,10.1002/ecy.1582,dryWeight,0.34,mg
Pata_27198,-0.1,0.0159,excretionRateN,ug N-NH4+ h^-1,Calanoides acutus,IkedaDatabase,NA,Vanni2016,10.1002/ecy.1582,dryWeight,0.346,mg
Pata_27199,-0.1,0.0249,excretionRateN,ug N-NH4+ h^-1,Calanoides acutus,IkedaDatabase,NA,Vanni2016,10.1002/ecy.1582,dryWeight,0.36,mg
Pata_27200,-0.2,0.032,excretionRateN,ug N-NH4+ h^-1,Calanoides acutus,IkedaDatabase,NA,Vanni2016,10.1002/ecy.1582,dryWeight,0.375,mg
Pata_27201,-0.2,0.0122,excretionRateN,ug N-NH4+ h^-1,Calanoides acutus,IkedaDatabase,NA,Vanni2016,10.1002/ecy.1582,dryWeight,0.388,mg
Pata_27202,-0.2,0.011,excretionRateN,ug N-NH4+ h^-1,Calanoides acutus,IkedaDatabase,NA,Vanni2016,10.1002/ecy.1582,dryWeight,0.412,mg
Pata_27203,-0.1,0.0235,excretionRateN,ug N-NH4+ h^-1,Calanoides acutus,IkedaDatabase,NA,Vanni2016,10.1002/ecy.1582,dryWeight,0.43,mg
Pata_27204,-0.1,0.0144,excretionRateN,ug N-NH4+ h^-1,Calanoides acutus,IkedaDatabase,NA,Vanni2016,10.1002/ecy.1582,dryWeight,0.451,mg
Pata_27205,-0.2,0.0148,excretionRateN,ug N-NH4+ h^-1,Calanoides acutus,IkedaDatabase,NA,Vanni2016,10.1002/ecy.1582,dryWeight,0.453,mg
Pata_27206,27,0.0292,excretionRateN,ug N-NH4+ h^-1,Calanopia elliptica,IkedaDatabase,NA,Vanni2016,10.1002/ecy.1582,dryWeight,0.021,mg
Pata_27207,27,0.0153,excretionRateN,ug N-NH4+ h^-1,Calanopia elliptica,IkedaDatabase,NA,Vanni2016,10.1002/ecy.1582,dryWeight,0.0221,mg
Pata_27208,27,0.0051,excretionRateN,ug N-NH4+ h^-1,Calanopia elliptica,IkedaDatabase,NA,Vanni2016,10.1002/ecy.1582,dryWeight,0.023,mg
Pata_27209,27,0.0074,excretionRateN,ug N-NH4+ h^-1,Calanopia elliptica,IkedaDatabase,NA,Vanni2016,10.1002/ecy.1582,dryWeight,0.0241,mg
Pata_27210,27,0.062,excretionRateN,ug N-NH4+ h^-1,Calanopia elliptica,IkedaDatabase,NA,Vanni2016,10.1002/ecy.1582,dryWeight,0.0242,mg
Pata_27211,27,0.0205,excretionRateN,ug N-NH4+ h^-1,Calanopia elliptica,IkedaDatabase,NA,Vanni2016,10.1002/ecy.1582,dryWeight,0.026,mg
Pata_27212,27,0.042,excretionRateN,ug N-NH4+ h^-1,Calanopia elliptica,IkedaDatabase,NA,Vanni2016,10.1002/ecy.1582,dryWeight,0.0262,mg
Pata_27213,27,0.0258,excretionRateN,ug N-NH4+ h^-1,Calanopia elliptica,IkedaDatabase,NA,Vanni2016,10.1002/ecy.1582,dryWeight,0.0267,mg
Pata_27214,27,0.02,excretionRateN,ug N-NH4+ h^-1,Calanopia elliptica,IkedaDatabase,NA,Vanni2016,10.1002/ecy.1582,dryWeight,0.0272,mg
Pata_27215,27,0.0056,excretionRateN,ug N-NH4+ h^-1,Calanopia elliptica,IkedaDatabase,NA,Vanni2016,10.1002/ecy.1582,dryWeight,0.028,mg
Pata_27216,27,0.0038,excretionRateN,ug N-NH4+ h^-1,Calanopia elliptica,IkedaDatabase,NA,Vanni2016,10.1002/ecy.1582,dryWeight,0.028,mg
Pata_27217,28,0.102,excretionRateN,ug N-NH4+ h^-1,Calanopia elliptica,IkedaDatabase,NA,Vanni2016,10.1002/ecy.1582,dryWeight,0.0301,mg
Pata_27218,27,0.0284,excretionRateN,ug N-NH4+ h^-1,Calanopia elliptica,IkedaDatabase,NA,Vanni2016,10.1002/ecy.1582,dryWeight,0.0306,mg
Pata_27219,27,0.006,excretionRateN,ug N-NH4+ h^-1,Calanopia elliptica,IkedaDatabase,NA,Vanni2016,10.1002/ecy.1582,dryWeight,0.031,mg
Pata_27220,27,0.0138,excretionRateN,ug N-NH4+ h^-1,Calanopia elliptica,IkedaDatabase,NA,Vanni2016,10.1002/ecy.1582,dryWeight,0.0329,mg
Pata_27221,28,0.0352,excretionRateN,ug N-NH4+ h^-1,Calanopia elliptica,IkedaDatabase,NA,Vanni2016,10.1002/ecy.1582,dryWeight,0.0363,mg
Pata_27222,28,0.0157,excretionRateN,ug N-NH4+ h^-1,Calanopia elliptica,IkedaDatabase,NA,Vanni2016,10.1002/ecy.1582,dryWeight,0.0493,mg
Pata_27223,28,0.125,excretionRateN,ug N-NH4+ h^-1,Calanopia elliptica,IkedaDatabase,NA,Vanni2016,10.1002/ecy.1582,dryWeight,0.05,mg
Pata_27224,28,0.0139,excretionRateN,ug N-NH4+ h^-1,Calanopia elliptica,IkedaDatabase,NA,Vanni2016,10.1002/ecy.1582,dryWeight,0.05,mg
Pata_27225,27,0.0063,excretionRateN,ug N-NH4+ h^-1,Calanopia elliptica,IkedaDatabase,NA,Vanni2016,10.1002/ecy.1582,dryWeight,0.0524,mg
Pata_27226,28,0.0187,excretionRateN,ug N-NH4+ h^-1,Calanopia elliptica,IkedaDatabase,NA,Vanni2016,10.1002/ecy.1582,dryWeight,0.055,mg
Pata_27227,28,0.0469,excretionRateN,ug N-NH4+ h^-1,Calanopia elliptica,IkedaDatabase,NA,Vanni2016,10.1002/ecy.1582,dryWeight,0.0551,mg
Pata_27228,26,0.0277,excretionRateN,ug N-NH4+ h^-1,Calanopia elliptica,IkedaDatabase,NA,Vanni2016,10.1002/ecy.1582,dryWeight,0.0559,mg
Pata_27229,26,0.015,excretionRateN,ug N-NH4+ h^-1,Calanopia elliptica,IkedaDatabase,NA,Vanni2016,10.1002/ecy.1582,dryWeight,0.0565,mg
Pata_27230,26,0.0178,excretionRateN,ug N-NH4+ h^-1,Calanopia elliptica,IkedaDatabase,NA,Vanni2016,10.1002/ecy.1582,dryWeight,0.0565,mg
Pata_27231,28,0.0108,excretionRateN,ug N-NH4+ h^-1,Calanopia elliptica,IkedaDatabase,NA,Vanni2016,10.1002/ecy.1582,dryWeight,0.0565,mg
Pata_27232,28,0.0066,excretionRateN,ug N-NH4+ h^-1,Calanopia elliptica,IkedaDatabase,NA,Vanni2016,10.1002/ecy.1582,dryWeight,0.0573,mg
Pata_27233,28,0.0102,excretionRateN,ug N-NH4+ h^-1,Calanopia elliptica,IkedaDatabase,NA,Vanni2016,10.1002/ecy.1582,dryWeight,0.0574,mg
Pata_27234,28,0.0449,excretionRateN,ug N-NH4+ h^-1,Calanopia elliptica,IkedaDatabase,NA,Vanni2016,10.1002/ecy.1582,dryWeight,0.0581,mg
Pata_27235,27,0.0197,excretionRateN,ug N-NH4+ h^-1,Calanopia elliptica,IkedaDatabase,NA,Vanni2016,10.1002/ecy.1582,dryWeight,0.0582,mg
Pata_27236,22,0.0136,excretionRateN,ug N-NH4+ h^-1,Calanopia elliptica,IkedaDatabase,NA,Vanni2016,10.1002/ecy.1582,dryWeight,0.0604,mg
Pata_27237,28,0.0346,excretionRateN,ug N-NH4+ h^-1,Calanopia elliptica,IkedaDatabase,NA,Vanni2016,10.1002/ecy.1582,dryWeight,0.0609,mg
Pata_27238,27,0.0135,excretionRateN,ug N-NH4+ h^-1,Calanopia elliptica,IkedaDatabase,NA,Vanni2016,10.1002/ecy.1582,dryWeight,0.0612,mg
Pata_27239,22,0.0163,excretionRateN,ug N-NH4+ h^-1,Calanopia elliptica,IkedaDatabase,NA,Vanni2016,10.1002/ecy.1582,dryWeight,0.0622,mg
Pata_27240,28,0.0221,excretionRateN,ug N-NH4+ h^-1,Calanopia elliptica,IkedaDatabase,NA,Vanni2016,10.1002/ecy.1582,dryWeight,0.0622,mg
Pata_27241,27,0.0021,excretionRateN,ug N-NH4+ h^-1,Calanopia elliptica,IkedaDatabase,NA,Vanni2016,10.1002/ecy.1582,dryWeight,0.0638,mg
Pata_27242,27,0.0195,excretionRateN,ug N-NH4+ h^-1,Calanopia elliptica,IkedaDatabase,NA,Vanni2016,10.1002/ecy.1582,dryWeight,0.0646,mg
Pata_27243,28,0.0222,excretionRateN,ug N-NH4+ h^-1,Calanopia elliptica,IkedaDatabase,NA,Vanni2016,10.1002/ecy.1582,dryWeight,0.0648,mg
Pata_27244,27,0.0217,excretionRateN,ug N-NH4+ h^-1,Calanopia elliptica,IkedaDatabase,NA,Vanni2016,10.1002/ecy.1582,dryWeight,0.0651,mg
Pata_27245,27,0.0201,excretionRateN,ug N-NH4+ h^-1,Calanopia elliptica,IkedaDatabase,NA,Vanni2016,10.1002/ecy.1582,dryWeight,0.0651,mg
Pata_27246,27,0.0092,excretionRateN,ug N-NH4+ h^-1,Calanopia elliptica,IkedaDatabase,NA,Vanni2016,10.1002/ecy.1582,dryWeight,0.0655,mg
Pata_27247,22,0.01,excretionRateN,ug N-NH4+ h^-1,Calanopia elliptica,IkedaDatabase,NA,Vanni2016,10.1002/ecy.1582,dryWeight,0.0661,mg
Pata_27248,27,0.0419,excretionRateN,ug N-NH4+ h^-1,Calanopia elliptica,IkedaDatabase,NA,Vanni2016,10.1002/ecy.1582,dryWeight,0.0662,mg
Pata_27249,28,0.0338,excretionRateN,ug N-NH4+ h^-1,Calanopia elliptica,IkedaDatabase,NA,Vanni2016,10.1002/ecy.1582,dryWeight,0.0663,mg
Pata_27250,28,0.0305,excretionRateN,ug N-NH4+ h^-1,Calanopia elliptica,IkedaDatabase,NA,Vanni2016,10.1002/ecy.1582,dryWeight,0.0679,mg
Pata_27251,27,0.0085,excretionRateN,ug N-NH4+ h^-1,Calanopia elliptica,IkedaDatabase,NA,Vanni2016,10.1002/ecy.1582,dryWeight,0.0682,mg
Pata_27252,22,0.0181,excretionRateN,ug N-NH4+ h^-1,Calanopia elliptica,IkedaDatabase,NA,Vanni2016,10.1002/ecy.1582,dryWeight,0.0698,mg
Pata_27253,22,0.0075,excretionRateN,ug N-NH4+ h^-1,Calanopia elliptica,IkedaDatabase,NA,Vanni2016,10.1002/ecy.1582,dryWeight,0.0698,mg
Pata_27254,22,0.0068,excretionRateN,ug N-NH4+ h^-1,Calanopia elliptica,IkedaDatabase,NA,Vanni2016,10.1002/ecy.1582,dryWeight,0.0724,mg
Pata_27255,22,0.0134,excretionRateN,ug N-NH4+ h^-1,Calanopia elliptica,IkedaDatabase,NA,Vanni2016,10.1002/ecy.1582,dryWeight,0.0734,mg
Pata_27256,27,0.0493,excretionRateN,ug N-NH4+ h^-1,Calanopia elliptica,IkedaDatabase,NA,Vanni2016,10.1002/ecy.1582,dryWeight,0.074,mg
Pata_27257,22,0.0061,excretionRateN,ug N-NH4+ h^-1,Calanopia elliptica,IkedaDatabase,NA,Vanni2016,10.1002/ecy.1582,dryWeight,0.0746,mg
Pata_27258,22,0.0191,excretionRateN,ug N-NH4+ h^-1,Calanopia elliptica,IkedaDatabase,NA,Vanni2016,10.1002/ecy.1582,dryWeight,0.0764,mg
Pata_27259,22,0.0122,excretionRateN,ug N-NH4+ h^-1,Calanopia elliptica,IkedaDatabase,NA,Vanni2016,10.1002/ecy.1582,dryWeight,0.0773,mg
Pata_27260,22,0.0177,excretionRateN,ug N-NH4+ h^-1,Calanopia elliptica,IkedaDatabase,NA,Vanni2016,10.1002/ecy.1582,dryWeight,0.0779,mg
Pata_27261,22,0.0311,excretionRateN,ug N-NH4+ h^-1,Calanopia elliptica,IkedaDatabase,NA,Vanni2016,10.1002/ecy.1582,dryWeight,0.0794,mg
Pata_27262,22,0.0167,excretionRateN,ug N-NH4+ h^-1,Calanopia elliptica,IkedaDatabase,NA,Vanni2016,10.1002/ecy.1582,dryWeight,0.0796,mg
Pata_27263,22,0.0205,excretionRateN,ug N-NH4+ h^-1,Calanopia elliptica,IkedaDatabase,NA,Vanni2016,10.1002/ecy.1582,dryWeight,0.0822,mg
Pata_27264,22,0.0048,excretionRateN,ug N-NH4+ h^-1,Calanopia elliptica,IkedaDatabase,NA,Vanni2016,10.1002/ecy.1582,dryWeight,0.083,mg
Pata_27265,22,0.0255,excretionRateN,ug N-NH4+ h^-1,Calanopia elliptica,IkedaDatabase,NA,Vanni2016,10.1002/ecy.1582,dryWeight,0.0835,mg
Pata_27266,22,0.0209,excretionRateN,ug N-NH4+ h^-1,Calanopia elliptica,IkedaDatabase,NA,Vanni2016,10.1002/ecy.1582,dryWeight,0.0848,mg
Pata_27267,22,0.0161,excretionRateN,ug N-NH4+ h^-1,Calanopia elliptica,IkedaDatabase,NA,Vanni2016,10.1002/ecy.1582,dryWeight,0.0876,mg
Pata_27268,22,0.0275,excretionRateN,ug N-NH4+ h^-1,Calanopia elliptica,IkedaDatabase,NA,Vanni2016,10.1002/ecy.1582,dryWeight,0.0895,mg
Pata_27269,22,0.0319,excretionRateN,ug N-NH4+ h^-1,Calanopia elliptica,IkedaDatabase,NA,Vanni2016,10.1002/ecy.1582,dryWeight,0.0907,mg
Pata_27270,22,0.0238,excretionRateN,ug N-NH4+ h^-1,Calanopia elliptica,IkedaDatabase,NA,Vanni2016,10.1002/ecy.1582,dryWeight,0.0987,mg
Pata_27271,0.1,0.011,excretionRateN,ug N-NH4+ h^-1,Calanus finmarchicus,IkedaDatabase,NA,Vanni2016,10.1002/ecy.1582,dryWeight,0.274,mg
Pata_27272,0.1,0.013,excretionRateN,ug N-NH4+ h^-1,Calanus finmarchicus,IkedaDatabase,NA,Vanni2016,10.1002/ecy.1582,dryWeight,0.349,mg
Pata_27273,0.1,0.016,excretionRateN,ug N-NH4+ h^-1,Calanus finmarchicus,IkedaDatabase,NA,Vanni2016,10.1002/ecy.1582,dryWeight,0.4,mg
Pata_27274,0.1,0.012,excretionRateN,ug N-NH4+ h^-1,Calanus finmarchicus,IkedaDatabase,NA,Vanni2016,10.1002/ecy.1582,dryWeight,0.411,mg
Pata_27275,0.1,0.015,excretionRateN,ug N-NH4+ h^-1,Calanus finmarchicus,IkedaDatabase,NA,Vanni2016,10.1002/ecy.1582,dryWeight,0.435,mg
Pata_27276,3.5,0.021,excretionRateN,ug N-NH4+ h^-1,Calanus glacialis,IkedaDatabase,NA,Vanni2016,10.1002/ecy.1582,dryWeight,0.344,mg
Pata_27277,3.5,0.024,excretionRateN,ug N-NH4+ h^-1,Calanus glacialis,IkedaDatabase,NA,Vanni2016,10.1002/ecy.1582,dryWeight,0.366,mg
Pata_27278,3.5,0.028,excretionRateN,ug N-NH4+ h^-1,Calanus glacialis,IkedaDatabase,NA,Vanni2016,10.1002/ecy.1582,dryWeight,0.395,mg
Pata_27279,3.5,0.027,excretionRateN,ug N-NH4+ h^-1,Calanus glacialis,IkedaDatabase,NA,Vanni2016,10.1002/ecy.1582,dryWeight,0.426,mg
Pata_27280,3.5,0.029,excretionRateN,ug N-NH4+ h^-1,Calanus glacialis,IkedaDatabase,NA,Vanni2016,10.1002/ecy.1582,dryWeight,0.43,mg
Pata_27281,3.5,0.026,excretionRateN,ug N-NH4+ h^-1,Calanus glacialis,IkedaDatabase,NA,Vanni2016,10.1002/ecy.1582,dryWeight,0.454,mg
Pata_27282,3.5,0.025,excretionRateN,ug N-NH4+ h^-1,Calanus glacialis,IkedaDatabase,NA,Vanni2016,10.1002/ecy.1582,dryWeight,0.454,mg
Pata_27283,-0.5,0.037,excretionRateN,ug N-NH4+ h^-1,Calanus glacialis,IkedaDatabase,NA,Vanni2016,10.1002/ecy.1582,dryWeight,0.594,mg
Pata_27284,-0.5,0.04,excretionRateN,ug N-NH4+ h^-1,Calanus glacialis,IkedaDatabase,NA,Vanni2016,10.1002/ecy.1582,dryWeight,0.599,mg
Pata_27285,-0.5,0.042,excretionRateN,ug N-NH4+ h^-1,Calanus glacialis,IkedaDatabase,NA,Vanni2016,10.1002/ecy.1582,dryWeight,0.674,mg
Pata_27286,-0.1,0.037,excretionRateN,ug N-NH4+ h^-1,Calanus hyperboreus,IkedaDatabase,NA,Vanni2016,10.1002/ecy.1582,dryWeight,1.19,mg
Pata_27287,1.8,0.051,excretionRateN,ug N-NH4+ h^-1,Calanus hyperboreus,IkedaDatabase,NA,Vanni2016,10.1002/ecy.1582,dryWeight,1.32,mg
Pata_27288,1.8,0.044,excretionRateN,ug N-NH4+ h^-1,Calanus hyperboreus,IkedaDatabase,NA,Vanni2016,10.1002/ecy.1582,dryWeight,1.34,mg
Pata_27289,-0.1,0.036,excretionRateN,ug N-NH4+ h^-1,Calanus hyperboreus,IkedaDatabase,NA,Vanni2016,10.1002/ecy.1582,dryWeight,1.66,mg
Pata_27290,1.8,0.083,excretionRateN,ug N-NH4+ h^-1,Calanus hyperboreus,IkedaDatabase,NA,Vanni2016,10.1002/ecy.1582,dryWeight,1.69,mg
Pata_27291,-0.4,0.017,excretionRateN,ug N-NH4+ h^-1,Calanus hyperboreus,IkedaDatabase,NA,Vanni2016,10.1002/ecy.1582,dryWeight,2,mg
Pata_27292,1.8,0.067,excretionRateN,ug N-NH4+ h^-1,Calanus hyperboreus,IkedaDatabase,NA,Vanni2016,10.1002/ecy.1582,dryWeight,2.1,mg
Pata_27293,-0.4,0.018,excretionRateN,ug N-NH4+ h^-1,Calanus hyperboreus,IkedaDatabase,NA,Vanni2016,10.1002/ecy.1582,dryWeight,2.26,mg
Pata_27294,0,0.064,excretionRateN,ug N-NH4+ h^-1,Calanus hyperboreus,IkedaDatabase,NA,Vanni2016,10.1002/ecy.1582,dryWeight,2.29,mg
Pata_27295,-0.1,0.035,excretionRateN,ug N-NH4+ h^-1,Calanus hyperboreus,IkedaDatabase,NA,Vanni2016,10.1002/ecy.1582,dryWeight,2.7,mg
Pata_27296,1.8,0.048,excretionRateN,ug N-NH4+ h^-1,Calanus hyperboreus,IkedaDatabase,NA,Vanni2016,10.1002/ecy.1582,dryWeight,2.72,mg
Pata_27297,-0.4,0.029,excretionRateN,ug N-NH4+ h^-1,Calanus hyperboreus,IkedaDatabase,NA,Vanni2016,10.1002/ecy.1582,dryWeight,2.77,mg
Pata_27298,-0.4,0.021,excretionRateN,ug N-NH4+ h^-1,Calanus hyperboreus,IkedaDatabase,NA,Vanni2016,10.1002/ecy.1582,dryWeight,2.78,mg
Pata_27299,0,0.038,excretionRateN,ug N-NH4+ h^-1,Calanus hyperboreus,IkedaDatabase,NA,Vanni2016,10.1002/ecy.1582,dryWeight,2.83,mg
Pata_27300,-0.4,0.025,excretionRateN,ug N-NH4+ h^-1,Calanus hyperboreus,IkedaDatabase,NA,Vanni2016,10.1002/ecy.1582,dryWeight,2.9,mg
Pata_27301,-0.4,0.023,excretionRateN,ug N-NH4+ h^-1,Calanus hyperboreus,IkedaDatabase,NA,Vanni2016,10.1002/ecy.1582,dryWeight,2.99,mg
Pata_27302,0,0.032,excretionRateN,ug N-NH4+ h^-1,Calanus hyperboreus,IkedaDatabase,NA,Vanni2016,10.1002/ecy.1582,dryWeight,3.06,mg
Pata_27303,1.8,0.058,excretionRateN,ug N-NH4+ h^-1,Calanus hyperboreus,IkedaDatabase,NA,Vanni2016,10.1002/ecy.1582,dryWeight,3.4,mg
Pata_27304,-0.4,0.041,excretionRateN,ug N-NH4+ h^-1,Calanus hyperboreus,IkedaDatabase,NA,Vanni2016,10.1002/ecy.1582,dryWeight,4.31,mg
Pata_27305,1.8,0.049,excretionRateN,ug N-NH4+ h^-1,Calanus hyperboreus,IkedaDatabase,NA,Vanni2016,10.1002/ecy.1582,dryWeight,5.37,mg
Pata_27306,-1.2,0.045,excretionRateN,ug N-NH4+ h^-1,Calanus propinquus,IkedaDatabase,NA,Vanni2016,10.1002/ecy.1582,dryWeight,0.62,mg
Pata_27307,-1.2,0.035,excretionRateN,ug N-NH4+ h^-1,Calanus propinquus,IkedaDatabase,NA,Vanni2016,10.1002/ecy.1582,dryWeight,0.761,mg
Pata_27308,-1.2,0.032,excretionRateN,ug N-NH4+ h^-1,Calanus propinquus,IkedaDatabase,NA,Vanni2016,10.1002/ecy.1582,dryWeight,0.785,mg
Pata_27309,-1.2,0.036,excretionRateN,ug N-NH4+ h^-1,Calanus propinquus,IkedaDatabase,NA,Vanni2016,10.1002/ecy.1582,dryWeight,0.792,mg
Pata_27310,-1.2,0.029,excretionRateN,ug N-NH4+ h^-1,Calanus propinquus,IkedaDatabase,NA,Vanni2016,10.1002/ecy.1582,dryWeight,0.797,mg
Pata_27311,-1,0.0796,excretionRateN,ug N-NH4+ h^-1,Calanus propinquus,IkedaDatabase,NA,Vanni2016,10.1002/ecy.1582,dryWeight,0.806,mg
Pata_27312,-1,0.0981,excretionRateN,ug N-NH4+ h^-1,Calanus propinquus,IkedaDatabase,NA,Vanni2016,10.1002/ecy.1582,dryWeight,0.817,mg
Pata_27313,-1.2,0.031,excretionRateN,ug N-NH4+ h^-1,Calanus propinquus,IkedaDatabase,NA,Vanni2016,10.1002/ecy.1582,dryWeight,0.823,mg
Pata_27314,-1.2,0.03,excretionRateN,ug N-NH4+ h^-1,Calanus propinquus,IkedaDatabase,NA,Vanni2016,10.1002/ecy.1582,dryWeight,0.83,mg
Pata_27315,-1,0.1008,excretionRateN,ug N-NH4+ h^-1,Calanus propinquus,IkedaDatabase,NA,Vanni2016,10.1002/ecy.1582,dryWeight,0.836,mg
Pata_27316,-1.2,0.037,excretionRateN,ug N-NH4+ h^-1,Calanus propinquus,IkedaDatabase,NA,Vanni2016,10.1002/ecy.1582,dryWeight,0.848,mg
Pata_27317,-1,0.0829,excretionRateN,ug N-NH4+ h^-1,Calanus propinquus,IkedaDatabase,NA,Vanni2016,10.1002/ecy.1582,dryWeight,0.853,mg
Pata_27318,-1.2,0.033,excretionRateN,ug N-NH4+ h^-1,Calanus propinquus,IkedaDatabase,NA,Vanni2016,10.1002/ecy.1582,dryWeight,0.86,mg
Pata_27319,-1.2,0.041,excretionRateN,ug N-NH4+ h^-1,Calanus propinquus,IkedaDatabase,NA,Vanni2016,10.1002/ecy.1582,dryWeight,0.862,mg
Pata_27320,-1,0.0749,excretionRateN,ug N-NH4+ h^-1,Calanus propinquus,IkedaDatabase,NA,Vanni2016,10.1002/ecy.1582,dryWeight,0.867,mg
Pata_27321,-1,0.1108,excretionRateN,ug N-NH4+ h^-1,Calanus propinquus,IkedaDatabase,NA,Vanni2016,10.1002/ecy.1582,dryWeight,0.867,mg
Pata_27322,-1.2,0.038,excretionRateN,ug N-NH4+ h^-1,Calanus propinquus,IkedaDatabase,NA,Vanni2016,10.1002/ecy.1582,dryWeight,0.868,mg
Pata_27323,-1,0.104,excretionRateN,ug N-NH4+ h^-1,Calanus propinquus,IkedaDatabase,NA,Vanni2016,10.1002/ecy.1582,dryWeight,0.885,mg
Pata_27324,-1,0.113,excretionRateN,ug N-NH4+ h^-1,Calanus propinquus,IkedaDatabase,NA,Vanni2016,10.1002/ecy.1582,dryWeight,1.01,mg
Pata_27325,-1,0.127,excretionRateN,ug N-NH4+ h^-1,Calanus propinquus,IkedaDatabase,NA,Vanni2016,10.1002/ecy.1582,dryWeight,1.03,mg
Pata_27326,-1,0.115,excretionRateN,ug N-NH4+ h^-1,Calanus propinquus,IkedaDatabase,NA,Vanni2016,10.1002/ecy.1582,dryWeight,1.04,mg
Pata_27327,-1,0.108,excretionRateN,ug N-NH4+ h^-1,Calanus propinquus,IkedaDatabase,NA,Vanni2016,10.1002/ecy.1582,dryWeight,1.04,mg
Pata_27328,-1,0.106,excretionRateN,ug N-NH4+ h^-1,Calanus propinquus,IkedaDatabase,NA,Vanni2016,10.1002/ecy.1582,dryWeight,1.05,mg
Pata_27329,-1,0.107,excretionRateN,ug N-NH4+ h^-1,Calanus propinquus,IkedaDatabase,NA,Vanni2016,10.1002/ecy.1582,dryWeight,1.05,mg
Pata_27330,-1,0.078,excretionRateN,ug N-NH4+ h^-1,Calanus propinquus,IkedaDatabase,NA,Vanni2016,10.1002/ecy.1582,dryWeight,1.06,mg
Pata_27331,-0.7,0.194,excretionRateN,ug N-NH4+ h^-1,Calycopsis borchgrevinki,IkedaDatabase,NA,Vanni2016,10.1002/ecy.1582,dryWeight,102.81,mg
Pata_27332,-0.9,0.134,excretionRateN,ug N-NH4+ h^-1,Calycopsis borchgrevinki,IkedaDatabase,NA,Vanni2016,10.1002/ecy.1582,dryWeight,127.74,mg
Pata_27333,-0.5,0.053,excretionRateN,ug N-NH4+ h^-1,Calycopsis borchgrevinki,IkedaDatabase,NA,Vanni2016,10.1002/ecy.1582,dryWeight,136.19,mg
Pata_27334,-0.5,0.204,excretionRateN,ug N-NH4+ h^-1,Calycopsis borchgrevinki,IkedaDatabase,NA,Vanni2016,10.1002/ecy.1582,dryWeight,144.28,mg
Pata_27335,-0.9,0.166,excretionRateN,ug N-NH4+ h^-1,Calycopsis borchgrevinki,IkedaDatabase,NA,Vanni2016,10.1002/ecy.1582,dryWeight,168.81,mg
Pata_27336,27,0.075,excretionRateN,ug N-NH4+ h^-1,Candacia ethiopica,IkedaDatabase,NA,Vanni2016,10.1002/ecy.1582,dryWeight,0.103,mg
Pata_27337,27.4,1.08,excretionRateN,ug N-NH4+ h^-1,Cavolinia globulosa,IkedaDatabase,NA,Vanni2016,10.1002/ecy.1582,dryWeight,14.34,mg
Pata_27338,22.4,1.73,excretionRateN,ug N-NH4+ h^-1,Cavolinia globulosa,IkedaDatabase,NA,Vanni2016,10.1002/ecy.1582,dryWeight,18.65,mg
Pata_27339,27,1.88,excretionRateN,ug N-NH4+ h^-1,Diacavolinia longirostris,IkedaDatabase,NA,Vanni2016,10.1002/ecy.1582,dryWeight,6.624,mg
Pata_27340,27,1.68,excretionRateN,ug N-NH4+ h^-1,Diacavolinia longirostris,IkedaDatabase,NA,Vanni2016,10.1002/ecy.1582,dryWeight,7.032,mg
Pata_27341,27,1.58,excretionRateN,ug N-NH4+ h^-1,Diacavolinia longirostris,IkedaDatabase,NA,Vanni2016,10.1002/ecy.1582,dryWeight,7.529,mg
Pata_27342,27,1.96,excretionRateN,ug N-NH4+ h^-1,Diacavolinia longirostris,IkedaDatabase,NA,Vanni2016,10.1002/ecy.1582,dryWeight,8.178,mg
Pata_27343,27,1.75,excretionRateN,ug N-NH4+ h^-1,Diacavolinia longirostris,IkedaDatabase,NA,Vanni2016,10.1002/ecy.1582,dryWeight,8.662,mg
Pata_27344,27,2.23,excretionRateN,ug N-NH4+ h^-1,Diacavolinia longirostris,IkedaDatabase,NA,Vanni2016,10.1002/ecy.1582,dryWeight,9.07,mg
Pata_27345,27,1.22,excretionRateN,ug N-NH4+ h^-1,Diacavolinia longirostris,IkedaDatabase,NA,Vanni2016,10.1002/ecy.1582,dryWeight,9.962,mg
Pata_27346,27,2.49,excretionRateN,ug N-NH4+ h^-1,Diacavolinia longirostris,IkedaDatabase,NA,Vanni2016,10.1002/ecy.1582,dryWeight,10.242,mg
Pata_27347,27,2.45,excretionRateN,ug N-NH4+ h^-1,Diacavolinia longirostris,IkedaDatabase,NA,Vanni2016,10.1002/ecy.1582,dryWeight,11.134,mg
Pata_27348,19.7,1.04,excretionRateN,ug N-NH4+ h^-1,Cavolinia uncinata,IkedaDatabase,NA,Vanni2016,10.1002/ecy.1582,dryWeight,18.5,mg
Pata_27349,22,0.0066,excretionRateN,ug N-NH4+ h^-1,Centropages furcatus,IkedaDatabase,NA,Vanni2016,10.1002/ecy.1582,dryWeight,0.0098,mg
Pata_27350,29,0.0105,excretionRateN,ug N-NH4+ h^-1,Centropages furcatus,IkedaDatabase,NA,Vanni2016,10.1002/ecy.1582,dryWeight,0.0108,mg
Pata_27351,27,0.0312,excretionRateN,ug N-NH4+ h^-1,Centropages furcatus,IkedaDatabase,NA,Vanni2016,10.1002/ecy.1582,dryWeight,0.0118,mg
Pata_27352,29,0.0043,excretionRateN,ug N-NH4+ h^-1,Centropages furcatus,IkedaDatabase,NA,Vanni2016,10.1002/ecy.1582,dryWeight,0.0131,mg
Pata_27353,22,0.0089,excretionRateN,ug N-NH4+ h^-1,Centropages furcatus,IkedaDatabase,NA,Vanni2016,10.1002/ecy.1582,dryWeight,0.0144,mg
Pata_27354,27,0.0347,excretionRateN,ug N-NH4+ h^-1,Centropages furcatus,IkedaDatabase,NA,Vanni2016,10.1002/ecy.1582,dryWeight,0.0152,mg
Pata_27355,29,0.0037,excretionRateN,ug N-NH4+ h^-1,Centropages furcatus,IkedaDatabase,NA,Vanni2016,10.1002/ecy.1582,dryWeight,0.0157,mg
Pata_27356,29,0.0071,excretionRateN,ug N-NH4+ h^-1,Centropages furcatus,IkedaDatabase,NA,Vanni2016,10.1002/ecy.1582,dryWeight,0.0161,mg
Pata_27357,22,0.0087,excretionRateN,ug N-NH4+ h^-1,Centropages furcatus,IkedaDatabase,NA,Vanni2016,10.1002/ecy.1582,dryWeight,0.0169,mg
Pata_27358,22,0.0075,excretionRateN,ug N-NH4+ h^-1,Centropages furcatus,IkedaDatabase,NA,Vanni2016,10.1002/ecy.1582,dryWeight,0.0171,mg
Pata_27359,29,0.0054,excretionRateN,ug N-NH4+ h^-1,Centropages furcatus,IkedaDatabase,NA,Vanni2016,10.1002/ecy.1582,dryWeight,0.0173,mg
Pata_27360,22,0.0107,excretionRateN,ug N-NH4+ h^-1,Centropages furcatus,IkedaDatabase,NA,Vanni2016,10.1002/ecy.1582,dryWeight,0.0174,mg
Pata_27361,29,0.006,excretionRateN,ug N-NH4+ h^-1,Centropages furcatus,IkedaDatabase,NA,Vanni2016,10.1002/ecy.1582,dryWeight,0.0184,mg
Pata_27362,22,0.0051,excretionRateN,ug N-NH4+ h^-1,Centropages furcatus,IkedaDatabase,NA,Vanni2016,10.1002/ecy.1582,dryWeight,0.0185,mg
Pata_27363,27,0.0231,excretionRateN,ug N-NH4+ h^-1,Centropages furcatus,IkedaDatabase,NA,Vanni2016,10.1002/ecy.1582,dryWeight,0.0187,mg
Pata_27364,17.3,0.012,excretionRateN,ug N-NH4+ h^-1,Centropages furcatus,IkedaDatabase,NA,Vanni2016,10.1002/ecy.1582,dryWeight,0.0192,mg
Pata_27365,29,0.0049,excretionRateN,ug N-NH4+ h^-1,Centropages furcatus,IkedaDatabase,NA,Vanni2016,10.1002/ecy.1582,dryWeight,0.0193,mg
Pata_27366,27,0.0296,excretionRateN,ug N-NH4+ h^-1,Centropages furcatus,IkedaDatabase,NA,Vanni2016,10.1002/ecy.1582,dryWeight,0.0195,mg
Pata_27367,22,0.0063,excretionRateN,ug N-NH4+ h^-1,Centropages furcatus,IkedaDatabase,NA,Vanni2016,10.1002/ecy.1582,dryWeight,0.0197,mg
Pata_27368,27,0.0246,excretionRateN,ug N-NH4+ h^-1,Centropages furcatus,IkedaDatabase,NA,Vanni2016,10.1002/ecy.1582,dryWeight,0.0202,mg
Pata_27369,17.3,0.01,excretionRateN,ug N-NH4+ h^-1,Centropages furcatus,IkedaDatabase,NA,Vanni2016,10.1002/ecy.1582,dryWeight,0.0203,mg
Pata_27370,22,0.0119,excretionRateN,ug N-NH4+ h^-1,Centropages furcatus,IkedaDatabase,NA,Vanni2016,10.1002/ecy.1582,dryWeight,0.0205,mg
Pata_27371,27,0.0134,excretionRateN,ug N-NH4+ h^-1,Centropages furcatus,IkedaDatabase,NA,Vanni2016,10.1002/ecy.1582,dryWeight,0.0214,mg
Pata_27372,27,0.0236,excretionRateN,ug N-NH4+ h^-1,Centropages furcatus,IkedaDatabase,NA,Vanni2016,10.1002/ecy.1582,dryWeight,0.0214,mg
Pata_27373,22,0.0106,excretionRateN,ug N-NH4+ h^-1,Centropages furcatus,IkedaDatabase,NA,Vanni2016,10.1002/ecy.1582,dryWeight,0.0216,mg
Pata_27374,22,0.0057,excretionRateN,ug N-NH4+ h^-1,Centropages furcatus,IkedaDatabase,NA,Vanni2016,10.1002/ecy.1582,dryWeight,0.022,mg
Pata_27375,22,0.0031,excretionRateN,ug N-NH4+ h^-1,Centropages furcatus,IkedaDatabase,NA,Vanni2016,10.1002/ecy.1582,dryWeight,0.0225,mg
Pata_27376,27,0.0237,excretionRateN,ug N-NH4+ h^-1,Centropages furcatus,IkedaDatabase,NA,Vanni2016,10.1002/ecy.1582,dryWeight,0.0227,mg
Pata_27377,27,0.0232,excretionRateN,ug N-NH4+ h^-1,Centropages furcatus,IkedaDatabase,NA,Vanni2016,10.1002/ecy.1582,dryWeight,0.0227,mg
Pata_27378,22,0.0129,excretionRateN,ug N-NH4+ h^-1,Centropages furcatus,IkedaDatabase,NA,Vanni2016,10.1002/ecy.1582,dryWeight,0.0228,mg
Pata_27379,27,0.012,excretionRateN,ug N-NH4+ h^-1,Centropages furcatus,IkedaDatabase,NA,Vanni2016,10.1002/ecy.1582,dryWeight,0.0229,mg
Pata_27380,22,0.0142,excretionRateN,ug N-NH4+ h^-1,Centropages furcatus,IkedaDatabase,NA,Vanni2016,10.1002/ecy.1582,dryWeight,0.0238,mg
Pata_27381,27,0.024,excretionRateN,ug N-NH4+ h^-1,Centropages furcatus,IkedaDatabase,NA,Vanni2016,10.1002/ecy.1582,dryWeight,0.0251,mg
Pata_27382,22,0.0144,excretionRateN,ug N-NH4+ h^-1,Centropages furcatus,IkedaDatabase,NA,Vanni2016,10.1002/ecy.1582,dryWeight,0.026,mg
Pata_27383,22,0.0094,excretionRateN,ug N-NH4+ h^-1,Centropages furcatus,IkedaDatabase,NA,Vanni2016,10.1002/ecy.1582,dryWeight,0.0265,mg
Pata_27384,22,0.0069,excretionRateN,ug N-NH4+ h^-1,Centropages furcatus,IkedaDatabase,NA,Vanni2016,10.1002/ecy.1582,dryWeight,0.0278,mg
Pata_27385,22,0.0124,excretionRateN,ug N-NH4+ h^-1,Centropages furcatus,IkedaDatabase,NA,Vanni2016,10.1002/ecy.1582,dryWeight,0.0308,mg
Pata_27386,22,0.0097,excretionRateN,ug N-NH4+ h^-1,Centropages furcatus,IkedaDatabase,NA,Vanni2016,10.1002/ecy.1582,dryWeight,0.0309,mg
Pata_27387,22,0.0086,excretionRateN,ug N-NH4+ h^-1,Centropages furcatus,IkedaDatabase,NA,Vanni2016,10.1002/ecy.1582,dryWeight,0.0334,mg
Pata_27388,22,0.0385,excretionRateN,ug N-NH4+ h^-1,Centropages furcatus,IkedaDatabase,NA,Vanni2016,10.1002/ecy.1582,dryWeight,0.1625,mg
Pata_27389,-0.7,1.29,excretionRateN,ug N-NH4+ h^-1,Clio pyramidata,IkedaDatabase,NA,Vanni2016,10.1002/ecy.1582,dryWeight,26.51,mg
Pata_27390,-1.4,1.08,excretionRateN,ug N-NH4+ h^-1,Clio pyramidata,IkedaDatabase,NA,Vanni2016,10.1002/ecy.1582,dryWeight,27,mg
Pata_27391,-1.4,3.49,excretionRateN,ug N-NH4+ h^-1,Clio pyramidata,IkedaDatabase,NA,Vanni2016,10.1002/ecy.1582,dryWeight,74.89,mg
Pata_27392,-0.7,3.75,excretionRateN,ug N-NH4+ h^-1,Clio pyramidata,IkedaDatabase,NA,Vanni2016,10.1002/ecy.1582,dryWeight,90.6,mg
Pata_27393,-1.3,0.803,excretionRateN,ug N-NH4+ h^-1,Clione antarctica,IkedaDatabase,NA,Vanni2016,10.1002/ecy.1582,dryWeight,14.61,mg
Pata_27394,-1.4,1.046,excretionRateN,ug N-NH4+ h^-1,Clione antarctica,IkedaDatabase,NA,Vanni2016,10.1002/ecy.1582,dryWeight,19.66,mg
Pata_27395,-1.3,1.628,excretionRateN,ug N-NH4+ h^-1,Clione antarctica,IkedaDatabase,NA,Vanni2016,10.1002/ecy.1582,dryWeight,24.14,mg
Pata_27396,-1.3,0.997,excretionRateN,ug N-NH4+ h^-1,Clione antarctica,IkedaDatabase,NA,Vanni2016,10.1002/ecy.1582,dryWeight,26.02,mg
Pata_27397,-1.3,0.693,excretionRateN,ug N-NH4+ h^-1,Clione antarctica,IkedaDatabase,NA,Vanni2016,10.1002/ecy.1582,dryWeight,29.6,mg
Pata_27398,-0.5,0.061,excretionRateN,ug N-NH4+ h^-1,Clione limacina,IkedaDatabase,NA,Vanni2016,10.1002/ecy.1582,dryWeight,9.11,mg
Pata_27399,0.7,0.021,excretionRateN,ug N-NH4+ h^-1,Clione limacina,IkedaDatabase,NA,Vanni2016,10.1002/ecy.1582,dryWeight,10.9,mg
Pata_27400,-0.2,0.009,excretionRateN,ug N-NH4+ h^-1,Clione limacina,IkedaDatabase,NA,Vanni2016,10.1002/ecy.1582,dryWeight,14.33,mg
Pata_27401,-0.5,0.013,excretionRateN,ug N-NH4+ h^-1,Clione limacina,IkedaDatabase,NA,Vanni2016,10.1002/ecy.1582,dryWeight,17.13,mg
Pata_27402,0.7,0.073,excretionRateN,ug N-NH4+ h^-1,Clione limacina,IkedaDatabase,NA,Vanni2016,10.1002/ecy.1582,dryWeight,17.38,mg
Pata_27403,-0.5,0.026,excretionRateN,ug N-NH4+ h^-1,Clione limacina,IkedaDatabase,NA,Vanni2016,10.1002/ecy.1582,dryWeight,20.01,mg
Pata_27404,12.7,3.02,excretionRateN,ug N-NH4+ h^-1,Clione limacina,IkedaDatabase,NA,Vanni2016,10.1002/ecy.1582,dryWeight,22.53,mg
Pata_27405,-0.5,0.128,excretionRateN,ug N-NH4+ h^-1,Clione limacina,IkedaDatabase,NA,Vanni2016,10.1002/ecy.1582,dryWeight,52.98,mg
Pata_27406,0.7,0.107,excretionRateN,ug N-NH4+ h^-1,Clione limacina,IkedaDatabase,NA,Vanni2016,10.1002/ecy.1582,dryWeight,66.48,mg
Pata_27407,-0.5,0.155,excretionRateN,ug N-NH4+ h^-1,Clione limacina,IkedaDatabase,NA,Vanni2016,10.1002/ecy.1582,dryWeight,72.61,mg
Pata_27408,0.7,0.21,excretionRateN,ug N-NH4+ h^-1,Clione limacina,IkedaDatabase,NA,Vanni2016,10.1002/ecy.1582,dryWeight,113.4,mg
Pata_27409,27,0.0201,excretionRateN,ug N-NH4+ h^-1,Corycaeus,IkedaDatabase,NA,Vanni2016,10.1002/ecy.1582,dryWeight,0.0166,mg
Pata_27410,22,0.0106,excretionRateN,ug N-NH4+ h^-1,Corycaeus,IkedaDatabase,NA,Vanni2016,10.1002/ecy.1582,dryWeight,0.0187,mg
Pata_27411,22,0.015,excretionRateN,ug N-NH4+ h^-1,Corycaeus,IkedaDatabase,NA,Vanni2016,10.1002/ecy.1582,dryWeight,0.0345,mg
Pata_27412,22,0.0151,excretionRateN,ug N-NH4+ h^-1,Corycaeus,IkedaDatabase,NA,Vanni2016,10.1002/ecy.1582,dryWeight,0.0354,mg
Pata_27413,22,0.0123,excretionRateN,ug N-NH4+ h^-1,Corycaeus,IkedaDatabase,NA,Vanni2016,10.1002/ecy.1582,dryWeight,0.0398,mg
Pata_27414,27.8,0.038,excretionRateN,ug N-NH4+ h^-1,Cosmocalanus darwinii darwinii,IkedaDatabase,NA,Vanni2016,10.1002/ecy.1582,dryWeight,0.0517,mg
Pata_27415,24.5,0.0294,excretionRateN,ug N-NH4+ h^-1,Creseis acicula,IkedaDatabase,NA,Vanni2016,10.1002/ecy.1582,dryWeight,0.978,mg
Pata_27416,24.5,0.14,excretionRateN,ug N-NH4+ h^-1,Creseis acicula,IkedaDatabase,NA,Vanni2016,10.1002/ecy.1582,dryWeight,1.36,mg
Pata_27417,24.5,0.154,excretionRateN,ug N-NH4+ h^-1,Creseis acicula,IkedaDatabase,NA,Vanni2016,10.1002/ecy.1582,dryWeight,1.454,mg
Pata_27418,24.5,0.168,excretionRateN,ug N-NH4+ h^-1,Creseis acicula,IkedaDatabase,NA,Vanni2016,10.1002/ecy.1582,dryWeight,1.658,mg
Pata_27419,24.5,0.224,excretionRateN,ug N-NH4+ h^-1,Creseis acicula,IkedaDatabase,NA,Vanni2016,10.1002/ecy.1582,dryWeight,1.845,mg
Pata_27420,24.5,0.182,excretionRateN,ug N-NH4+ h^-1,Creseis acicula,IkedaDatabase,NA,Vanni2016,10.1002/ecy.1582,dryWeight,1.956,mg
Pata_27421,26.9,1.28,excretionRateN,ug N-NH4+ h^-1,Agalma,IkedaDatabase,NA,Vanni2016,10.1002/ecy.1582,dryWeight,20.05,mg
Pata_27422,13,0.022,excretionRateN,ug N-NH4+ h^-1,Cyphocaris challengeri,IkedaDatabase,NA,Vanni2016,10.1002/ecy.1582,dryWeight,3.8,mg
Pata_27423,13,0.075,excretionRateN,ug N-NH4+ h^-1,Cyphocaris challengeri,IkedaDatabase,NA,Vanni2016,10.1002/ecy.1582,dryWeight,4.11,mg
Pata_27424,0.3,0.061,excretionRateN,ug N-NH4+ h^-1,Cyphocaris,IkedaDatabase,NA,Vanni2016,10.1002/ecy.1582,dryWeight,37.8,mg
Pata_27425,0.3,0.23,excretionRateN,ug N-NH4+ h^-1,Cyphocaris,IkedaDatabase,NA,Vanni2016,10.1002/ecy.1582,dryWeight,58.45,mg
Pata_27426,0.2,0.46,excretionRateN,ug N-NH4+ h^-1,Cyphocaris,IkedaDatabase,NA,Vanni2016,10.1002/ecy.1582,dryWeight,61.33,mg
Pata_27427,0.2,0.32,excretionRateN,ug N-NH4+ h^-1,Cyphocaris,IkedaDatabase,NA,Vanni2016,10.1002/ecy.1582,dryWeight,68.61,mg
Pata_27428,0.3,0.57,excretionRateN,ug N-NH4+ h^-1,Cyphocaris,IkedaDatabase,NA,Vanni2016,10.1002/ecy.1582,dryWeight,71.58,mg
Pata_27429,0.1,0.52,excretionRateN,ug N-NH4+ h^-1,Cyphocaris,IkedaDatabase,NA,Vanni2016,10.1002/ecy.1582,dryWeight,73.76,mg
Pata_27430,0.2,0.62,excretionRateN,ug N-NH4+ h^-1,Cyphocaris,IkedaDatabase,NA,Vanni2016,10.1002/ecy.1582,dryWeight,81.64,mg
Pata_27431,0.3,0.43,excretionRateN,ug N-NH4+ h^-1,Cyphocaris,IkedaDatabase,NA,Vanni2016,10.1002/ecy.1582,dryWeight,98.44,mg
Pata_27432,0.2,0.096,excretionRateN,ug N-NH4+ h^-1,Cyphocaris,IkedaDatabase,NA,Vanni2016,10.1002/ecy.1582,dryWeight,111.28,mg
Pata_27433,0.3,0.41,excretionRateN,ug N-NH4+ h^-1,Cyphocaris,IkedaDatabase,NA,Vanni2016,10.1002/ecy.1582,dryWeight,140.08,mg
Pata_27434,0.3,3.22,excretionRateN,ug N-NH4+ h^-1,Cyphocaris,IkedaDatabase,NA,Vanni2016,10.1002/ecy.1582,dryWeight,152.2,mg
Pata_27435,27.4,0.63,excretionRateN,ug N-NH4+ h^-1,Diacria trispinosa,IkedaDatabase,NA,Vanni2016,10.1002/ecy.1582,dryWeight,12.26,mg
Pata_27436,-0.7,0.023,excretionRateN,ug N-NH4+ h^-1,Diphyes antarctica,IkedaDatabase,NA,Vanni2016,10.1002/ecy.1582,dryWeight,35.56,mg
Pata_27437,-0.7,0.015,excretionRateN,ug N-NH4+ h^-1,Diphyes antarctica,IkedaDatabase,NA,Vanni2016,10.1002/ecy.1582,dryWeight,38.64,mg
Pata_27438,24.6,0.0532,excretionRateN,ug N-NH4+ h^-1,Diphyes,IkedaDatabase,NA,Vanni2016,10.1002/ecy.1582,dryWeight,0.379,mg
Pata_27439,24.6,0.0602,excretionRateN,ug N-NH4+ h^-1,Diphyes,IkedaDatabase,NA,Vanni2016,10.1002/ecy.1582,dryWeight,0.468,mg
Pata_27440,24.6,0.0966,excretionRateN,ug N-NH4+ h^-1,Diphyes,IkedaDatabase,NA,Vanni2016,10.1002/ecy.1582,dryWeight,0.593,mg
Pata_27441,22,0.104,excretionRateN,ug N-NH4+ h^-1,Diphyes,IkedaDatabase,NA,Vanni2016,10.1002/ecy.1582,dryWeight,1.41,mg
Pata_27442,22,0.141,excretionRateN,ug N-NH4+ h^-1,Diphyes,IkedaDatabase,NA,Vanni2016,10.1002/ecy.1582,dryWeight,1.66,mg
Pata_27443,22,0.0466,excretionRateN,ug N-NH4+ h^-1,Diphyes,IkedaDatabase,NA,Vanni2016,10.1002/ecy.1582,dryWeight,1.84,mg
Pata_27444,22,0.0521,excretionRateN,ug N-NH4+ h^-1,Diphyes,IkedaDatabase,NA,Vanni2016,10.1002/ecy.1582,dryWeight,1.95,mg
Pata_27445,22,0.119,excretionRateN,ug N-NH4+ h^-1,Diphyes,IkedaDatabase,NA,Vanni2016,10.1002/ecy.1582,dryWeight,2.12,mg
Pata_27446,22,0.0554,excretionRateN,ug N-NH4+ h^-1,Diphyes,IkedaDatabase,NA,Vanni2016,10.1002/ecy.1582,dryWeight,2.71,mg
Pata_27447,27,0.084,excretionRateN,ug N-NH4+ h^-1,Diphyes,IkedaDatabase,NA,Vanni2016,10.1002/ecy.1582,dryWeight,3.05,mg
Pata_27448,24.6,0.13,excretionRateN,ug N-NH4+ h^-1,Diphyes,IkedaDatabase,NA,Vanni2016,10.1002/ecy.1582,dryWeight,13.868,mg
Pata_27449,26.7,0.091,excretionRateN,ug N-NH4+ h^-1,Pareucalanus attenuatus,IkedaDatabase,NA,Vanni2016,10.1002/ecy.1582,dryWeight,0.0885,mg
Pata_27450,27.8,0.054,excretionRateN,ug N-NH4+ h^-1,Pareucalanus attenuatus,IkedaDatabase,NA,Vanni2016,10.1002/ecy.1582,dryWeight,0.129,mg
Pata_27451,27.8,0.049,excretionRateN,ug N-NH4+ h^-1,Pareucalanus attenuatus,IkedaDatabase,NA,Vanni2016,10.1002/ecy.1582,dryWeight,0.131,mg
Pata_27452,27.4,0.086,excretionRateN,ug N-NH4+ h^-1,Pareucalanus attenuatus,IkedaDatabase,NA,Vanni2016,10.1002/ecy.1582,dryWeight,0.201,mg
Pata_27453,6,0.041,excretionRateN,ug N-NH4+ h^-1,Eucalanus bungii,IkedaDatabase,NA,Vanni2016,10.1002/ecy.1582,dryWeight,1.01,mg
Pata_27454,6,0.074,excretionRateN,ug N-NH4+ h^-1,Eucalanus bungii,IkedaDatabase,NA,Vanni2016,10.1002/ecy.1582,dryWeight,1.01,mg
Pata_27455,29,0.0066,excretionRateN,ug N-NH4+ h^-1,Subeucalanus subcrassus,IkedaDatabase,NA,Vanni2016,10.1002/ecy.1582,dryWeight,0.019,mg
Pata_27456,29,0.0091,excretionRateN,ug N-NH4+ h^-1,Subeucalanus subcrassus,IkedaDatabase,NA,Vanni2016,10.1002/ecy.1582,dryWeight,0.0206,mg
Pata_27457,27,0.0072,excretionRateN,ug N-NH4+ h^-1,Subeucalanus subcrassus,IkedaDatabase,NA,Vanni2016,10.1002/ecy.1582,dryWeight,0.0247,mg
Pata_27458,27,0.023,excretionRateN,ug N-NH4+ h^-1,Subeucalanus subcrassus,IkedaDatabase,NA,Vanni2016,10.1002/ecy.1582,dryWeight,0.0262,mg
Pata_27459,29,0.0159,excretionRateN,ug N-NH4+ h^-1,Subeucalanus subcrassus,IkedaDatabase,NA,Vanni2016,10.1002/ecy.1582,dryWeight,0.0343,mg
Pata_27460,29,0.0059,excretionRateN,ug N-NH4+ h^-1,Subeucalanus subcrassus,IkedaDatabase,NA,Vanni2016,10.1002/ecy.1582,dryWeight,0.0356,mg
Pata_27461,30,0.0755,excretionRateN,ug N-NH4+ h^-1,Subeucalanus subcrassus,IkedaDatabase,NA,Vanni2016,10.1002/ecy.1582,dryWeight,0.0381,mg
Pata_27462,27,0.0257,excretionRateN,ug N-NH4+ h^-1,Subeucalanus subcrassus,IkedaDatabase,NA,Vanni2016,10.1002/ecy.1582,dryWeight,0.05,mg
Pata_27463,27,0.0155,excretionRateN,ug N-NH4+ h^-1,Subeucalanus subcrassus,IkedaDatabase,NA,Vanni2016,10.1002/ecy.1582,dryWeight,0.0565,mg
Pata_27464,27,0.0211,excretionRateN,ug N-NH4+ h^-1,Subeucalanus subcrassus,IkedaDatabase,NA,Vanni2016,10.1002/ecy.1582,dryWeight,0.0604,mg
Pata_27465,22,0.0144,excretionRateN,ug N-NH4+ h^-1,Subeucalanus subcrassus,IkedaDatabase,NA,Vanni2016,10.1002/ecy.1582,dryWeight,0.061,mg
Pata_27466,27,0.0234,excretionRateN,ug N-NH4+ h^-1,Subeucalanus subcrassus,IkedaDatabase,NA,Vanni2016,10.1002/ecy.1582,dryWeight,0.0666,mg
Pata_27467,27,0.006,excretionRateN,ug N-NH4+ h^-1,Subeucalanus subcrassus,IkedaDatabase,NA,Vanni2016,10.1002/ecy.1582,dryWeight,0.067,mg
Pata_27468,27,0.0221,excretionRateN,ug N-NH4+ h^-1,Subeucalanus subcrassus,IkedaDatabase,NA,Vanni2016,10.1002/ecy.1582,dryWeight,0.0693,mg
Pata_27469,22,0.0214,excretionRateN,ug N-NH4+ h^-1,Subeucalanus subcrassus,IkedaDatabase,NA,Vanni2016,10.1002/ecy.1582,dryWeight,0.0709,mg
Pata_27470,22,0.0055,excretionRateN,ug N-NH4+ h^-1,Subeucalanus subcrassus,IkedaDatabase,NA,Vanni2016,10.1002/ecy.1582,dryWeight,0.0715,mg
Pata_27471,22,0.0118,excretionRateN,ug N-NH4+ h^-1,Subeucalanus subcrassus,IkedaDatabase,NA,Vanni2016,10.1002/ecy.1582,dryWeight,0.0737,mg
Pata_27472,30,0.0409,excretionRateN,ug N-NH4+ h^-1,Subeucalanus subcrassus,IkedaDatabase,NA,Vanni2016,10.1002/ecy.1582,dryWeight,0.0752,mg
Pata_27473,22,0.0188,excretionRateN,ug N-NH4+ h^-1,Subeucalanus subcrassus,IkedaDatabase,NA,Vanni2016,10.1002/ecy.1582,dryWeight,0.077,mg
Pata_27474,29,0.0397,excretionRateN,ug N-NH4+ h^-1,Subeucalanus subcrassus,IkedaDatabase,NA,Vanni2016,10.1002/ecy.1582,dryWeight,0.0775,mg
Pata_27475,22,0.0152,excretionRateN,ug N-NH4+ h^-1,Subeucalanus subcrassus,IkedaDatabase,NA,Vanni2016,10.1002/ecy.1582,dryWeight,0.0786,mg
Pata_27476,22,0.024,excretionRateN,ug N-NH4+ h^-1,Subeucalanus subcrassus,IkedaDatabase,NA,Vanni2016,10.1002/ecy.1582,dryWeight,0.0817,mg
Pata_27477,27,0.0349,excretionRateN,ug N-NH4+ h^-1,Subeucalanus subcrassus,IkedaDatabase,NA,Vanni2016,10.1002/ecy.1582,dryWeight,0.0817,mg
Pata_27478,22,0.0509,excretionRateN,ug N-NH4+ h^-1,Subeucalanus subcrassus,IkedaDatabase,NA,Vanni2016,10.1002/ecy.1582,dryWeight,0.0858,mg
Pata_27479,22,0.0294,excretionRateN,ug N-NH4+ h^-1,Subeucalanus subcrassus,IkedaDatabase,NA,Vanni2016,10.1002/ecy.1582,dryWeight,0.0866,mg
Pata_27480,22,0.0136,excretionRateN,ug N-NH4+ h^-1,Subeucalanus subcrassus,IkedaDatabase,NA,Vanni2016,10.1002/ecy.1582,dryWeight,0.0874,mg
Pata_27481,24,0.0225,excretionRateN,ug N-NH4+ h^-1,Subeucalanus subcrassus,IkedaDatabase,NA,Vanni2016,10.1002/ecy.1582,dryWeight,0.0908,mg
Pata_27482,27,0.0444,excretionRateN,ug N-NH4+ h^-1,Subeucalanus subcrassus,IkedaDatabase,NA,Vanni2016,10.1002/ecy.1582,dryWeight,0.092,mg
Pata_27483,27,0.0518,excretionRateN,ug N-NH4+ h^-1,Subeucalanus subcrassus,IkedaDatabase,NA,Vanni2016,10.1002/ecy.1582,dryWeight,0.0927,mg
Pata_27484,27,0.0208,excretionRateN,ug N-NH4+ h^-1,Subeucalanus subcrassus,IkedaDatabase,NA,Vanni2016,10.1002/ecy.1582,dryWeight,0.0929,mg
Pata_27485,22,0.0244,excretionRateN,ug N-NH4+ h^-1,Subeucalanus subcrassus,IkedaDatabase,NA,Vanni2016,10.1002/ecy.1582,dryWeight,0.0956,mg
Pata_27486,27,0.0356,excretionRateN,ug N-NH4+ h^-1,Subeucalanus subcrassus,IkedaDatabase,NA,Vanni2016,10.1002/ecy.1582,dryWeight,0.0961,mg
Pata_27487,24,0.014,excretionRateN,ug N-NH4+ h^-1,Subeucalanus subcrassus,IkedaDatabase,NA,Vanni2016,10.1002/ecy.1582,dryWeight,0.0983,mg
Pata_27488,27,0.0274,excretionRateN,ug N-NH4+ h^-1,Subeucalanus subcrassus,IkedaDatabase,NA,Vanni2016,10.1002/ecy.1582,dryWeight,0.0984,mg
Pata_27489,22,0.0274,excretionRateN,ug N-NH4+ h^-1,Subeucalanus subcrassus,IkedaDatabase,NA,Vanni2016,10.1002/ecy.1582,dryWeight,0.0988,mg
Pata_27490,22,0.0316,excretionRateN,ug N-NH4+ h^-1,Subeucalanus subcrassus,IkedaDatabase,NA,Vanni2016,10.1002/ecy.1582,dryWeight,0.1,mg
Pata_27491,24,0.0132,excretionRateN,ug N-NH4+ h^-1,Subeucalanus subcrassus,IkedaDatabase,NA,Vanni2016,10.1002/ecy.1582,dryWeight,0.1002,mg
Pata_27492,22,0.0302,excretionRateN,ug N-NH4+ h^-1,Subeucalanus subcrassus,IkedaDatabase,NA,Vanni2016,10.1002/ecy.1582,dryWeight,0.1005,mg
Pata_27493,22,0.0123,excretionRateN,ug N-NH4+ h^-1,Subeucalanus subcrassus,IkedaDatabase,NA,Vanni2016,10.1002/ecy.1582,dryWeight,0.1007,mg
Pata_27494,24,0.023,excretionRateN,ug N-NH4+ h^-1,Subeucalanus subcrassus,IkedaDatabase,NA,Vanni2016,10.1002/ecy.1582,dryWeight,0.1007,mg
Pata_27495,22,0.0305,excretionRateN,ug N-NH4+ h^-1,Subeucalanus subcrassus,IkedaDatabase,NA,Vanni2016,10.1002/ecy.1582,dryWeight,0.1017,mg
Pata_27496,27,0.0303,excretionRateN,ug N-NH4+ h^-1,Subeucalanus subcrassus,IkedaDatabase,NA,Vanni2016,10.1002/ecy.1582,dryWeight,0.1026,mg
Pata_27497,22,0.0333,excretionRateN,ug N-NH4+ h^-1,Subeucalanus subcrassus,IkedaDatabase,NA,Vanni2016,10.1002/ecy.1582,dryWeight,0.103,mg
Pata_27498,27,0.0396,excretionRateN,ug N-NH4+ h^-1,Subeucalanus subcrassus,IkedaDatabase,NA,Vanni2016,10.1002/ecy.1582,dryWeight,0.1036,mg
Pata_27499,27,0.0329,excretionRateN,ug N-NH4+ h^-1,Subeucalanus subcrassus,IkedaDatabase,NA,Vanni2016,10.1002/ecy.1582,dryWeight,0.1053,mg
Pata_27500,22,0.0209,excretionRateN,ug N-NH4+ h^-1,Subeucalanus subcrassus,IkedaDatabase,NA,Vanni2016,10.1002/ecy.1582,dryWeight,0.1062,mg
Pata_27501,24,0.022,excretionRateN,ug N-NH4+ h^-1,Subeucalanus subcrassus,IkedaDatabase,NA,Vanni2016,10.1002/ecy.1582,dryWeight,0.1064,mg
Pata_27502,27,0.0393,excretionRateN,ug N-NH4+ h^-1,Subeucalanus subcrassus,IkedaDatabase,NA,Vanni2016,10.1002/ecy.1582,dryWeight,0.1072,mg
Pata_27503,22,0.0248,excretionRateN,ug N-NH4+ h^-1,Subeucalanus subcrassus,IkedaDatabase,NA,Vanni2016,10.1002/ecy.1582,dryWeight,0.1086,mg
Pata_27504,24,0.0286,excretionRateN,ug N-NH4+ h^-1,Subeucalanus subcrassus,IkedaDatabase,NA,Vanni2016,10.1002/ecy.1582,dryWeight,0.109,mg
Pata_27505,24,0.021,excretionRateN,ug N-NH4+ h^-1,Subeucalanus subcrassus,IkedaDatabase,NA,Vanni2016,10.1002/ecy.1582,dryWeight,0.1135,mg
Pata_27506,27,0.0255,excretionRateN,ug N-NH4+ h^-1,Subeucalanus subcrassus,IkedaDatabase,NA,Vanni2016,10.1002/ecy.1582,dryWeight,0.1151,mg
Pata_27507,22,0.0145,excretionRateN,ug N-NH4+ h^-1,Subeucalanus subcrassus,IkedaDatabase,NA,Vanni2016,10.1002/ecy.1582,dryWeight,0.1154,mg
Pata_27508,22,0.0497,excretionRateN,ug N-NH4+ h^-1,Subeucalanus subcrassus,IkedaDatabase,NA,Vanni2016,10.1002/ecy.1582,dryWeight,0.1202,mg
Pata_27509,22,0.0096,excretionRateN,ug N-NH4+ h^-1,Subeucalanus subcrassus,IkedaDatabase,NA,Vanni2016,10.1002/ecy.1582,dryWeight,0.1208,mg
Pata_27510,22,0.0229,excretionRateN,ug N-NH4+ h^-1,Subeucalanus subcrassus,IkedaDatabase,NA,Vanni2016,10.1002/ecy.1582,dryWeight,0.1237,mg
Pata_27511,22,0.0486,excretionRateN,ug N-NH4+ h^-1,Subeucalanus subcrassus,IkedaDatabase,NA,Vanni2016,10.1002/ecy.1582,dryWeight,0.1242,mg
Pata_27512,22,0.0467,excretionRateN,ug N-NH4+ h^-1,Subeucalanus subcrassus,IkedaDatabase,NA,Vanni2016,10.1002/ecy.1582,dryWeight,0.1298,mg
Pata_27513,22,0.0082,excretionRateN,ug N-NH4+ h^-1,Subeucalanus subcrassus,IkedaDatabase,NA,Vanni2016,10.1002/ecy.1582,dryWeight,0.141,mg
Pata_27514,22,0.0212,excretionRateN,ug N-NH4+ h^-1,Subeucalanus subcrassus,IkedaDatabase,NA,Vanni2016,10.1002/ecy.1582,dryWeight,0.1453,mg
Pata_27515,22,0.0203,excretionRateN,ug N-NH4+ h^-1,Subeucalanus subcrassus,IkedaDatabase,NA,Vanni2016,10.1002/ecy.1582,dryWeight,0.1494,mg
Pata_27516,27.4,0.084,excretionRateN,ug N-NH4+ h^-1,Paraeuchaeta flava,IkedaDatabase,NA,Vanni2016,10.1002/ecy.1582,dryWeight,0.174,mg
Pata_27517,24,0.057,excretionRateN,ug N-NH4+ h^-1,Euchaeta marina,IkedaDatabase,NA,Vanni2016,10.1002/ecy.1582,dryWeight,0.268,mg
Pata_27518,24,0.067,excretionRateN,ug N-NH4+ h^-1,Euchaeta marina,IkedaDatabase,NA,Vanni2016,10.1002/ecy.1582,dryWeight,0.286,mg
Pata_27519,24,0.063,excretionRateN,ug N-NH4+ h^-1,Euchaeta marina,IkedaDatabase,NA,Vanni2016,10.1002/ecy.1582,dryWeight,0.323,mg
Pata_27520,22.4,3.8,excretionRateN,ug N-NH4+ h^-1,Clio cuspidata,IkedaDatabase,NA,Vanni2016,10.1002/ecy.1582,dryWeight,30,mg
Pata_27521,-1.4,0.028,excretionRateN,ug N-NH4+ h^-1,Euphausia crystallorophias,IkedaDatabase,NA,Vanni2016,10.1002/ecy.1582,dryWeight,0.878,mg
Pata_27522,-1.6,0.023,excretionRateN,ug N-NH4+ h^-1,Euphausia crystallorophias,IkedaDatabase,NA,Vanni2016,10.1002/ecy.1582,dryWeight,1.03,mg
Pata_27523,-1.8,0.017,excretionRateN,ug N-NH4+ h^-1,Euphausia crystallorophias,IkedaDatabase,NA,Vanni2016,10.1002/ecy.1582,dryWeight,1.29,mg
Pata_27524,-1.8,0.029,excretionRateN,ug N-NH4+ h^-1,Euphausia crystallorophias,IkedaDatabase,NA,Vanni2016,10.1002/ecy.1582,dryWeight,1.37,mg
Pata_27525,-1.4,0.042,excretionRateN,ug N-NH4+ h^-1,Euphausia crystallorophias,IkedaDatabase,NA,Vanni2016,10.1002/ecy.1582,dryWeight,3.91,mg
Pata_27526,-0.7,0.12,excretionRateN,ug N-NH4+ h^-1,Euphausia crystallorophias,IkedaDatabase,NA,Vanni2016,10.1002/ecy.1582,dryWeight,3.94,mg
Pata_27527,-0.3,0.16,excretionRateN,ug N-NH4+ h^-1,Euphausia crystallorophias,IkedaDatabase,NA,Vanni2016,10.1002/ecy.1582,dryWeight,4.32,mg
Pata_27528,-1.5,0.08,excretionRateN,ug N-NH4+ h^-1,Euphausia crystallorophias,IkedaDatabase,NA,Vanni2016,10.1002/ecy.1582,dryWeight,4.42,mg
Pata_27529,-1,0.13,excretionRateN,ug N-NH4+ h^-1,Euphausia crystallorophias,IkedaDatabase,NA,Vanni2016,10.1002/ecy.1582,dryWeight,4.58,mg
Pata_27530,-1,0.22,excretionRateN,ug N-NH4+ h^-1,Euphausia crystallorophias,IkedaDatabase,NA,Vanni2016,10.1002/ecy.1582,dryWeight,4.59,mg
Pata_27531,-1.5,0.126,excretionRateN,ug N-NH4+ h^-1,Euphausia crystallorophias,IkedaDatabase,NA,Vanni2016,10.1002/ecy.1582,dryWeight,5,mg
Pata_27532,-0.3,0.18,excretionRateN,ug N-NH4+ h^-1,Euphausia crystallorophias,IkedaDatabase,NA,Vanni2016,10.1002/ecy.1582,dryWeight,5.16,mg
Pata_27533,-1.4,0.093,excretionRateN,ug N-NH4+ h^-1,Euphausia crystallorophias,IkedaDatabase,NA,Vanni2016,10.1002/ecy.1582,dryWeight,5.33,mg
Pata_27534,-0.3,0.17,excretionRateN,ug N-NH4+ h^-1,Euphausia crystallorophias,IkedaDatabase,NA,Vanni2016,10.1002/ecy.1582,dryWeight,5.42,mg
Pata_27535,-1.4,0.071,excretionRateN,ug N-NH4+ h^-1,Euphausia crystallorophias,IkedaDatabase,NA,Vanni2016,10.1002/ecy.1582,dryWeight,5.44,mg
Pata_27536,-0.3,0.14,excretionRateN,ug N-NH4+ h^-1,Euphausia crystallorophias,IkedaDatabase,NA,Vanni2016,10.1002/ecy.1582,dryWeight,5.47,mg
Pata_27537,-1,0.068,excretionRateN,ug N-NH4+ h^-1,Euphausia crystallorophias,IkedaDatabase,NA,Vanni2016,10.1002/ecy.1582,dryWeight,5.9,mg
Pata_27538,-0.3,0.21,excretionRateN,ug N-NH4+ h^-1,Euphausia crystallorophias,IkedaDatabase,NA,Vanni2016,10.1002/ecy.1582,dryWeight,6.04,mg
Pata_27539,-0.3,0.44,excretionRateN,ug N-NH4+ h^-1,Euphausia crystallorophias,IkedaDatabase,NA,Vanni2016,10.1002/ecy.1582,dryWeight,6.05,mg
Pata_27540,-1.5,0.11,excretionRateN,ug N-NH4+ h^-1,Euphausia crystallorophias,IkedaDatabase,NA,Vanni2016,10.1002/ecy.1582,dryWeight,6.5,mg
Pata_27541,-1.4,0.056,excretionRateN,ug N-NH4+ h^-1,Euphausia crystallorophias,IkedaDatabase,NA,Vanni2016,10.1002/ecy.1582,dryWeight,6.55,mg
Pata_27542,-1,0.2,excretionRateN,ug N-NH4+ h^-1,Euphausia crystallorophias,IkedaDatabase,NA,Vanni2016,10.1002/ecy.1582,dryWeight,6.6,mg
Pata_27543,-1.5,0.125,excretionRateN,ug N-NH4+ h^-1,Euphausia crystallorophias,IkedaDatabase,NA,Vanni2016,10.1002/ecy.1582,dryWeight,6.62,mg
Pata_27544,-0.3,0.1,excretionRateN,ug N-NH4+ h^-1,Euphausia crystallorophias,IkedaDatabase,NA,Vanni2016,10.1002/ecy.1582,dryWeight,7.06,mg
Pata_27545,-1.4,0.082,excretionRateN,ug N-NH4+ h^-1,Euphausia crystallorophias,IkedaDatabase,NA,Vanni2016,10.1002/ecy.1582,dryWeight,7.17,mg
Pata_27546,-1.4,0.078,excretionRateN,ug N-NH4+ h^-1,Euphausia crystallorophias,IkedaDatabase,NA,Vanni2016,10.1002/ecy.1582,dryWeight,7.19,mg
Pata_27547,-1.4,0.057,excretionRateN,ug N-NH4+ h^-1,Euphausia crystallorophias,IkedaDatabase,NA,Vanni2016,10.1002/ecy.1582,dryWeight,7.52,mg
Pata_27548,-0.3,0.35,excretionRateN,ug N-NH4+ h^-1,Euphausia crystallorophias,IkedaDatabase,NA,Vanni2016,10.1002/ecy.1582,dryWeight,8.1,mg
Pata_27549,-0.3,0.32,excretionRateN,ug N-NH4+ h^-1,Euphausia crystallorophias,IkedaDatabase,NA,Vanni2016,10.1002/ecy.1582,dryWeight,8.3,mg
Pata_27550,-1,0.27,excretionRateN,ug N-NH4+ h^-1,Euphausia crystallorophias,IkedaDatabase,NA,Vanni2016,10.1002/ecy.1582,dryWeight,8.52,mg
Pata_27551,-1.5,0.165,excretionRateN,ug N-NH4+ h^-1,Euphausia crystallorophias,IkedaDatabase,NA,Vanni2016,10.1002/ecy.1582,dryWeight,8.71,mg
Pata_27552,-1.4,0.4,excretionRateN,ug N-NH4+ h^-1,Euphausia crystallorophias,IkedaDatabase,NA,Vanni2016,10.1002/ecy.1582,dryWeight,8.89,mg
Pata_27553,-0.7,0.36,excretionRateN,ug N-NH4+ h^-1,Euphausia crystallorophias,IkedaDatabase,NA,Vanni2016,10.1002/ecy.1582,dryWeight,9.06,mg
Pata_27554,-1.6,0.58,excretionRateN,ug N-NH4+ h^-1,Euphausia crystallorophias,IkedaDatabase,NA,Vanni2016,10.1002/ecy.1582,dryWeight,9.4,mg
Pata_27555,-1,0.23,excretionRateN,ug N-NH4+ h^-1,Euphausia crystallorophias,IkedaDatabase,NA,Vanni2016,10.1002/ecy.1582,dryWeight,9.59,mg
Pata_27556,-1.5,0.135,excretionRateN,ug N-NH4+ h^-1,Euphausia crystallorophias,IkedaDatabase,NA,Vanni2016,10.1002/ecy.1582,dryWeight,9.73,mg
Pata_27557,-0.7,0.29,excretionRateN,ug N-NH4+ h^-1,Euphausia crystallorophias,IkedaDatabase,NA,Vanni2016,10.1002/ecy.1582,dryWeight,10.58,mg
Pata_27558,-0.3,0.24,excretionRateN,ug N-NH4+ h^-1,Euphausia crystallorophias,IkedaDatabase,NA,Vanni2016,10.1002/ecy.1582,dryWeight,11.06,mg
Pata_27559,-1.7,0.19,excretionRateN,ug N-NH4+ h^-1,Euphausia crystallorophias,IkedaDatabase,NA,Vanni2016,10.1002/ecy.1582,dryWeight,11.84,mg
Pata_27560,-1.5,0.26,excretionRateN,ug N-NH4+ h^-1,Euphausia crystallorophias,IkedaDatabase,NA,Vanni2016,10.1002/ecy.1582,dryWeight,11.96,mg
Pata_27561,-1,0.45,excretionRateN,ug N-NH4+ h^-1,Euphausia crystallorophias,IkedaDatabase,NA,Vanni2016,10.1002/ecy.1582,dryWeight,13.07,mg
Pata_27562,-1.6,0.82,excretionRateN,ug N-NH4+ h^-1,Euphausia crystallorophias,IkedaDatabase,NA,Vanni2016,10.1002/ecy.1582,dryWeight,13.38,mg
Pata_27563,-1.5,0.65,excretionRateN,ug N-NH4+ h^-1,Euphausia crystallorophias,IkedaDatabase,NA,Vanni2016,10.1002/ecy.1582,dryWeight,14.59,mg
Pata_27564,-1.5,0.416,excretionRateN,ug N-NH4+ h^-1,Euphausia crystallorophias,IkedaDatabase,NA,Vanni2016,10.1002/ecy.1582,dryWeight,14.61,mg
Pata_27565,-1.6,0.41,excretionRateN,ug N-NH4+ h^-1,Euphausia crystallorophias,IkedaDatabase,NA,Vanni2016,10.1002/ecy.1582,dryWeight,15.74,mg
Pata_27566,-1.5,0.73,excretionRateN,ug N-NH4+ h^-1,Euphausia crystallorophias,IkedaDatabase,NA,Vanni2016,10.1002/ecy.1582,dryWeight,16.35,mg
Pata_27567,-1.5,0.87,excretionRateN,ug N-NH4+ h^-1,Euphausia crystallorophias,IkedaDatabase,NA,Vanni2016,10.1002/ecy.1582,dryWeight,16.53,mg
Pata_27568,-1.4,0.25,excretionRateN,ug N-NH4+ h^-1,Euphausia crystallorophias,IkedaDatabase,NA,Vanni2016,10.1002/ecy.1582,dryWeight,19.2,mg
Pata_27569,-1.7,0.54,excretionRateN,ug N-NH4+ h^-1,Euphausia crystallorophias,IkedaDatabase,NA,Vanni2016,10.1002/ecy.1582,dryWeight,19.99,mg
Pata_27570,-1.7,0.85,excretionRateN,ug N-NH4+ h^-1,Euphausia crystallorophias,IkedaDatabase,NA,Vanni2016,10.1002/ecy.1582,dryWeight,24.29,mg
Pata_27571,-1.5,1.65,excretionRateN,ug N-NH4+ h^-1,Euphausia crystallorophias,IkedaDatabase,NA,Vanni2016,10.1002/ecy.1582,dryWeight,27.09,mg
Pata_27572,-1.6,0.53,excretionRateN,ug N-NH4+ h^-1,Euphausia crystallorophias,IkedaDatabase,NA,Vanni2016,10.1002/ecy.1582,dryWeight,27.97,mg
Pata_27573,-1.6,0.79,excretionRateN,ug N-NH4+ h^-1,Euphausia crystallorophias,IkedaDatabase,NA,Vanni2016,10.1002/ecy.1582,dryWeight,29.16,mg
Pata_27574,-1.5,1.43,excretionRateN,ug N-NH4+ h^-1,Euphausia crystallorophias,IkedaDatabase,NA,Vanni2016,10.1002/ecy.1582,dryWeight,30.3,mg
Pata_27575,-1.4,0.37,excretionRateN,ug N-NH4+ h^-1,Euphausia crystallorophias,IkedaDatabase,NA,Vanni2016,10.1002/ecy.1582,dryWeight,30.5,mg
Pata_27576,-1.6,0.84,excretionRateN,ug N-NH4+ h^-1,Euphausia crystallorophias,IkedaDatabase,NA,Vanni2016,10.1002/ecy.1582,dryWeight,34.47,mg
Pata_27577,-1.7,1.74,excretionRateN,ug N-NH4+ h^-1,Euphausia crystallorophias,IkedaDatabase,NA,Vanni2016,10.1002/ecy.1582,dryWeight,35.02,mg
Pata_27578,-1.7,1.75,excretionRateN,ug N-NH4+ h^-1,Euphausia crystallorophias,IkedaDatabase,NA,Vanni2016,10.1002/ecy.1582,dryWeight,36.62,mg
Pata_27579,-1.6,0.46,excretionRateN,ug N-NH4+ h^-1,Euphausia crystallorophias,IkedaDatabase,NA,Vanni2016,10.1002/ecy.1582,dryWeight,36.97,mg
Pata_27580,-1.6,0.28,excretionRateN,ug N-NH4+ h^-1,Euphausia crystallorophias,IkedaDatabase,NA,Vanni2016,10.1002/ecy.1582,dryWeight,37.96,mg
Pata_27581,-1.7,1.9,excretionRateN,ug N-NH4+ h^-1,Euphausia crystallorophias,IkedaDatabase,NA,Vanni2016,10.1002/ecy.1582,dryWeight,38.32,mg
Pata_27582,-1.7,1.73,excretionRateN,ug N-NH4+ h^-1,Euphausia crystallorophias,IkedaDatabase,NA,Vanni2016,10.1002/ecy.1582,dryWeight,74.96,mg
Pata_27583,-1.6,0.49,excretionRateN,ug N-NH4+ h^-1,Euphausia crystallorophias,IkedaDatabase,NA,Vanni2016,10.1002/ecy.1582,dryWeight,77.36,mg
Pata_27584,27.2,1.11,excretionRateN,ug N-NH4+ h^-1,Euphausia diomedeae,IkedaDatabase,NA,Vanni2016,10.1002/ecy.1582,dryWeight,3.27,mg
Pata_27585,27.2,1.26,excretionRateN,ug N-NH4+ h^-1,Euphausia diomedeae,IkedaDatabase,NA,Vanni2016,10.1002/ecy.1582,dryWeight,5.9,mg
Pata_27586,19.7,0.12,excretionRateN,ug N-NH4+ h^-1,Euphausia krohnii,IkedaDatabase,NA,Vanni2016,10.1002/ecy.1582,dryWeight,0.274,mg
Pata_27587,19.7,0.13,excretionRateN,ug N-NH4+ h^-1,Euphausia krohnii,IkedaDatabase,NA,Vanni2016,10.1002/ecy.1582,dryWeight,0.3,mg
Pata_27588,13,0.35,excretionRateN,ug N-NH4+ h^-1,Euphausia pacifica,IkedaDatabase,NA,Vanni2016,10.1002/ecy.1582,dryWeight,2.65,mg
Pata_27589,13,0.17,excretionRateN,ug N-NH4+ h^-1,Euphausia pacifica,IkedaDatabase,NA,Vanni2016,10.1002/ecy.1582,dryWeight,2.94,mg
Pata_27590,13,0.272,excretionRateN,ug N-NH4+ h^-1,Euphausia pacifica,IkedaDatabase,NA,Vanni2016,10.1002/ecy.1582,dryWeight,5.55,mg
Pata_27591,13,0.39,excretionRateN,ug N-NH4+ h^-1,Euphausia pacifica,IkedaDatabase,NA,Vanni2016,10.1002/ecy.1582,dryWeight,6.02,mg
Pata_27592,13,0.407,excretionRateN,ug N-NH4+ h^-1,Euphausia pacifica,IkedaDatabase,NA,Vanni2016,10.1002/ecy.1582,dryWeight,6.31,mg
Pata_27593,13,0.51,excretionRateN,ug N-NH4+ h^-1,Euphausia pacifica,IkedaDatabase,NA,Vanni2016,10.1002/ecy.1582,dryWeight,6.36,mg
Pata_27594,7,0.12,excretionRateN,ug N-NH4+ h^-1,Euphausia pacifica,IkedaDatabase,NA,Vanni2016,10.1002/ecy.1582,dryWeight,7.78,mg
Pata_27595,10.2,0.939,excretionRateN,ug N-NH4+ h^-1,Euphausia pacifica,IkedaDatabase,NA,Vanni2016,10.1002/ecy.1582,dryWeight,8.94,mg
Pata_27596,10.2,0.865,excretionRateN,ug N-NH4+ h^-1,Euphausia pacifica,IkedaDatabase,NA,Vanni2016,10.1002/ecy.1582,dryWeight,13.3,mg
Pata_27597,10.2,0.54,excretionRateN,ug N-NH4+ h^-1,Euphausia pacifica,IkedaDatabase,NA,Vanni2016,10.1002/ecy.1582,dryWeight,16.6,mg
Pata_27598,-1.3,0.64,excretionRateN,ug N-NH4+ h^-1,Euphausia superba,IkedaDatabase,NA,Vanni2016,10.1002/ecy.1582,dryWeight,8.88,mg
Pata_27599,-1.3,0.66,excretionRateN,ug N-NH4+ h^-1,Euphausia superba,IkedaDatabase,NA,Vanni2016,10.1002/ecy.1582,dryWeight,10.05,mg
Pata_27600,-1,0.756,excretionRateN,ug N-NH4+ h^-1,Euphausia superba,IkedaDatabase,NA,Vanni2016,10.1002/ecy.1582,dryWeight,11.67,mg
Pata_27601,-1.3,0.87,excretionRateN,ug N-NH4+ h^-1,Euphausia superba,IkedaDatabase,NA,Vanni2016,10.1002/ecy.1582,dryWeight,12.56,mg
Pata_27602,-1,0.533,excretionRateN,ug N-NH4+ h^-1,Euphausia superba,IkedaDatabase,NA,Vanni2016,10.1002/ecy.1582,dryWeight,12.57,mg
Pata_27603,-1,1.02,excretionRateN,ug N-NH4+ h^-1,Euphausia superba,IkedaDatabase,NA,Vanni2016,10.1002/ecy.1582,dryWeight,15.93,mg
Pata_27604,-1,1.01,excretionRateN,ug N-NH4+ h^-1,Euphausia superba,IkedaDatabase,NA,Vanni2016,10.1002/ecy.1582,dryWeight,16.1,mg
Pata_27605,-1,0.91,excretionRateN,ug N-NH4+ h^-1,Euphausia superba,IkedaDatabase,NA,Vanni2016,10.1002/ecy.1582,dryWeight,17.47,mg
Pata_27606,-1,1.04,excretionRateN,ug N-NH4+ h^-1,Euphausia superba,IkedaDatabase,NA,Vanni2016,10.1002/ecy.1582,dryWeight,20.24,mg
Pata_27607,-1.9,0.32,excretionRateN,ug N-NH4+ h^-1,Euphausia superba,IkedaDatabase,NA,Vanni2016,10.1002/ecy.1582,dryWeight,22.21,mg
Pata_27608,-1,1.53,excretionRateN,ug N-NH4+ h^-1,Euphausia superba,IkedaDatabase,NA,Vanni2016,10.1002/ecy.1582,dryWeight,24.86,mg
Pata_27609,-1.6,0.48,excretionRateN,ug N-NH4+ h^-1,Euphausia superba,IkedaDatabase,NA,Vanni2016,10.1002/ecy.1582,dryWeight,27.25,mg
Pata_27610,-1.5,0.45,excretionRateN,ug N-NH4+ h^-1,Euphausia superba,IkedaDatabase,NA,Vanni2016,10.1002/ecy.1582,dryWeight,28.78,mg
Pata_27611,-1,1.07,excretionRateN,ug N-NH4+ h^-1,Euphausia superba,IkedaDatabase,NA,Vanni2016,10.1002/ecy.1582,dryWeight,28.97,mg
Pata_27612,-1.4,0.57,excretionRateN,ug N-NH4+ h^-1,Euphausia superba,IkedaDatabase,NA,Vanni2016,10.1002/ecy.1582,dryWeight,30.89,mg
Pata_27613,-1.3,0.46,excretionRateN,ug N-NH4+ h^-1,Euphausia superba,IkedaDatabase,NA,Vanni2016,10.1002/ecy.1582,dryWeight,31,mg
Pata_27614,-1.8,0.59,excretionRateN,ug N-NH4+ h^-1,Euphausia superba,IkedaDatabase,NA,Vanni2016,10.1002/ecy.1582,dryWeight,31.3,mg
Pata_27615,-1.8,0.61,excretionRateN,ug N-NH4+ h^-1,Euphausia superba,IkedaDatabase,NA,Vanni2016,10.1002/ecy.1582,dryWeight,32.87,mg
Pata_27616,-1.5,0.53,excretionRateN,ug N-NH4+ h^-1,Euphausia superba,IkedaDatabase,NA,Vanni2016,10.1002/ecy.1582,dryWeight,33.01,mg
Pata_27617,-1.8,0.7,excretionRateN,ug N-NH4+ h^-1,Euphausia superba,IkedaDatabase,NA,Vanni2016,10.1002/ecy.1582,dryWeight,33.59,mg
Pata_27618,-1,1.61,excretionRateN,ug N-NH4+ h^-1,Euphausia superba,IkedaDatabase,NA,Vanni2016,10.1002/ecy.1582,dryWeight,34.99,mg
Pata_27619,-1.5,0.6,excretionRateN,ug N-NH4+ h^-1,Euphausia superba,IkedaDatabase,NA,Vanni2016,10.1002/ecy.1582,dryWeight,35.56,mg
Pata_27620,-1.9,0.94,excretionRateN,ug N-NH4+ h^-1,Euphausia superba,IkedaDatabase,NA,Vanni2016,10.1002/ecy.1582,dryWeight,35.95,mg
Pata_27621,-1.6,0.49,excretionRateN,ug N-NH4+ h^-1,Euphausia superba,IkedaDatabase,NA,Vanni2016,10.1002/ecy.1582,dryWeight,36.41,mg
Pata_27622,-1.5,0.71,excretionRateN,ug N-NH4+ h^-1,Euphausia superba,IkedaDatabase,NA,Vanni2016,10.1002/ecy.1582,dryWeight,38.13,mg
Pata_27623,-1.9,0.58,excretionRateN,ug N-NH4+ h^-1,Euphausia superba,IkedaDatabase,NA,Vanni2016,10.1002/ecy.1582,dryWeight,38.13,mg
Pata_27624,-1.4,1.12,excretionRateN,ug N-NH4+ h^-1,Euphausia superba,IkedaDatabase,NA,Vanni2016,10.1002/ecy.1582,dryWeight,40.77,mg
Pata_27625,-1.8,0.85,excretionRateN,ug N-NH4+ h^-1,Euphausia superba,IkedaDatabase,NA,Vanni2016,10.1002/ecy.1582,dryWeight,41.21,mg
Pata_27626,-1,2.84,excretionRateN,ug N-NH4+ h^-1,Euphausia superba,IkedaDatabase,NA,Vanni2016,10.1002/ecy.1582,dryWeight,41.37,mg
Pata_27627,-1.4,0.99,excretionRateN,ug N-NH4+ h^-1,Euphausia superba,IkedaDatabase,NA,Vanni2016,10.1002/ecy.1582,dryWeight,43.41,mg
Pata_27628,-1,1.52,excretionRateN,ug N-NH4+ h^-1,Euphausia superba,IkedaDatabase,NA,Vanni2016,10.1002/ecy.1582,dryWeight,44.32,mg
Pata_27629,-1,1.92,excretionRateN,ug N-NH4+ h^-1,Euphausia superba,IkedaDatabase,NA,Vanni2016,10.1002/ecy.1582,dryWeight,44.36,mg
Pata_27630,-1.3,0.56,excretionRateN,ug N-NH4+ h^-1,Euphausia superba,IkedaDatabase,NA,Vanni2016,10.1002/ecy.1582,dryWeight,45.78,mg
Pata_27631,-1,2.41,excretionRateN,ug N-NH4+ h^-1,Euphausia superba,IkedaDatabase,NA,Vanni2016,10.1002/ecy.1582,dryWeight,46.71,mg
Pata_27632,-1.4,1.22,excretionRateN,ug N-NH4+ h^-1,Euphausia superba,IkedaDatabase,NA,Vanni2016,10.1002/ecy.1582,dryWeight,49.19,mg
Pata_27633,-1.5,2.16,excretionRateN,ug N-NH4+ h^-1,Euphausia superba,IkedaDatabase,NA,Vanni2016,10.1002/ecy.1582,dryWeight,49.49,mg
Pata_27634,-1,1.93,excretionRateN,ug N-NH4+ h^-1,Euphausia superba,IkedaDatabase,NA,Vanni2016,10.1002/ecy.1582,dryWeight,49.64,mg
Pata_27635,-1,2.42,excretionRateN,ug N-NH4+ h^-1,Euphausia superba,IkedaDatabase,NA,Vanni2016,10.1002/ecy.1582,dryWeight,51.04,mg
Pata_27636,-1.9,1.38,excretionRateN,ug N-NH4+ h^-1,Euphausia superba,IkedaDatabase,NA,Vanni2016,10.1002/ecy.1582,dryWeight,52.47,mg
Pata_27637,-1.4,1.67,excretionRateN,ug N-NH4+ h^-1,Euphausia superba,IkedaDatabase,NA,Vanni2016,10.1002/ecy.1582,dryWeight,53.05,mg
Pata_27638,-1.4,1.68,excretionRateN,ug N-NH4+ h^-1,Euphausia superba,IkedaDatabase,NA,Vanni2016,10.1002/ecy.1582,dryWeight,53.38,mg
Pata_27639,-1.5,1.86,excretionRateN,ug N-NH4+ h^-1,Euphausia superba,IkedaDatabase,NA,Vanni2016,10.1002/ecy.1582,dryWeight,55.08,mg
Pata_27640,-1.8,1.14,excretionRateN,ug N-NH4+ h^-1,Euphausia superba,IkedaDatabase,NA,Vanni2016,10.1002/ecy.1582,dryWeight,55.98,mg
Pata_27641,-1.9,0.95,excretionRateN,ug N-NH4+ h^-1,Euphausia superba,IkedaDatabase,NA,Vanni2016,10.1002/ecy.1582,dryWeight,56.62,mg
Pata_27642,-1.8,1.03,excretionRateN,ug N-NH4+ h^-1,Euphausia superba,IkedaDatabase,NA,Vanni2016,10.1002/ecy.1582,dryWeight,56.85,mg
Pata_27643,-1.8,1.36,excretionRateN,ug N-NH4+ h^-1,Euphausia superba,IkedaDatabase,NA,Vanni2016,10.1002/ecy.1582,dryWeight,57.7,mg
Pata_27644,-1,2.17,excretionRateN,ug N-NH4+ h^-1,Euphausia superba,IkedaDatabase,NA,Vanni2016,10.1002/ecy.1582,dryWeight,59.58,mg
Pata_27645,-1,1.8,excretionRateN,ug N-NH4+ h^-1,Euphausia superba,IkedaDatabase,NA,Vanni2016,10.1002/ecy.1582,dryWeight,59.88,mg
Pata_27646,-1,2.06,excretionRateN,ug N-NH4+ h^-1,Euphausia superba,IkedaDatabase,NA,Vanni2016,10.1002/ecy.1582,dryWeight,60.3,mg
Pata_27647,-1,1.27,excretionRateN,ug N-NH4+ h^-1,Euphausia superba,IkedaDatabase,NA,Vanni2016,10.1002/ecy.1582,dryWeight,61.08,mg
Pata_27648,-1.8,1.5,excretionRateN,ug N-NH4+ h^-1,Euphausia superba,IkedaDatabase,NA,Vanni2016,10.1002/ecy.1582,dryWeight,61.23,mg
Pata_27649,-1.9,1.11,excretionRateN,ug N-NH4+ h^-1,Euphausia superba,IkedaDatabase,NA,Vanni2016,10.1002/ecy.1582,dryWeight,62.78,mg
Pata_27650,-1.8,1.49,excretionRateN,ug N-NH4+ h^-1,Euphausia superba,IkedaDatabase,NA,Vanni2016,10.1002/ecy.1582,dryWeight,63.77,mg
Pata_27651,-1.5,1.29,excretionRateN,ug N-NH4+ h^-1,Euphausia superba,IkedaDatabase,NA,Vanni2016,10.1002/ecy.1582,dryWeight,63.82,mg
Pata_27652,-1.8,0.93,excretionRateN,ug N-NH4+ h^-1,Euphausia superba,IkedaDatabase,NA,Vanni2016,10.1002/ecy.1582,dryWeight,65.58,mg
Pata_27653,-1,2.65,excretionRateN,ug N-NH4+ h^-1,Euphausia superba,IkedaDatabase,NA,Vanni2016,10.1002/ecy.1582,dryWeight,65.69,mg
Pata_27654,-1.8,1.46,excretionRateN,ug N-NH4+ h^-1,Euphausia superba,IkedaDatabase,NA,Vanni2016,10.1002/ecy.1582,dryWeight,66.65,mg
Pata_27655,-1,3.77,excretionRateN,ug N-NH4+ h^-1,Euphausia superba,IkedaDatabase,NA,Vanni2016,10.1002/ecy.1582,dryWeight,67.41,mg
Pata_27656,-1.4,2.36,excretionRateN,ug N-NH4+ h^-1,Euphausia superba,IkedaDatabase,NA,Vanni2016,10.1002/ecy.1582,dryWeight,68.1,mg
Pata_27657,-1.4,1.77,excretionRateN,ug N-NH4+ h^-1,Euphausia superba,IkedaDatabase,NA,Vanni2016,10.1002/ecy.1582,dryWeight,70.77,mg
Pata_27658,-1.3,1.96,excretionRateN,ug N-NH4+ h^-1,Euphausia superba,IkedaDatabase,NA,Vanni2016,10.1002/ecy.1582,dryWeight,71.47,mg
Pata_27659,-1.8,1,excretionRateN,ug N-NH4+ h^-1,Euphausia superba,IkedaDatabase,NA,Vanni2016,10.1002/ecy.1582,dryWeight,71.91,mg
Pata_27660,-1.9,1.43,excretionRateN,ug N-NH4+ h^-1,Euphausia superba,IkedaDatabase,NA,Vanni2016,10.1002/ecy.1582,dryWeight,73.87,mg
Pata_27661,-1.3,1.84,excretionRateN,ug N-NH4+ h^-1,Euphausia superba,IkedaDatabase,NA,Vanni2016,10.1002/ecy.1582,dryWeight,75.36,mg
Pata_27662,-1.3,2.31,excretionRateN,ug N-NH4+ h^-1,Euphausia superba,IkedaDatabase,NA,Vanni2016,10.1002/ecy.1582,dryWeight,75.47,mg
Pata_27663,-1.3,2.57,excretionRateN,ug N-NH4+ h^-1,Euphausia superba,IkedaDatabase,NA,Vanni2016,10.1002/ecy.1582,dryWeight,78.24,mg
Pata_27664,-1.5,0.86,excretionRateN,ug N-NH4+ h^-1,Euphausia superba,IkedaDatabase,NA,Vanni2016,10.1002/ecy.1582,dryWeight,78.65,mg
Pata_27665,-1.9,1.33,excretionRateN,ug N-NH4+ h^-1,Euphausia superba,IkedaDatabase,NA,Vanni2016,10.1002/ecy.1582,dryWeight,79.74,mg
Pata_27666,-1.8,0.67,excretionRateN,ug N-NH4+ h^-1,Euphausia superba,IkedaDatabase,NA,Vanni2016,10.1002/ecy.1582,dryWeight,81.26,mg
Pata_27667,-1.5,4.44,excretionRateN,ug N-NH4+ h^-1,Euphausia superba,IkedaDatabase,NA,Vanni2016,10.1002/ecy.1582,dryWeight,82.16,mg
Pata_27668,-1.5,0.54,excretionRateN,ug N-NH4+ h^-1,Euphausia superba,IkedaDatabase,NA,Vanni2016,10.1002/ecy.1582,dryWeight,83.49,mg
Pata_27669,-1.5,0.68,excretionRateN,ug N-NH4+ h^-1,Euphausia superba,IkedaDatabase,NA,Vanni2016,10.1002/ecy.1582,dryWeight,85.27,mg
Pata_27670,-1.8,1.6,excretionRateN,ug N-NH4+ h^-1,Euphausia superba,IkedaDatabase,NA,Vanni2016,10.1002/ecy.1582,dryWeight,86.8,mg
Pata_27671,-1.8,1.24,excretionRateN,ug N-NH4+ h^-1,Euphausia superba,IkedaDatabase,NA,Vanni2016,10.1002/ecy.1582,dryWeight,88.31,mg
Pata_27672,-1.8,3.39,excretionRateN,ug N-NH4+ h^-1,Euphausia superba,IkedaDatabase,NA,Vanni2016,10.1002/ecy.1582,dryWeight,91.23,mg
Pata_27673,-1,3.81,excretionRateN,ug N-NH4+ h^-1,Euphausia superba,IkedaDatabase,NA,Vanni2016,10.1002/ecy.1582,dryWeight,94.33,mg
Pata_27674,-1,3.63,excretionRateN,ug N-NH4+ h^-1,Euphausia superba,IkedaDatabase,NA,Vanni2016,10.1002/ecy.1582,dryWeight,94.74,mg
Pata_27675,-1.3,3.74,excretionRateN,ug N-NH4+ h^-1,Euphausia superba,IkedaDatabase,NA,Vanni2016,10.1002/ecy.1582,dryWeight,95.7,mg
Pata_27676,-1.5,1.16,excretionRateN,ug N-NH4+ h^-1,Euphausia superba,IkedaDatabase,NA,Vanni2016,10.1002/ecy.1582,dryWeight,95.71,mg
Pata_27677,-1,2.29,excretionRateN,ug N-NH4+ h^-1,Euphausia superba,IkedaDatabase,NA,Vanni2016,10.1002/ecy.1582,dryWeight,97.24,mg
Pata_27678,-1,3.04,excretionRateN,ug N-NH4+ h^-1,Euphausia superba,IkedaDatabase,NA,Vanni2016,10.1002/ecy.1582,dryWeight,98.79,mg
Pata_27679,-1.8,2.43,excretionRateN,ug N-NH4+ h^-1,Euphausia superba,IkedaDatabase,NA,Vanni2016,10.1002/ecy.1582,dryWeight,99.9,mg
Pata_27680,-1,3.03,excretionRateN,ug N-NH4+ h^-1,Euphausia superba,IkedaDatabase,NA,Vanni2016,10.1002/ecy.1582,dryWeight,101.82,mg
Pata_27681,-1,4.06,excretionRateN,ug N-NH4+ h^-1,Euphausia superba,IkedaDatabase,NA,Vanni2016,10.1002/ecy.1582,dryWeight,104.52,mg
Pata_27682,-1.9,2.03,excretionRateN,ug N-NH4+ h^-1,Euphausia superba,IkedaDatabase,NA,Vanni2016,10.1002/ecy.1582,dryWeight,106.5,mg
Pata_27683,-1,4.21,excretionRateN,ug N-NH4+ h^-1,Euphausia superba,IkedaDatabase,NA,Vanni2016,10.1002/ecy.1582,dryWeight,108.78,mg
Pata_27684,-1.5,2.14,excretionRateN,ug N-NH4+ h^-1,Euphausia superba,IkedaDatabase,NA,Vanni2016,10.1002/ecy.1582,dryWeight,110.3,mg
Pata_27685,-1,3.96,excretionRateN,ug N-NH4+ h^-1,Euphausia superba,IkedaDatabase,NA,Vanni2016,10.1002/ecy.1582,dryWeight,112.71,mg
Pata_27686,-1.3,4.34,excretionRateN,ug N-NH4+ h^-1,Euphausia superba,IkedaDatabase,NA,Vanni2016,10.1002/ecy.1582,dryWeight,113.09,mg
Pata_27687,-1.8,2.05,excretionRateN,ug N-NH4+ h^-1,Euphausia superba,IkedaDatabase,NA,Vanni2016,10.1002/ecy.1582,dryWeight,116.7,mg
Pata_27688,-1,3.95,excretionRateN,ug N-NH4+ h^-1,Euphausia superba,IkedaDatabase,NA,Vanni2016,10.1002/ecy.1582,dryWeight,117.36,mg
Pata_27689,-1.4,3.23,excretionRateN,ug N-NH4+ h^-1,Euphausia superba,IkedaDatabase,NA,Vanni2016,10.1002/ecy.1582,dryWeight,117.9,mg
Pata_27690,-1.4,2.13,excretionRateN,ug N-NH4+ h^-1,Euphausia superba,IkedaDatabase,NA,Vanni2016,10.1002/ecy.1582,dryWeight,121,mg
Pata_27691,-1.9,1.54,excretionRateN,ug N-NH4+ h^-1,Euphausia superba,IkedaDatabase,NA,Vanni2016,10.1002/ecy.1582,dryWeight,121.4,mg
Pata_27692,-1.5,2.76,excretionRateN,ug N-NH4+ h^-1,Euphausia superba,IkedaDatabase,NA,Vanni2016,10.1002/ecy.1582,dryWeight,122.1,mg
Pata_27693,-1,3.44,excretionRateN,ug N-NH4+ h^-1,Euphausia superba,IkedaDatabase,NA,Vanni2016,10.1002/ecy.1582,dryWeight,123.49,mg
Pata_27694,-1.4,3.32,excretionRateN,ug N-NH4+ h^-1,Euphausia superba,IkedaDatabase,NA,Vanni2016,10.1002/ecy.1582,dryWeight,125.3,mg
Pata_27695,-1.8,2.63,excretionRateN,ug N-NH4+ h^-1,Euphausia superba,IkedaDatabase,NA,Vanni2016,10.1002/ecy.1582,dryWeight,125.9,mg
Pata_27696,-1.4,3.29,excretionRateN,ug N-NH4+ h^-1,Euphausia superba,IkedaDatabase,NA,Vanni2016,10.1002/ecy.1582,dryWeight,128,mg
Pata_27697,-1,6.16,excretionRateN,ug N-NH4+ h^-1,Euphausia superba,IkedaDatabase,NA,Vanni2016,10.1002/ecy.1582,dryWeight,128.1,mg
Pata_27698,-1,5.42,excretionRateN,ug N-NH4+ h^-1,Euphausia superba,IkedaDatabase,NA,Vanni2016,10.1002/ecy.1582,dryWeight,132.66,mg
Pata_27699,-1,4.09,excretionRateN,ug N-NH4+ h^-1,Euphausia superba,IkedaDatabase,NA,Vanni2016,10.1002/ecy.1582,dryWeight,136.08,mg
Pata_27700,-1.1,3.6,excretionRateN,ug N-NH4+ h^-1,Euphausia superba,IkedaDatabase,NA,Vanni2016,10.1002/ecy.1582,dryWeight,145.5,mg
Pata_27701,-1,5.7,excretionRateN,ug N-NH4+ h^-1,Euphausia superba,IkedaDatabase,NA,Vanni2016,10.1002/ecy.1582,dryWeight,147.11,mg
Pata_27702,-1,5.19,excretionRateN,ug N-NH4+ h^-1,Euphausia superba,IkedaDatabase,NA,Vanni2016,10.1002/ecy.1582,dryWeight,149.57,mg
Pata_27703,-1.1,4.67,excretionRateN,ug N-NH4+ h^-1,Euphausia superba,IkedaDatabase,NA,Vanni2016,10.1002/ecy.1582,dryWeight,159.19,mg
Pata_27704,-1.8,3.61,excretionRateN,ug N-NH4+ h^-1,Euphausia superba,IkedaDatabase,NA,Vanni2016,10.1002/ecy.1582,dryWeight,159.9,mg
Pata_27705,-1.1,4.49,excretionRateN,ug N-NH4+ h^-1,Euphausia superba,IkedaDatabase,NA,Vanni2016,10.1002/ecy.1582,dryWeight,168.64,mg
Pata_27706,-1.3,4.03,excretionRateN,ug N-NH4+ h^-1,Euphausia superba,IkedaDatabase,NA,Vanni2016,10.1002/ecy.1582,dryWeight,173.85,mg
Pata_27707,-1.1,4.86,excretionRateN,ug N-NH4+ h^-1,Euphausia superba,IkedaDatabase,NA,Vanni2016,10.1002/ecy.1582,dryWeight,177,mg
Pata_27708,-1.1,4.54,excretionRateN,ug N-NH4+ h^-1,Euphausia superba,IkedaDatabase,NA,Vanni2016,10.1002/ecy.1582,dryWeight,179.65,mg
Pata_27709,-1.1,3.36,excretionRateN,ug N-NH4+ h^-1,Euphausia superba,IkedaDatabase,NA,Vanni2016,10.1002/ecy.1582,dryWeight,195.42,mg
Pata_27710,-1.8,2.19,excretionRateN,ug N-NH4+ h^-1,Euphausia superba,IkedaDatabase,NA,Vanni2016,10.1002/ecy.1582,dryWeight,200,mg
Pata_27711,-1.1,5.12,excretionRateN,ug N-NH4+ h^-1,Euphausia superba,IkedaDatabase,NA,Vanni2016,10.1002/ecy.1582,dryWeight,204.32,mg
Pata_27712,-1,5.09,excretionRateN,ug N-NH4+ h^-1,Euphausia superba,IkedaDatabase,NA,Vanni2016,10.1002/ecy.1582,dryWeight,233.5,mg
Pata_27713,-1.3,3.31,excretionRateN,ug N-NH4+ h^-1,Euphausia superba,IkedaDatabase,NA,Vanni2016,10.1002/ecy.1582,dryWeight,98.7,mg
Pata_27714,-1.3,3.26,excretionRateN,ug N-NH4+ h^-1,Euphausia superba,IkedaDatabase,NA,Vanni2016,10.1002/ecy.1582,dryWeight,115.13,mg
Pata_27715,-1.3,3.65,excretionRateN,ug N-NH4+ h^-1,Euphausia superba,IkedaDatabase,NA,Vanni2016,10.1002/ecy.1582,dryWeight,119.3,mg
Pata_27716,-1,2.95,excretionRateN,ug N-NH4+ h^-1,Euphausia superba,IkedaDatabase,NA,Vanni2016,10.1002/ecy.1582,dryWeight,151.85,mg
Pata_27717,-1.3,5.6,excretionRateN,ug N-NH4+ h^-1,Euphausia superba,IkedaDatabase,NA,Vanni2016,10.1002/ecy.1582,dryWeight,161.26,mg
Pata_27718,-1.3,4.51,excretionRateN,ug N-NH4+ h^-1,Euphausia superba,IkedaDatabase,NA,Vanni2016,10.1002/ecy.1582,dryWeight,169.97,mg
Pata_27719,-1,7.45,excretionRateN,ug N-NH4+ h^-1,Euphausia superba,IkedaDatabase,NA,Vanni2016,10.1002/ecy.1582,dryWeight,175.73,mg
Pata_27720,-1,7.84,excretionRateN,ug N-NH4+ h^-1,Euphausia superba,IkedaDatabase,NA,Vanni2016,10.1002/ecy.1582,dryWeight,224.89,mg
Pata_27721,-1,6.37,excretionRateN,ug N-NH4+ h^-1,Euphausia superba,IkedaDatabase,NA,Vanni2016,10.1002/ecy.1582,dryWeight,225.1,mg
Pata_27722,-1.1,5.28,excretionRateN,ug N-NH4+ h^-1,Euphausia superba,IkedaDatabase,NA,Vanni2016,10.1002/ecy.1582,dryWeight,256.9,mg
Pata_27723,-1,11.94,excretionRateN,ug N-NH4+ h^-1,Euphausia superba,IkedaDatabase,NA,Vanni2016,10.1002/ecy.1582,dryWeight,259.41,mg
Pata_27724,-1.3,7.21,excretionRateN,ug N-NH4+ h^-1,Euphausia superba,IkedaDatabase,NA,Vanni2016,10.1002/ecy.1582,dryWeight,259.64,mg
Pata_27725,-1,8.24,excretionRateN,ug N-NH4+ h^-1,Euphausia superba,IkedaDatabase,NA,Vanni2016,10.1002/ecy.1582,dryWeight,311.99,mg
Pata_27726,-1.1,11.21,excretionRateN,ug N-NH4+ h^-1,Euphausia superba,IkedaDatabase,NA,Vanni2016,10.1002/ecy.1582,dryWeight,330.77,mg
Pata_27727,-1,13.01,excretionRateN,ug N-NH4+ h^-1,Euphausia superba,IkedaDatabase,NA,Vanni2016,10.1002/ecy.1582,dryWeight,354.15,mg
Pata_27728,-1,6.73,excretionRateN,ug N-NH4+ h^-1,Euphausia superba,IkedaDatabase,NA,Vanni2016,10.1002/ecy.1582,dryWeight,354.47,mg
Pata_27729,-1.1,10.35,excretionRateN,ug N-NH4+ h^-1,Euphausia superba,IkedaDatabase,NA,Vanni2016,10.1002/ecy.1582,dryWeight,362.97,mg
Pata_27730,-1,14.95,excretionRateN,ug N-NH4+ h^-1,Euphausia superba,IkedaDatabase,NA,Vanni2016,10.1002/ecy.1582,dryWeight,368.38,mg
Pata_27731,-1.1,7.5,excretionRateN,ug N-NH4+ h^-1,Euphausia superba,IkedaDatabase,NA,Vanni2016,10.1002/ecy.1582,dryWeight,393.72,mg
Pata_27732,27.5,0.058,excretionRateN,ug N-NH4+ h^-1,Euphausia tenera,IkedaDatabase,NA,Vanni2016,10.1002/ecy.1582,dryWeight,0.23,mg
Pata_27733,27.5,0.081,excretionRateN,ug N-NH4+ h^-1,Euphausia tenera,IkedaDatabase,NA,Vanni2016,10.1002/ecy.1582,dryWeight,0.278,mg
Pata_27734,27.5,0.34,excretionRateN,ug N-NH4+ h^-1,Euphausia tenera,IkedaDatabase,NA,Vanni2016,10.1002/ecy.1582,dryWeight,0.382,mg
Pata_27735,26.9,0.23,excretionRateN,ug N-NH4+ h^-1,Euphausia tenera,IkedaDatabase,NA,Vanni2016,10.1002/ecy.1582,dryWeight,0.595,mg
Pata_27736,27.4,0.3,excretionRateN,ug N-NH4+ h^-1,Euphausia tenera,IkedaDatabase,NA,Vanni2016,10.1002/ecy.1582,dryWeight,0.607,mg
Pata_27737,26.9,0.28,excretionRateN,ug N-NH4+ h^-1,Euphausia tenera,IkedaDatabase,NA,Vanni2016,10.1002/ecy.1582,dryWeight,0.748,mg
Pata_27738,27,0.44,excretionRateN,ug N-NH4+ h^-1,Euphausia tenera,IkedaDatabase,NA,Vanni2016,10.1002/ecy.1582,dryWeight,1.13,mg
Pata_27739,25.7,0.58,excretionRateN,ug N-NH4+ h^-1,Euphausia tenera,IkedaDatabase,NA,Vanni2016,10.1002/ecy.1582,dryWeight,1.45,mg
Pata_27740,27.4,0.5,excretionRateN,ug N-NH4+ h^-1,Euphausia tenera,IkedaDatabase,NA,Vanni2016,10.1002/ecy.1582,dryWeight,1.46,mg
Pata_27741,25.7,0.26,excretionRateN,ug N-NH4+ h^-1,Euphausia tenera,IkedaDatabase,NA,Vanni2016,10.1002/ecy.1582,dryWeight,2.32,mg
Pata_27742,-0.8,0.58,excretionRateN,ug N-NH4+ h^-1,Euphausia triacantha,IkedaDatabase,NA,Vanni2016,10.1002/ecy.1582,dryWeight,16.05,mg
Pata_27743,-0.8,0.679,excretionRateN,ug N-NH4+ h^-1,Euphausia triacantha,IkedaDatabase,NA,Vanni2016,10.1002/ecy.1582,dryWeight,19.36,mg
Pata_27744,-0.8,0.809,excretionRateN,ug N-NH4+ h^-1,Euphausia triacantha,IkedaDatabase,NA,Vanni2016,10.1002/ecy.1582,dryWeight,20.37,mg
Pata_27745,-0.8,0.818,excretionRateN,ug N-NH4+ h^-1,Euphausia triacantha,IkedaDatabase,NA,Vanni2016,10.1002/ecy.1582,dryWeight,21,mg
Pata_27746,-0.8,0.78,excretionRateN,ug N-NH4+ h^-1,Euphausia triacantha,IkedaDatabase,NA,Vanni2016,10.1002/ecy.1582,dryWeight,21.18,mg
Pata_27747,-0.8,0.796,excretionRateN,ug N-NH4+ h^-1,Euphausia triacantha,IkedaDatabase,NA,Vanni2016,10.1002/ecy.1582,dryWeight,21.92,mg
Pata_27748,-0.8,0.618,excretionRateN,ug N-NH4+ h^-1,Euphausia triacantha,IkedaDatabase,NA,Vanni2016,10.1002/ecy.1582,dryWeight,22.2,mg
Pata_27749,-0.8,0.813,excretionRateN,ug N-NH4+ h^-1,Euphausia triacantha,IkedaDatabase,NA,Vanni2016,10.1002/ecy.1582,dryWeight,24.01,mg
Pata_27750,-0.8,0.797,excretionRateN,ug N-NH4+ h^-1,Euphausia triacantha,IkedaDatabase,NA,Vanni2016,10.1002/ecy.1582,dryWeight,24.39,mg
Pata_27751,-0.8,1.23,excretionRateN,ug N-NH4+ h^-1,Euphausia triacantha,IkedaDatabase,NA,Vanni2016,10.1002/ecy.1582,dryWeight,24.76,mg
Pata_27752,-0.8,0.944,excretionRateN,ug N-NH4+ h^-1,Euphausia triacantha,IkedaDatabase,NA,Vanni2016,10.1002/ecy.1582,dryWeight,24.77,mg
Pata_27753,-0.8,0.792,excretionRateN,ug N-NH4+ h^-1,Euphausia triacantha,IkedaDatabase,NA,Vanni2016,10.1002/ecy.1582,dryWeight,24.86,mg
Pata_27754,-0.8,0.993,excretionRateN,ug N-NH4+ h^-1,Euphausia triacantha,IkedaDatabase,NA,Vanni2016,10.1002/ecy.1582,dryWeight,26.18,mg
Pata_27755,-0.8,1,excretionRateN,ug N-NH4+ h^-1,Euphausia triacantha,IkedaDatabase,NA,Vanni2016,10.1002/ecy.1582,dryWeight,26.45,mg
Pata_27756,-0.8,1.294,excretionRateN,ug N-NH4+ h^-1,Euphausia triacantha,IkedaDatabase,NA,Vanni2016,10.1002/ecy.1582,dryWeight,27,mg
Pata_27757,0.1,0.83,excretionRateN,ug N-NH4+ h^-1,Euphausia triacantha,IkedaDatabase,NA,Vanni2016,10.1002/ecy.1582,dryWeight,60.95,mg
Pata_27758,0.2,1.03,excretionRateN,ug N-NH4+ h^-1,Euphausia triacantha,IkedaDatabase,NA,Vanni2016,10.1002/ecy.1582,dryWeight,70.85,mg
Pata_27759,0.1,0.52,excretionRateN,ug N-NH4+ h^-1,Euphausia triacantha,IkedaDatabase,NA,Vanni2016,10.1002/ecy.1582,dryWeight,75.06,mg
Pata_27760,0.1,0.63,excretionRateN,ug N-NH4+ h^-1,Euphausia triacantha,IkedaDatabase,NA,Vanni2016,10.1002/ecy.1582,dryWeight,75.9,mg
Pata_27761,0.1,1.45,excretionRateN,ug N-NH4+ h^-1,Euphausia triacantha,IkedaDatabase,NA,Vanni2016,10.1002/ecy.1582,dryWeight,86.84,mg
Pata_27762,0.1,2.57,excretionRateN,ug N-NH4+ h^-1,Euphausia triacantha,IkedaDatabase,NA,Vanni2016,10.1002/ecy.1582,dryWeight,87.31,mg
Pata_27763,0.1,1.21,excretionRateN,ug N-NH4+ h^-1,Euphausia triacantha,IkedaDatabase,NA,Vanni2016,10.1002/ecy.1582,dryWeight,90.14,mg
Pata_27764,0.1,1.53,excretionRateN,ug N-NH4+ h^-1,Euphausia triacantha,IkedaDatabase,NA,Vanni2016,10.1002/ecy.1582,dryWeight,98.05,mg
Pata_27765,0.1,1.62,excretionRateN,ug N-NH4+ h^-1,Euphausia triacantha,IkedaDatabase,NA,Vanni2016,10.1002/ecy.1582,dryWeight,100.39,mg
Pata_27766,-1,0.06,excretionRateN,ug N-NH4+ h^-1,Gigantocypris muelleri,IkedaDatabase,NA,Vanni2016,10.1002/ecy.1582,dryWeight,10.2,mg
Pata_27767,-0.5,0.105,excretionRateN,ug N-NH4+ h^-1,Gigantocypris muelleri,IkedaDatabase,NA,Vanni2016,10.1002/ecy.1582,dryWeight,18.4,mg
Pata_27768,0.2,0.047,excretionRateN,ug N-NH4+ h^-1,Gigantocypris muelleri,IkedaDatabase,NA,Vanni2016,10.1002/ecy.1582,dryWeight,22.36,mg
Pata_27769,0.2,0.51,excretionRateN,ug N-NH4+ h^-1,Gigantocypris muelleri,IkedaDatabase,NA,Vanni2016,10.1002/ecy.1582,dryWeight,34.53,mg
Pata_27770,0.1,0.45,excretionRateN,ug N-NH4+ h^-1,Gigantocypris muelleri,IkedaDatabase,NA,Vanni2016,10.1002/ecy.1582,dryWeight,41.34,mg
Pata_27771,-1,0.185,excretionRateN,ug N-NH4+ h^-1,Gigantocypris muelleri,IkedaDatabase,NA,Vanni2016,10.1002/ecy.1582,dryWeight,47.33,mg
Pata_27772,-1,0.137,excretionRateN,ug N-NH4+ h^-1,Gigantocypris muelleri,IkedaDatabase,NA,Vanni2016,10.1002/ecy.1582,dryWeight,48.52,mg
Pata_27773,-1,0.174,excretionRateN,ug N-NH4+ h^-1,Gigantocypris muelleri,IkedaDatabase,NA,Vanni2016,10.1002/ecy.1582,dryWeight,48.67,mg
Pata_27774,-0.8,0.136,excretionRateN,ug N-NH4+ h^-1,Gigantocypris muelleri,IkedaDatabase,NA,Vanni2016,10.1002/ecy.1582,dryWeight,50.36,mg
Pata_27775,-1,0.096,excretionRateN,ug N-NH4+ h^-1,Gigantocypris muelleri,IkedaDatabase,NA,Vanni2016,10.1002/ecy.1582,dryWeight,53.36,mg
Pata_27776,0.2,0.18,excretionRateN,ug N-NH4+ h^-1,Gigantocypris muelleri,IkedaDatabase,NA,Vanni2016,10.1002/ecy.1582,dryWeight,63.92,mg
Pata_27777,0.2,0.25,excretionRateN,ug N-NH4+ h^-1,Gigantocypris muelleri,IkedaDatabase,NA,Vanni2016,10.1002/ecy.1582,dryWeight,64.83,mg
Pata_27778,-1,0.201,excretionRateN,ug N-NH4+ h^-1,Gigantocypris muelleri,IkedaDatabase,NA,Vanni2016,10.1002/ecy.1582,dryWeight,72.09,mg
Pata_27779,0.2,0.086,excretionRateN,ug N-NH4+ h^-1,Gigantocypris muelleri,IkedaDatabase,NA,Vanni2016,10.1002/ecy.1582,dryWeight,74.01,mg
Pata_27780,-1,0.138,excretionRateN,ug N-NH4+ h^-1,Gigantocypris muelleri,IkedaDatabase,NA,Vanni2016,10.1002/ecy.1582,dryWeight,82.84,mg
Pata_27781,0.2,0.33,excretionRateN,ug N-NH4+ h^-1,Gigantocypris muelleri,IkedaDatabase,NA,Vanni2016,10.1002/ecy.1582,dryWeight,83.01,mg
Pata_27782,-1,0.401,excretionRateN,ug N-NH4+ h^-1,Gigantocypris muelleri,IkedaDatabase,NA,Vanni2016,10.1002/ecy.1582,dryWeight,129.1,mg
Pata_27783,-1,0.111,excretionRateN,ug N-NH4+ h^-1,Gigantocypris muelleri,IkedaDatabase,NA,Vanni2016,10.1002/ecy.1582,dryWeight,136.01,mg
Pata_27784,-1,0.214,excretionRateN,ug N-NH4+ h^-1,Gigantocypris muelleri,IkedaDatabase,NA,Vanni2016,10.1002/ecy.1582,dryWeight,138.58,mg
Pata_27785,0.2,0.43,excretionRateN,ug N-NH4+ h^-1,Gigantocypris muelleri,IkedaDatabase,NA,Vanni2016,10.1002/ecy.1582,dryWeight,142.56,mg
Pata_27786,0.2,1.71,excretionRateN,ug N-NH4+ h^-1,Gigantocypris muelleri,IkedaDatabase,NA,Vanni2016,10.1002/ecy.1582,dryWeight,146.18,mg
Pata_27787,0.1,0.41,excretionRateN,ug N-NH4+ h^-1,Gigantocypris muelleri,IkedaDatabase,NA,Vanni2016,10.1002/ecy.1582,dryWeight,147.49,mg
Pata_27788,0.2,0.13,excretionRateN,ug N-NH4+ h^-1,Gigantocypris muelleri,IkedaDatabase,NA,Vanni2016,10.1002/ecy.1582,dryWeight,148.25,mg
Pata_27789,0.3,0.29,excretionRateN,ug N-NH4+ h^-1,Gigantocypris muelleri,IkedaDatabase,NA,Vanni2016,10.1002/ecy.1582,dryWeight,149.36,mg
Pata_27790,-1,0.478,excretionRateN,ug N-NH4+ h^-1,Gigantocypris muelleri,IkedaDatabase,NA,Vanni2016,10.1002/ecy.1582,dryWeight,154.93,mg
Pata_27791,0.2,0.2,excretionRateN,ug N-NH4+ h^-1,Gigantocypris muelleri,IkedaDatabase,NA,Vanni2016,10.1002/ecy.1582,dryWeight,155.75,mg
Pata_27792,0.1,0.72,excretionRateN,ug N-NH4+ h^-1,Gigantocypris muelleri,IkedaDatabase,NA,Vanni2016,10.1002/ecy.1582,dryWeight,156.36,mg
Pata_27793,0.1,0.59,excretionRateN,ug N-NH4+ h^-1,Gigantocypris muelleri,IkedaDatabase,NA,Vanni2016,10.1002/ecy.1582,dryWeight,157.97,mg
Pata_27794,0.3,0.39,excretionRateN,ug N-NH4+ h^-1,Gigantocypris muelleri,IkedaDatabase,NA,Vanni2016,10.1002/ecy.1582,dryWeight,159.21,mg
Pata_27795,0.2,0.36,excretionRateN,ug N-NH4+ h^-1,Gigantocypris muelleri,IkedaDatabase,NA,Vanni2016,10.1002/ecy.1582,dryWeight,168.25,mg
Pata_27796,0.2,0.12,excretionRateN,ug N-NH4+ h^-1,Gigantocypris muelleri,IkedaDatabase,NA,Vanni2016,10.1002/ecy.1582,dryWeight,174.13,mg
Pata_27797,0.2,0.26,excretionRateN,ug N-NH4+ h^-1,Gigantocypris muelleri,IkedaDatabase,NA,Vanni2016,10.1002/ecy.1582,dryWeight,177.27,mg
Pata_27798,0.2,0.56,excretionRateN,ug N-NH4+ h^-1,Gigantocypris muelleri,IkedaDatabase,NA,Vanni2016,10.1002/ecy.1582,dryWeight,182.12,mg
Pata_27799,0.2,0.49,excretionRateN,ug N-NH4+ h^-1,Gigantocypris muelleri,IkedaDatabase,NA,Vanni2016,10.1002/ecy.1582,dryWeight,184.17,mg
Pata_27800,26.4,0.26,excretionRateN,ug N-NH4+ h^-1,Hemityphis tenuimanus,IkedaDatabase,NA,Vanni2016,10.1002/ecy.1582,dryWeight,1.6,mg
Pata_27801,26.4,0.25,excretionRateN,ug N-NH4+ h^-1,Hemityphis tenuimanus,IkedaDatabase,NA,Vanni2016,10.1002/ecy.1582,dryWeight,1.63,mg
Pata_27802,27.4,0.14,excretionRateN,ug N-NH4+ h^-1,Hydromyles globulosus,IkedaDatabase,NA,Vanni2016,10.1002/ecy.1582,dryWeight,2.97,mg
Pata_27803,27.4,0.19,excretionRateN,ug N-NH4+ h^-1,Hydromyles globulosus,IkedaDatabase,NA,Vanni2016,10.1002/ecy.1582,dryWeight,3.38,mg
Pata_27804,27.4,0.24,excretionRateN,ug N-NH4+ h^-1,Hydromyles globulosus,IkedaDatabase,NA,Vanni2016,10.1002/ecy.1582,dryWeight,3.75,mg
Pata_27805,-0.8,0.971,excretionRateN,ug N-NH4+ h^-1,Hyperia gaudichaudii,IkedaDatabase,NA,Vanni2016,10.1002/ecy.1582,dryWeight,66.09,mg
Pata_27806,-0.8,1.76,excretionRateN,ug N-NH4+ h^-1,Hyperia gaudichaudii,IkedaDatabase,NA,Vanni2016,10.1002/ecy.1582,dryWeight,88.72,mg
Pata_27807,-0.8,5.2,excretionRateN,ug N-NH4+ h^-1,Hyperia gaudichaudii,IkedaDatabase,NA,Vanni2016,10.1002/ecy.1582,dryWeight,161.1,mg
Pata_27808,27,0.2,excretionRateN,ug N-NH4+ h^-1,Soestia zonaria,IkedaDatabase,NA,Vanni2016,10.1002/ecy.1582,dryWeight,4.94,mg
Pata_27809,-1,0.139,excretionRateN,ug N-NH4+ h^-1,Ihlea racovitzai,IkedaDatabase,NA,Vanni2016,10.1002/ecy.1582,dryWeight,8.57,mg
Pata_27810,-1,0.128,excretionRateN,ug N-NH4+ h^-1,Ihlea racovitzai,IkedaDatabase,NA,Vanni2016,10.1002/ecy.1582,dryWeight,9.57,mg
Pata_27811,-1,0.146,excretionRateN,ug N-NH4+ h^-1,Ihlea racovitzai,IkedaDatabase,NA,Vanni2016,10.1002/ecy.1582,dryWeight,11.4,mg
Pata_27812,-1,0.183,excretionRateN,ug N-NH4+ h^-1,Ihlea racovitzai,IkedaDatabase,NA,Vanni2016,10.1002/ecy.1582,dryWeight,14.23,mg
Pata_27813,28.5,0.15,excretionRateN,ug N-NH4+ h^-1,Labidocera acuta,IkedaDatabase,NA,Vanni2016,10.1002/ecy.1582,dryWeight,0.222,mg
Pata_27814,28.5,0.13,excretionRateN,ug N-NH4+ h^-1,Labidocera acuta,IkedaDatabase,NA,Vanni2016,10.1002/ecy.1582,dryWeight,0.223,mg
Pata_27815,28.5,0.16,excretionRateN,ug N-NH4+ h^-1,Labidocera acuta,IkedaDatabase,NA,Vanni2016,10.1002/ecy.1582,dryWeight,0.24,mg
Pata_27816,26.4,0.078,excretionRateN,ug N-NH4+ h^-1,Labidocera nerii,IkedaDatabase,NA,Vanni2016,10.1002/ecy.1582,dryWeight,0.214,mg
Pata_27817,26.4,0.2,excretionRateN,ug N-NH4+ h^-1,Labidocera nerii,IkedaDatabase,NA,Vanni2016,10.1002/ecy.1582,dryWeight,0.228,mg
Pata_27818,28.5,0.0304,excretionRateN,ug N-NH4+ h^-1,Labidocera,IkedaDatabase,NA,Vanni2016,10.1002/ecy.1582,dryWeight,0.014,mg
Pata_27819,28.5,0.0393,excretionRateN,ug N-NH4+ h^-1,Labidocera,IkedaDatabase,NA,Vanni2016,10.1002/ecy.1582,dryWeight,0.0151,mg
Pata_27820,28.5,0.0107,excretionRateN,ug N-NH4+ h^-1,Labidocera,IkedaDatabase,NA,Vanni2016,10.1002/ecy.1582,dryWeight,0.0163,mg
Pata_27821,28.5,0.0147,excretionRateN,ug N-NH4+ h^-1,Labidocera,IkedaDatabase,NA,Vanni2016,10.1002/ecy.1582,dryWeight,0.017,mg
Pata_27822,28.5,0.0121,excretionRateN,ug N-NH4+ h^-1,Labidocera,IkedaDatabase,NA,Vanni2016,10.1002/ecy.1582,dryWeight,0.0183,mg
Pata_27823,28.5,0.0597,excretionRateN,ug N-NH4+ h^-1,Labidocera,IkedaDatabase,NA,Vanni2016,10.1002/ecy.1582,dryWeight,0.0187,mg
Pata_27824,28.5,0.0252,excretionRateN,ug N-NH4+ h^-1,Labidocera,IkedaDatabase,NA,Vanni2016,10.1002/ecy.1582,dryWeight,0.0189,mg
Pata_27825,28.5,0.0438,excretionRateN,ug N-NH4+ h^-1,Labidocera,IkedaDatabase,NA,Vanni2016,10.1002/ecy.1582,dryWeight,0.0209,mg
Pata_27826,28.5,0.0649,excretionRateN,ug N-NH4+ h^-1,Labidocera,IkedaDatabase,NA,Vanni2016,10.1002/ecy.1582,dryWeight,0.022,mg
Pata_27827,28.5,0.0257,excretionRateN,ug N-NH4+ h^-1,Labidocera,IkedaDatabase,NA,Vanni2016,10.1002/ecy.1582,dryWeight,0.024,mg
Pata_27828,28.5,0.0184,excretionRateN,ug N-NH4+ h^-1,Labidocera,IkedaDatabase,NA,Vanni2016,10.1002/ecy.1582,dryWeight,0.0247,mg
Pata_27829,28.5,0.0126,excretionRateN,ug N-NH4+ h^-1,Labidocera,IkedaDatabase,NA,Vanni2016,10.1002/ecy.1582,dryWeight,0.0312,mg
Pata_27830,28.5,0.0638,excretionRateN,ug N-NH4+ h^-1,Labidocera,IkedaDatabase,NA,Vanni2016,10.1002/ecy.1582,dryWeight,0.0342,mg
Pata_27831,28.5,0.0899,excretionRateN,ug N-NH4+ h^-1,Labidocera,IkedaDatabase,NA,Vanni2016,10.1002/ecy.1582,dryWeight,0.035,mg
Pata_27832,28.5,0.0409,excretionRateN,ug N-NH4+ h^-1,Labidocera,IkedaDatabase,NA,Vanni2016,10.1002/ecy.1582,dryWeight,0.0433,mg
Pata_27833,22,0.0471,excretionRateN,ug N-NH4+ h^-1,Labidocera,IkedaDatabase,NA,Vanni2016,10.1002/ecy.1582,dryWeight,0.0783,mg
Pata_27834,22,0.0751,excretionRateN,ug N-NH4+ h^-1,Labidocera,IkedaDatabase,NA,Vanni2016,10.1002/ecy.1582,dryWeight,0.0796,mg
Pata_27835,22,0.0591,excretionRateN,ug N-NH4+ h^-1,Labidocera,IkedaDatabase,NA,Vanni2016,10.1002/ecy.1582,dryWeight,0.0805,mg
Pata_27836,22,0.0492,excretionRateN,ug N-NH4+ h^-1,Labidocera,IkedaDatabase,NA,Vanni2016,10.1002/ecy.1582,dryWeight,0.1112,mg
Pata_27837,22,0.0742,excretionRateN,ug N-NH4+ h^-1,Labidocera,IkedaDatabase,NA,Vanni2016,10.1002/ecy.1582,dryWeight,0.1321,mg
Pata_27838,22,0.0335,excretionRateN,ug N-NH4+ h^-1,Labidocera,IkedaDatabase,NA,Vanni2016,10.1002/ecy.1582,dryWeight,0.1524,mg
Pata_27839,22,0.0825,excretionRateN,ug N-NH4+ h^-1,Labidocera,IkedaDatabase,NA,Vanni2016,10.1002/ecy.1582,dryWeight,0.1648,mg
Pata_27840,22,0.0363,excretionRateN,ug N-NH4+ h^-1,Labidocera,IkedaDatabase,NA,Vanni2016,10.1002/ecy.1582,dryWeight,0.204,mg
Pata_27841,24,0.148,excretionRateN,ug N-NH4+ h^-1,Labidocera,IkedaDatabase,NA,Vanni2016,10.1002/ecy.1582,dryWeight,0.2135,mg
Pata_27842,24,0.185,excretionRateN,ug N-NH4+ h^-1,Labidocera,IkedaDatabase,NA,Vanni2016,10.1002/ecy.1582,dryWeight,0.2301,mg
Pata_27843,24,0.174,excretionRateN,ug N-NH4+ h^-1,Labidocera,IkedaDatabase,NA,Vanni2016,10.1002/ecy.1582,dryWeight,0.2351,mg
Pata_27844,24,0.164,excretionRateN,ug N-NH4+ h^-1,Labidocera,IkedaDatabase,NA,Vanni2016,10.1002/ecy.1582,dryWeight,0.2429,mg
Pata_27845,22,0.0959,excretionRateN,ug N-NH4+ h^-1,Labidocera,IkedaDatabase,NA,Vanni2016,10.1002/ecy.1582,dryWeight,0.2469,mg
Pata_27846,22,0.0977,excretionRateN,ug N-NH4+ h^-1,Labidocera,IkedaDatabase,NA,Vanni2016,10.1002/ecy.1582,dryWeight,0.274,mg
Pata_27847,22,0.0687,excretionRateN,ug N-NH4+ h^-1,Labidocera,IkedaDatabase,NA,Vanni2016,10.1002/ecy.1582,dryWeight,0.282,mg
Pata_27848,22,0.0858,excretionRateN,ug N-NH4+ h^-1,Labidocera,IkedaDatabase,NA,Vanni2016,10.1002/ecy.1582,dryWeight,0.325,mg
Pata_27849,22,0.0995,excretionRateN,ug N-NH4+ h^-1,Labidocera,IkedaDatabase,NA,Vanni2016,10.1002/ecy.1582,dryWeight,0.361,mg
Pata_27850,-0.7,0.1,excretionRateN,ug N-NH4+ h^-1,Limacina rangii,IkedaDatabase,NA,Vanni2016,10.1002/ecy.1582,dryWeight,1.89,mg
Pata_27851,-1.4,0.126,excretionRateN,ug N-NH4+ h^-1,Limacina rangii,IkedaDatabase,NA,Vanni2016,10.1002/ecy.1582,dryWeight,2.45,mg
Pata_27852,-1.4,0.209,excretionRateN,ug N-NH4+ h^-1,Limacina rangii,IkedaDatabase,NA,Vanni2016,10.1002/ecy.1582,dryWeight,3.24,mg
Pata_27853,-0.7,0.42,excretionRateN,ug N-NH4+ h^-1,Limacina rangii,IkedaDatabase,NA,Vanni2016,10.1002/ecy.1582,dryWeight,6.43,mg
Pata_27854,-0.7,0.512,excretionRateN,ug N-NH4+ h^-1,Limacina rangii,IkedaDatabase,NA,Vanni2016,10.1002/ecy.1582,dryWeight,9.7,mg
Pata_27855,-0.7,0.569,excretionRateN,ug N-NH4+ h^-1,Limacina rangii,IkedaDatabase,NA,Vanni2016,10.1002/ecy.1582,dryWeight,10.76,mg
Pata_27856,-0.7,0.608,excretionRateN,ug N-NH4+ h^-1,Limacina rangii,IkedaDatabase,NA,Vanni2016,10.1002/ecy.1582,dryWeight,11.36,mg
Pata_27857,-0.7,0.74,excretionRateN,ug N-NH4+ h^-1,Limacina rangii,IkedaDatabase,NA,Vanni2016,10.1002/ecy.1582,dryWeight,13,mg
Pata_27858,10.2,0.018,excretionRateN,ug N-NH4+ h^-1,Limacina helicina,IkedaDatabase,NA,Vanni2016,10.1002/ecy.1582,dryWeight,0.25,mg
Pata_27859,0,0.0065,excretionRateN,ug N-NH4+ h^-1,Limacina helicina,IkedaDatabase,NA,Vanni2016,10.1002/ecy.1582,dryWeight,0.372,mg
Pata_27860,5,0.043,excretionRateN,ug N-NH4+ h^-1,Limacina helicina,IkedaDatabase,NA,Vanni2016,10.1002/ecy.1582,dryWeight,0.421,mg
Pata_27861,0,0.0078,excretionRateN,ug N-NH4+ h^-1,Limacina helicina,IkedaDatabase,NA,Vanni2016,10.1002/ecy.1582,dryWeight,0.813,mg
Pata_27862,27,0.06,excretionRateN,ug N-NH4+ h^-1,Liriope tetraphylla,IkedaDatabase,NA,Vanni2016,10.1002/ecy.1582,dryWeight,1.91,mg
Pata_27863,26.9,0.11,excretionRateN,ug N-NH4+ h^-1,Liriope tetraphylla,IkedaDatabase,NA,Vanni2016,10.1002/ecy.1582,dryWeight,2.63,mg
Pata_27864,28.5,0.022,excretionRateN,ug N-NH4+ h^-1,Lucifer,IkedaDatabase,NA,Vanni2016,10.1002/ecy.1582,dryWeight,0.0057,mg
Pata_27865,28.5,0.0431,excretionRateN,ug N-NH4+ h^-1,Lucifer,IkedaDatabase,NA,Vanni2016,10.1002/ecy.1582,dryWeight,0.0064,mg
Pata_27866,28.5,0.038,excretionRateN,ug N-NH4+ h^-1,Lucifer,IkedaDatabase,NA,Vanni2016,10.1002/ecy.1582,dryWeight,0.0072,mg
Pata_27867,28.5,0.0398,excretionRateN,ug N-NH4+ h^-1,Lucifer,IkedaDatabase,NA,Vanni2016,10.1002/ecy.1582,dryWeight,0.009,mg
Pata_27868,28.5,0.0311,excretionRateN,ug N-NH4+ h^-1,Lucifer,IkedaDatabase,NA,Vanni2016,10.1002/ecy.1582,dryWeight,0.0092,mg
Pata_27869,28.5,0.0267,excretionRateN,ug N-NH4+ h^-1,Lucifer,IkedaDatabase,NA,Vanni2016,10.1002/ecy.1582,dryWeight,0.0103,mg
Pata_27870,28.5,0.0219,excretionRateN,ug N-NH4+ h^-1,Lucifer,IkedaDatabase,NA,Vanni2016,10.1002/ecy.1582,dryWeight,0.0107,mg
Pata_27871,28.5,0.0473,excretionRateN,ug N-NH4+ h^-1,Lucifer,IkedaDatabase,NA,Vanni2016,10.1002/ecy.1582,dryWeight,0.0112,mg
Pata_27872,27,0.0163,excretionRateN,ug N-NH4+ h^-1,Lucifer,IkedaDatabase,NA,Vanni2016,10.1002/ecy.1582,dryWeight,0.0147,mg
Pata_27873,27,0.0232,excretionRateN,ug N-NH4+ h^-1,Lucifer,IkedaDatabase,NA,Vanni2016,10.1002/ecy.1582,dryWeight,0.015,mg
Pata_27874,28.5,0.0516,excretionRateN,ug N-NH4+ h^-1,Lucifer,IkedaDatabase,NA,Vanni2016,10.1002/ecy.1582,dryWeight,0.015,mg
Pata_27875,28.5,0.0336,excretionRateN,ug N-NH4+ h^-1,Lucifer,IkedaDatabase,NA,Vanni2016,10.1002/ecy.1582,dryWeight,0.0266,mg
Pata_27876,28.5,0.0388,excretionRateN,ug N-NH4+ h^-1,Lucifer,IkedaDatabase,NA,Vanni2016,10.1002/ecy.1582,dryWeight,0.037,mg
Pata_27877,-1.6,0.25,excretionRateN,ug N-NH4+ h^-1,Mertensiidae,IkedaDatabase,NA,Vanni2016,10.1002/ecy.1582,dryWeight,37.3,mg
Pata_27878,-1.6,0.29,excretionRateN,ug N-NH4+ h^-1,Mertensiidae,IkedaDatabase,NA,Vanni2016,10.1002/ecy.1582,dryWeight,50.7,mg
Pata_27879,-1.6,0.28,excretionRateN,ug N-NH4+ h^-1,Mertensiidae,IkedaDatabase,NA,Vanni2016,10.1002/ecy.1582,dryWeight,56,mg
Pata_27880,-1.6,0.45,excretionRateN,ug N-NH4+ h^-1,Mertensiidae,IkedaDatabase,NA,Vanni2016,10.1002/ecy.1582,dryWeight,57,mg
Pata_27881,-1.6,1.65,excretionRateN,ug N-NH4+ h^-1,Mertensiidae,IkedaDatabase,NA,Vanni2016,10.1002/ecy.1582,dryWeight,93.5,mg
Pata_27882,-1.6,1.63,excretionRateN,ug N-NH4+ h^-1,Mertensiidae,IkedaDatabase,NA,Vanni2016,10.1002/ecy.1582,dryWeight,114,mg
Pata_27883,-1.6,0.71,excretionRateN,ug N-NH4+ h^-1,Mertensiidae,IkedaDatabase,NA,Vanni2016,10.1002/ecy.1582,dryWeight,161,mg
Pata_27884,-1.6,0.84,excretionRateN,ug N-NH4+ h^-1,Mertensiidae,IkedaDatabase,NA,Vanni2016,10.1002/ecy.1582,dryWeight,180,mg
Pata_27885,-1,0.0175,excretionRateN,ug N-NH4+ h^-1,Metridia gerlachei,IkedaDatabase,NA,Vanni2016,10.1002/ecy.1582,dryWeight,0.192,mg
Pata_27886,-1,0.0197,excretionRateN,ug N-NH4+ h^-1,Metridia gerlachei,IkedaDatabase,NA,Vanni2016,10.1002/ecy.1582,dryWeight,0.21,mg
Pata_27887,-1,0.0194,excretionRateN,ug N-NH4+ h^-1,Metridia gerlachei,IkedaDatabase,NA,Vanni2016,10.1002/ecy.1582,dryWeight,0.21,mg
Pata_27888,-1,0.0167,excretionRateN,ug N-NH4+ h^-1,Metridia gerlachei,IkedaDatabase,NA,Vanni2016,10.1002/ecy.1582,dryWeight,0.212,mg
Pata_27889,-1,0.0203,excretionRateN,ug N-NH4+ h^-1,Metridia gerlachei,IkedaDatabase,NA,Vanni2016,10.1002/ecy.1582,dryWeight,0.216,mg
Pata_27890,-1,0.0182,excretionRateN,ug N-NH4+ h^-1,Metridia gerlachei,IkedaDatabase,NA,Vanni2016,10.1002/ecy.1582,dryWeight,0.219,mg
Pata_27891,-1,0.0183,excretionRateN,ug N-NH4+ h^-1,Metridia gerlachei,IkedaDatabase,NA,Vanni2016,10.1002/ecy.1582,dryWeight,0.222,mg
Pata_27892,-1,0.0138,excretionRateN,ug N-NH4+ h^-1,Metridia gerlachei,IkedaDatabase,NA,Vanni2016,10.1002/ecy.1582,dryWeight,0.227,mg
Pata_27893,-1.4,0.0304,excretionRateN,ug N-NH4+ h^-1,Metridia gerlachei,IkedaDatabase,NA,Vanni2016,10.1002/ecy.1582,dryWeight,0.247,mg
Pata_27894,-1.4,0.0317,excretionRateN,ug N-NH4+ h^-1,Metridia gerlachei,IkedaDatabase,NA,Vanni2016,10.1002/ecy.1582,dryWeight,0.259,mg
Pata_27895,-1.4,0.0294,excretionRateN,ug N-NH4+ h^-1,Metridia gerlachei,IkedaDatabase,NA,Vanni2016,10.1002/ecy.1582,dryWeight,0.259,mg
Pata_27896,-1.4,0.0296,excretionRateN,ug N-NH4+ h^-1,Metridia gerlachei,IkedaDatabase,NA,Vanni2016,10.1002/ecy.1582,dryWeight,0.259,mg
Pata_27897,-1.4,0.0308,excretionRateN,ug N-NH4+ h^-1,Metridia gerlachei,IkedaDatabase,NA,Vanni2016,10.1002/ecy.1582,dryWeight,0.261,mg
Pata_27898,-1.4,0.0318,excretionRateN,ug N-NH4+ h^-1,Metridia gerlachei,IkedaDatabase,NA,Vanni2016,10.1002/ecy.1582,dryWeight,0.265,mg
Pata_27899,-1.4,0.0354,excretionRateN,ug N-NH4+ h^-1,Metridia gerlachei,IkedaDatabase,NA,Vanni2016,10.1002/ecy.1582,dryWeight,0.276,mg
Pata_27900,-1.4,0.0306,excretionRateN,ug N-NH4+ h^-1,Metridia gerlachei,IkedaDatabase,NA,Vanni2016,10.1002/ecy.1582,dryWeight,0.297,mg
Pata_27901,0.1,0.021,excretionRateN,ug N-NH4+ h^-1,Metridia longa,IkedaDatabase,NA,Vanni2016,10.1002/ecy.1582,dryWeight,0.341,mg
Pata_27902,0.1,0.025,excretionRateN,ug N-NH4+ h^-1,Metridia longa,IkedaDatabase,NA,Vanni2016,10.1002/ecy.1582,dryWeight,0.345,mg
Pata_27903,0.1,0.024,excretionRateN,ug N-NH4+ h^-1,Metridia longa,IkedaDatabase,NA,Vanni2016,10.1002/ecy.1582,dryWeight,0.361,mg
Pata_27904,0.1,0.022,excretionRateN,ug N-NH4+ h^-1,Metridia longa,IkedaDatabase,NA,Vanni2016,10.1002/ecy.1582,dryWeight,0.365,mg
Pata_27905,6.9,0.0039,excretionRateN,ug N-NH4+ h^-1,Metridia pacifica,IkedaDatabase,NA,Vanni2016,10.1002/ecy.1582,dryWeight,0.0304,mg
Pata_27906,13,0.025,excretionRateN,ug N-NH4+ h^-1,Metridia pacifica,IkedaDatabase,NA,Vanni2016,10.1002/ecy.1582,dryWeight,0.0848,mg
Pata_27907,13,0.013,excretionRateN,ug N-NH4+ h^-1,Metridia pacifica,IkedaDatabase,NA,Vanni2016,10.1002/ecy.1582,dryWeight,0.0905,mg
Pata_27908,13,0.037,excretionRateN,ug N-NH4+ h^-1,Metridia pacifica,IkedaDatabase,NA,Vanni2016,10.1002/ecy.1582,dryWeight,0.0964,mg
Pata_27909,13,0.017,excretionRateN,ug N-NH4+ h^-1,Metridia pacifica,IkedaDatabase,NA,Vanni2016,10.1002/ecy.1582,dryWeight,0.0968,mg
Pata_27910,13,0.031,excretionRateN,ug N-NH4+ h^-1,Metridia pacifica,IkedaDatabase,NA,Vanni2016,10.1002/ecy.1582,dryWeight,0.0982,mg
Pata_27911,9.4,0.0061,excretionRateN,ug N-NH4+ h^-1,Metridia pacifica,IkedaDatabase,NA,Vanni2016,10.1002/ecy.1582,dryWeight,0.16,mg
Pata_27912,5,0.021,excretionRateN,ug N-NH4+ h^-1,Metridia pacifica,IkedaDatabase,NA,Vanni2016,10.1002/ecy.1582,dryWeight,0.171,mg
Pata_27913,9.1,0.019,excretionRateN,ug N-NH4+ h^-1,Metridia pacifica,IkedaDatabase,NA,Vanni2016,10.1002/ecy.1582,dryWeight,0.187,mg
Pata_27914,9.1,0.017,excretionRateN,ug N-NH4+ h^-1,Metridia pacifica,IkedaDatabase,NA,Vanni2016,10.1002/ecy.1582,dryWeight,0.188,mg
Pata_27915,19.7,0.99,excretionRateN,ug N-NH4+ h^-1,Naiades cantrainii,IkedaDatabase,NA,Vanni2016,10.1002/ecy.1582,dryWeight,3.66,mg
Pata_27916,26.9,0.02,excretionRateN,ug N-NH4+ h^-1,Nannocalanus minor,IkedaDatabase,NA,Vanni2016,10.1002/ecy.1582,dryWeight,0.0381,mg
Pata_27917,26.9,0.019,excretionRateN,ug N-NH4+ h^-1,Nannocalanus minor,IkedaDatabase,NA,Vanni2016,10.1002/ecy.1582,dryWeight,0.0409,mg
Pata_27918,26.9,0.023,excretionRateN,ug N-NH4+ h^-1,Nannocalanus minor,IkedaDatabase,NA,Vanni2016,10.1002/ecy.1582,dryWeight,0.0412,mg
Pata_27919,6.9,0.137,excretionRateN,ug N-NH4+ h^-1,Neocalanus cristatus,IkedaDatabase,NA,Vanni2016,10.1002/ecy.1582,dryWeight,0.892,mg
Pata_27920,6,0.172,excretionRateN,ug N-NH4+ h^-1,Neocalanus cristatus,IkedaDatabase,NA,Vanni2016,10.1002/ecy.1582,dryWeight,1.6,mg
Pata_27921,6,0.184,excretionRateN,ug N-NH4+ h^-1,Neocalanus cristatus,IkedaDatabase,NA,Vanni2016,10.1002/ecy.1582,dryWeight,2.27,mg
Pata_27922,27.8,0.1,excretionRateN,ug N-NH4+ h^-1,Neocalanus gracilis,IkedaDatabase,NA,Vanni2016,10.1002/ecy.1582,dryWeight,0.195,mg
Pata_27923,19.7,0.094,excretionRateN,ug N-NH4+ h^-1,Neocalanus gracilis,IkedaDatabase,NA,Vanni2016,10.1002/ecy.1582,dryWeight,0.5,mg
Pata_27924,19.7,0.11,excretionRateN,ug N-NH4+ h^-1,Neocalanus gracilis,IkedaDatabase,NA,Vanni2016,10.1002/ecy.1582,dryWeight,0.5,mg
Pata_27925,6.9,0.0092,excretionRateN,ug N-NH4+ h^-1,Neocalanus plumchrus,IkedaDatabase,NA,Vanni2016,10.1002/ecy.1582,dryWeight,0.217,mg
Pata_27926,15.9,0.074,excretionRateN,ug N-NH4+ h^-1,Neocalanus plumchrus,IkedaDatabase,NA,Vanni2016,10.1002/ecy.1582,dryWeight,0.258,mg
Pata_27927,15.9,0.099,excretionRateN,ug N-NH4+ h^-1,Neocalanus plumchrus,IkedaDatabase,NA,Vanni2016,10.1002/ecy.1582,dryWeight,0.276,mg
Pata_27928,5,0.007,excretionRateN,ug N-NH4+ h^-1,Neocalanus plumchrus,IkedaDatabase,NA,Vanni2016,10.1002/ecy.1582,dryWeight,0.284,mg
Pata_27929,5,0.0053,excretionRateN,ug N-NH4+ h^-1,Neocalanus plumchrus,IkedaDatabase,NA,Vanni2016,10.1002/ecy.1582,dryWeight,0.289,mg
Pata_27930,14.2,0.057,excretionRateN,ug N-NH4+ h^-1,Neocalanus plumchrus,IkedaDatabase,NA,Vanni2016,10.1002/ecy.1582,dryWeight,0.314,mg
Pata_27931,14.2,0.035,excretionRateN,ug N-NH4+ h^-1,Neocalanus plumchrus,IkedaDatabase,NA,Vanni2016,10.1002/ecy.1582,dryWeight,0.328,mg
Pata_27932,5,0.012,excretionRateN,ug N-NH4+ h^-1,Neocalanus plumchrus,IkedaDatabase,NA,Vanni2016,10.1002/ecy.1582,dryWeight,0.523,mg
Pata_27933,5,0.03,excretionRateN,ug N-NH4+ h^-1,Neocalanus plumchrus,IkedaDatabase,NA,Vanni2016,10.1002/ecy.1582,dryWeight,0.589,mg
Pata_27934,7,0.015,excretionRateN,ug N-NH4+ h^-1,Neocalanus plumchrus,IkedaDatabase,NA,Vanni2016,10.1002/ecy.1582,dryWeight,0.759,mg
Pata_27935,10.2,0.011,excretionRateN,ug N-NH4+ h^-1,Neocalanus plumchrus,IkedaDatabase,NA,Vanni2016,10.1002/ecy.1582,dryWeight,0.975,mg
Pata_27936,26.7,0.037,excretionRateN,ug N-NH4+ h^-1,Neocalanus robustior,IkedaDatabase,NA,Vanni2016,10.1002/ecy.1582,dryWeight,0.217,mg
Pata_27937,22,0.126,excretionRateN,ug N-NH4+ h^-1,Oikopleura,IkedaDatabase,NA,Vanni2016,10.1002/ecy.1582,dryWeight,0.17,mg
Pata_27938,22,0.092,excretionRateN,ug N-NH4+ h^-1,Oikopleura,IkedaDatabase,NA,Vanni2016,10.1002/ecy.1582,dryWeight,0.2,mg
Pata_27939,22,0.131,excretionRateN,ug N-NH4+ h^-1,Oikopleura,IkedaDatabase,NA,Vanni2016,10.1002/ecy.1582,dryWeight,0.41,mg
Pata_27940,22,0.279,excretionRateN,ug N-NH4+ h^-1,Oikopleura,IkedaDatabase,NA,Vanni2016,10.1002/ecy.1582,dryWeight,0.64,mg
Pata_27941,29,0.0065,excretionRateN,ug N-NH4+ h^-1,Paracalanus aculeatus aculeatus,IkedaDatabase,NA,Vanni2016,10.1002/ecy.1582,dryWeight,0.0086,mg
Pata_27942,29,0.0093,excretionRateN,ug N-NH4+ h^-1,Paracalanus aculeatus aculeatus,IkedaDatabase,NA,Vanni2016,10.1002/ecy.1582,dryWeight,0.0095,mg
Pata_27943,29,0.006,excretionRateN,ug N-NH4+ h^-1,Paracalanus aculeatus aculeatus,IkedaDatabase,NA,Vanni2016,10.1002/ecy.1582,dryWeight,0.0116,mg
Pata_27944,29,0.0091,excretionRateN,ug N-NH4+ h^-1,Paracalanus aculeatus aculeatus,IkedaDatabase,NA,Vanni2016,10.1002/ecy.1582,dryWeight,0.0172,mg
Pata_27945,27,0.0058,excretionRateN,ug N-NH4+ h^-1,Paracalanus aculeatus aculeatus,IkedaDatabase,NA,Vanni2016,10.1002/ecy.1582,dryWeight,0.0173,mg
Pata_27946,29,0.0071,excretionRateN,ug N-NH4+ h^-1,Paracalanus aculeatus aculeatus,IkedaDatabase,NA,Vanni2016,10.1002/ecy.1582,dryWeight,0.0195,mg
Pata_27947,29,0.0088,excretionRateN,ug N-NH4+ h^-1,Paracalanus aculeatus aculeatus,IkedaDatabase,NA,Vanni2016,10.1002/ecy.1582,dryWeight,0.0201,mg
Pata_27948,29,0.0077,excretionRateN,ug N-NH4+ h^-1,Paracalanus aculeatus aculeatus,IkedaDatabase,NA,Vanni2016,10.1002/ecy.1582,dryWeight,0.0206,mg
Pata_27949,29,0.0127,excretionRateN,ug N-NH4+ h^-1,Paracalanus aculeatus aculeatus,IkedaDatabase,NA,Vanni2016,10.1002/ecy.1582,dryWeight,0.0287,mg
Pata_27950,22,0.0099,excretionRateN,ug N-NH4+ h^-1,Paracalanus parvus parvus,IkedaDatabase,NA,Vanni2016,10.1002/ecy.1582,dryWeight,0.0219,mg
Pata_27951,22,0.0086,excretionRateN,ug N-NH4+ h^-1,Paracalanus parvus parvus,IkedaDatabase,NA,Vanni2016,10.1002/ecy.1582,dryWeight,0.0227,mg
Pata_27952,22,0.0149,excretionRateN,ug N-NH4+ h^-1,Paracalanus parvus parvus,IkedaDatabase,NA,Vanni2016,10.1002/ecy.1582,dryWeight,0.029,mg
Pata_27953,22,0.0113,excretionRateN,ug N-NH4+ h^-1,Paracalanus parvus parvus,IkedaDatabase,NA,Vanni2016,10.1002/ecy.1582,dryWeight,0.0302,mg
Pata_27954,22,0.0141,excretionRateN,ug N-NH4+ h^-1,Paracalanus parvus parvus,IkedaDatabase,NA,Vanni2016,10.1002/ecy.1582,dryWeight,0.0316,mg
Pata_27955,22,0.0154,excretionRateN,ug N-NH4+ h^-1,Paracalanus parvus parvus,IkedaDatabase,NA,Vanni2016,10.1002/ecy.1582,dryWeight,0.0328,mg
Pata_27956,22,0.0107,excretionRateN,ug N-NH4+ h^-1,Paracalanus parvus parvus,IkedaDatabase,NA,Vanni2016,10.1002/ecy.1582,dryWeight,0.0333,mg
Pata_27957,22,0.0157,excretionRateN,ug N-NH4+ h^-1,Paracalanus parvus parvus,IkedaDatabase,NA,Vanni2016,10.1002/ecy.1582,dryWeight,0.0337,mg
Pata_27958,22,0.014,excretionRateN,ug N-NH4+ h^-1,Paracalanus parvus parvus,IkedaDatabase,NA,Vanni2016,10.1002/ecy.1582,dryWeight,0.0337,mg
Pata_27959,22,0.0161,excretionRateN,ug N-NH4+ h^-1,Paracalanus parvus parvus,IkedaDatabase,NA,Vanni2016,10.1002/ecy.1582,dryWeight,0.034,mg
Pata_27960,22,0.0142,excretionRateN,ug N-NH4+ h^-1,Paracalanus parvus parvus,IkedaDatabase,NA,Vanni2016,10.1002/ecy.1582,dryWeight,0.034,mg
Pata_27961,22,0.0171,excretionRateN,ug N-NH4+ h^-1,Paracalanus parvus parvus,IkedaDatabase,NA,Vanni2016,10.1002/ecy.1582,dryWeight,0.0345,mg
Pata_27962,22,0.0126,excretionRateN,ug N-NH4+ h^-1,Paracalanus parvus parvus,IkedaDatabase,NA,Vanni2016,10.1002/ecy.1582,dryWeight,0.0354,mg
Pata_27963,22,0.0132,excretionRateN,ug N-NH4+ h^-1,Paracalanus parvus parvus,IkedaDatabase,NA,Vanni2016,10.1002/ecy.1582,dryWeight,0.0355,mg
Pata_27964,22,0.0131,excretionRateN,ug N-NH4+ h^-1,Paracalanus parvus parvus,IkedaDatabase,NA,Vanni2016,10.1002/ecy.1582,dryWeight,0.036,mg
Pata_27965,22,0.0192,excretionRateN,ug N-NH4+ h^-1,Paracalanus parvus parvus,IkedaDatabase,NA,Vanni2016,10.1002/ecy.1582,dryWeight,0.0364,mg
Pata_27966,22,0.0151,excretionRateN,ug N-NH4+ h^-1,Paracalanus parvus parvus,IkedaDatabase,NA,Vanni2016,10.1002/ecy.1582,dryWeight,0.0371,mg
Pata_27967,22,0.0246,excretionRateN,ug N-NH4+ h^-1,Paracalanus parvus parvus,IkedaDatabase,NA,Vanni2016,10.1002/ecy.1582,dryWeight,0.0392,mg
Pata_27968,22,0.0194,excretionRateN,ug N-NH4+ h^-1,Paracalanus parvus parvus,IkedaDatabase,NA,Vanni2016,10.1002/ecy.1582,dryWeight,0.0392,mg
Pata_27969,22,0.0208,excretionRateN,ug N-NH4+ h^-1,Paracalanus parvus parvus,IkedaDatabase,NA,Vanni2016,10.1002/ecy.1582,dryWeight,0.0416,mg
Pata_27970,22,0.0189,excretionRateN,ug N-NH4+ h^-1,Paracalanus parvus parvus,IkedaDatabase,NA,Vanni2016,10.1002/ecy.1582,dryWeight,0.044,mg
Pata_27971,0.2,0.12,excretionRateN,ug N-NH4+ h^-1,Pasiphaea scotiae,IkedaDatabase,NA,Vanni2016,10.1002/ecy.1582,dryWeight,108.43,mg
Pata_27972,0.2,0.74,excretionRateN,ug N-NH4+ h^-1,Pasiphaea scotiae,IkedaDatabase,NA,Vanni2016,10.1002/ecy.1582,dryWeight,169.37,mg
Pata_27973,0.3,1.78,excretionRateN,ug N-NH4+ h^-1,Pasiphaea scotiae,IkedaDatabase,NA,Vanni2016,10.1002/ecy.1582,dryWeight,215.14,mg
Pata_27974,0.3,1.6,excretionRateN,ug N-NH4+ h^-1,Pasiphaea scotiae,IkedaDatabase,NA,Vanni2016,10.1002/ecy.1582,dryWeight,225.35,mg
Pata_27975,0.3,2.74,excretionRateN,ug N-NH4+ h^-1,Pasiphaea scotiae,IkedaDatabase,NA,Vanni2016,10.1002/ecy.1582,dryWeight,281.28,mg
Pata_27976,0.2,3.16,excretionRateN,ug N-NH4+ h^-1,Pasiphaea scotiae,IkedaDatabase,NA,Vanni2016,10.1002/ecy.1582,dryWeight,305.98,mg
Pata_27977,0.2,2.94,excretionRateN,ug N-NH4+ h^-1,Pasiphaea scotiae,IkedaDatabase,NA,Vanni2016,10.1002/ecy.1582,dryWeight,328.25,mg
Pata_27978,0.2,4.05,excretionRateN,ug N-NH4+ h^-1,Pasiphaea scotiae,IkedaDatabase,NA,Vanni2016,10.1002/ecy.1582,dryWeight,575.38,mg
Pata_27979,25.7,2.58,excretionRateN,ug N-NH4+ h^-1,Pegea confoederata,IkedaDatabase,NA,Vanni2016,10.1002/ecy.1582,dryWeight,42.09,mg
Pata_27980,25.7,4.08,excretionRateN,ug N-NH4+ h^-1,Pegea confoederata,IkedaDatabase,NA,Vanni2016,10.1002/ecy.1582,dryWeight,86.6,mg
Pata_27981,25.7,5.32,excretionRateN,ug N-NH4+ h^-1,Pegea confoederata,IkedaDatabase,NA,Vanni2016,10.1002/ecy.1582,dryWeight,117.2,mg
Pata_27982,27.4,2.16,excretionRateN,ug N-NH4+ h^-1,Phronima sedentaria,IkedaDatabase,NA,Vanni2016,10.1002/ecy.1582,dryWeight,6.86,mg
Pata_27983,19.7,0.69,excretionRateN,ug N-NH4+ h^-1,Phronima sedentaria,IkedaDatabase,NA,Vanni2016,10.1002/ecy.1582,dryWeight,7.28,mg
Pata_27984,19.7,0.76,excretionRateN,ug N-NH4+ h^-1,Phronima sedentaria,IkedaDatabase,NA,Vanni2016,10.1002/ecy.1582,dryWeight,7.3,mg
Pata_27985,27.4,4.05,excretionRateN,ug N-NH4+ h^-1,Phronima sedentaria,IkedaDatabase,NA,Vanni2016,10.1002/ecy.1582,dryWeight,12.09,mg
Pata_27986,22,0.0418,excretionRateN,ug N-NH4+ h^-1,Pleurobrachia,IkedaDatabase,NA,Vanni2016,10.1002/ecy.1582,dryWeight,0.32,mg
Pata_27987,30,0.227,excretionRateN,ug N-NH4+ h^-1,Pleurobrachia,IkedaDatabase,NA,Vanni2016,10.1002/ecy.1582,dryWeight,0.35,mg
Pata_27988,26.5,0.0196,excretionRateN,ug N-NH4+ h^-1,Pleurobrachia,IkedaDatabase,NA,Vanni2016,10.1002/ecy.1582,dryWeight,0.44,mg
Pata_27989,30,0.176,excretionRateN,ug N-NH4+ h^-1,Pleurobrachia,IkedaDatabase,NA,Vanni2016,10.1002/ecy.1582,dryWeight,0.44,mg
Pata_27990,30,0.297,excretionRateN,ug N-NH4+ h^-1,Pleurobrachia,IkedaDatabase,NA,Vanni2016,10.1002/ecy.1582,dryWeight,0.51,mg
Pata_27991,30,0.311,excretionRateN,ug N-NH4+ h^-1,Pleurobrachia,IkedaDatabase,NA,Vanni2016,10.1002/ecy.1582,dryWeight,0.52,mg
Pata_27992,26.5,0.0406,excretionRateN,ug N-NH4+ h^-1,Pleurobrachia,IkedaDatabase,NA,Vanni2016,10.1002/ecy.1582,dryWeight,0.54,mg
Pata_27993,26.5,0.0236,excretionRateN,ug N-NH4+ h^-1,Pleurobrachia,IkedaDatabase,NA,Vanni2016,10.1002/ecy.1582,dryWeight,0.55,mg
Pata_27994,30,0.305,excretionRateN,ug N-NH4+ h^-1,Pleurobrachia,IkedaDatabase,NA,Vanni2016,10.1002/ecy.1582,dryWeight,0.58,mg
Pata_27995,30,0.075,excretionRateN,ug N-NH4+ h^-1,Pleurobrachia,IkedaDatabase,NA,Vanni2016,10.1002/ecy.1582,dryWeight,0.59,mg
Pata_27996,30,0.137,excretionRateN,ug N-NH4+ h^-1,Pleurobrachia,IkedaDatabase,NA,Vanni2016,10.1002/ecy.1582,dryWeight,0.59,mg
Pata_27997,30,0.34,excretionRateN,ug N-NH4+ h^-1,Pleurobrachia,IkedaDatabase,NA,Vanni2016,10.1002/ecy.1582,dryWeight,0.85,mg
Pata_27998,26.5,0.0484,excretionRateN,ug N-NH4+ h^-1,Pleurobrachia,IkedaDatabase,NA,Vanni2016,10.1002/ecy.1582,dryWeight,0.92,mg
Pata_27999,30,0.129,excretionRateN,ug N-NH4+ h^-1,Pleurobrachia,IkedaDatabase,NA,Vanni2016,10.1002/ecy.1582,dryWeight,0.92,mg
Pata_28000,26.5,0.0445,excretionRateN,ug N-NH4+ h^-1,Pleurobrachia,IkedaDatabase,NA,Vanni2016,10.1002/ecy.1582,dryWeight,0.98,mg
Pata_28001,22,0.0347,excretionRateN,ug N-NH4+ h^-1,Pleurobrachia,IkedaDatabase,NA,Vanni2016,10.1002/ecy.1582,dryWeight,1.6,mg
Pata_28002,22,0.377,excretionRateN,ug N-NH4+ h^-1,Pleurobrachia,IkedaDatabase,NA,Vanni2016,10.1002/ecy.1582,dryWeight,2.15,mg
Pata_28003,22,0.0526,excretionRateN,ug N-NH4+ h^-1,Pleurobrachia,IkedaDatabase,NA,Vanni2016,10.1002/ecy.1582,dryWeight,3.92,mg
Pata_28004,22,0.522,excretionRateN,ug N-NH4+ h^-1,Pleurobrachia,IkedaDatabase,NA,Vanni2016,10.1002/ecy.1582,dryWeight,4.11,mg
Pata_28005,22,0.0915,excretionRateN,ug N-NH4+ h^-1,Pleurobrachia,IkedaDatabase,NA,Vanni2016,10.1002/ecy.1582,dryWeight,7.16,mg
Pata_28006,24.6,0.231,excretionRateN,ug N-NH4+ h^-1,Pleurobrachia,IkedaDatabase,NA,Vanni2016,10.1002/ecy.1582,dryWeight,15.503,mg
Pata_28007,24.6,0.685,excretionRateN,ug N-NH4+ h^-1,Pleurobrachia,IkedaDatabase,NA,Vanni2016,10.1002/ecy.1582,dryWeight,26.051,mg
Pata_28008,24.6,0.512,excretionRateN,ug N-NH4+ h^-1,Pleurobrachia,IkedaDatabase,NA,Vanni2016,10.1002/ecy.1582,dryWeight,29.068,mg
Pata_28009,24.6,0.438,excretionRateN,ug N-NH4+ h^-1,Pleurobrachia,IkedaDatabase,NA,Vanni2016,10.1002/ecy.1582,dryWeight,34.154,mg
Pata_28010,24.6,3.256,excretionRateN,ug N-NH4+ h^-1,Pleurobrachia,IkedaDatabase,NA,Vanni2016,10.1002/ecy.1582,dryWeight,195.08,mg
Pata_28011,27.8,0.03,excretionRateN,ug N-NH4+ h^-1,Pleuromamma robusta robusta,IkedaDatabase,NA,Vanni2016,10.1002/ecy.1582,dryWeight,0.0494,mg
Pata_28012,26.4,0.19,excretionRateN,ug N-NH4+ h^-1,Pontella danae,IkedaDatabase,NA,Vanni2016,10.1002/ecy.1582,dryWeight,0.818,mg
Pata_28013,29,0.0245,excretionRateN,ug N-NH4+ h^-1,Pontella,IkedaDatabase,NA,Vanni2016,10.1002/ecy.1582,dryWeight,0.0312,mg
Pata_28014,27.8,0.3,excretionRateN,ug N-NH4+ h^-1,Portunidae,IkedaDatabase,NA,Vanni2016,10.1002/ecy.1582,dryWeight,1.61,mg
Pata_28015,12.2,0.0014,excretionRateN,ug N-NH4+ h^-1,Pseudocalanus elongatus,IkedaDatabase,NA,Vanni2016,10.1002/ecy.1582,dryWeight,0.0081,mg
Pata_28016,6.8,0.0029,excretionRateN,ug N-NH4+ h^-1,Pseudocalanus elongatus,IkedaDatabase,NA,Vanni2016,10.1002/ecy.1582,dryWeight,0.0133,mg
Pata_28017,6.8,0.0025,excretionRateN,ug N-NH4+ h^-1,Pseudocalanus elongatus,IkedaDatabase,NA,Vanni2016,10.1002/ecy.1582,dryWeight,0.0135,mg
Pata_28018,25.7,1.57,excretionRateN,ug N-NH4+ h^-1,Pyrosomella verticillata,IkedaDatabase,NA,Vanni2016,10.1002/ecy.1582,dryWeight,39.44,mg
Pata_28019,25.7,5.93,excretionRateN,ug N-NH4+ h^-1,Pyrosomella verticillata,IkedaDatabase,NA,Vanni2016,10.1002/ecy.1582,dryWeight,90.6,mg
Pata_28020,-1.7,0.184,excretionRateN,ug N-NH4+ h^-1,Rhincalanus gigas,IkedaDatabase,NA,Vanni2016,10.1002/ecy.1582,dryWeight,0.9,mg
Pata_28021,-1.7,0.035,excretionRateN,ug N-NH4+ h^-1,Rhincalanus gigas,IkedaDatabase,NA,Vanni2016,10.1002/ecy.1582,dryWeight,1.09,mg
Pata_28022,-1.7,0.12,excretionRateN,ug N-NH4+ h^-1,Rhincalanus gigas,IkedaDatabase,NA,Vanni2016,10.1002/ecy.1582,dryWeight,1.25,mg
Pata_28023,27.5,0.081,excretionRateN,ug N-NH4+ h^-1,Sagitta bipunctata,IkedaDatabase,NA,Vanni2016,10.1002/ecy.1582,dryWeight,0.4,mg
Pata_28024,27.5,0.11,excretionRateN,ug N-NH4+ h^-1,Sagitta bipunctata,IkedaDatabase,NA,Vanni2016,10.1002/ecy.1582,dryWeight,0.502,mg
Pata_28025,7,0.096,excretionRateN,ug N-NH4+ h^-1,Parasagitta elegans,IkedaDatabase,NA,Vanni2016,10.1002/ecy.1582,dryWeight,1.35,mg
Pata_28026,6,0.268,excretionRateN,ug N-NH4+ h^-1,Parasagitta elegans,IkedaDatabase,NA,Vanni2016,10.1002/ecy.1582,dryWeight,1.67,mg
Pata_28027,6,0.291,excretionRateN,ug N-NH4+ h^-1,Parasagitta elegans,IkedaDatabase,NA,Vanni2016,10.1002/ecy.1582,dryWeight,1.85,mg
Pata_28028,-0.1,0.391,excretionRateN,ug N-NH4+ h^-1,Parasagitta elegans,IkedaDatabase,NA,Vanni2016,10.1002/ecy.1582,dryWeight,3.16,mg
Pata_28029,-0.5,0.637,excretionRateN,ug N-NH4+ h^-1,Parasagitta elegans,IkedaDatabase,NA,Vanni2016,10.1002/ecy.1582,dryWeight,3.4,mg
Pata_28030,-0.1,0.153,excretionRateN,ug N-NH4+ h^-1,Parasagitta elegans,IkedaDatabase,NA,Vanni2016,10.1002/ecy.1582,dryWeight,3.56,mg
Pata_28031,-0.1,0.337,excretionRateN,ug N-NH4+ h^-1,Parasagitta elegans,IkedaDatabase,NA,Vanni2016,10.1002/ecy.1582,dryWeight,3.58,mg
Pata_28032,-0.5,0.179,excretionRateN,ug N-NH4+ h^-1,Parasagitta elegans,IkedaDatabase,NA,Vanni2016,10.1002/ecy.1582,dryWeight,4.17,mg
Pata_28033,-0.1,0.13,excretionRateN,ug N-NH4+ h^-1,Parasagitta elegans,IkedaDatabase,NA,Vanni2016,10.1002/ecy.1582,dryWeight,4.41,mg
Pata_28034,-0.5,0.593,excretionRateN,ug N-NH4+ h^-1,Parasagitta elegans,IkedaDatabase,NA,Vanni2016,10.1002/ecy.1582,dryWeight,5.07,mg
Pata_28035,-0.1,1.03,excretionRateN,ug N-NH4+ h^-1,Parasagitta elegans,IkedaDatabase,NA,Vanni2016,10.1002/ecy.1582,dryWeight,5.11,mg
Pata_28036,-0.5,0.334,excretionRateN,ug N-NH4+ h^-1,Parasagitta elegans,IkedaDatabase,NA,Vanni2016,10.1002/ecy.1582,dryWeight,5.15,mg
Pata_28037,-0.5,0.124,excretionRateN,ug N-NH4+ h^-1,Parasagitta elegans,IkedaDatabase,NA,Vanni2016,10.1002/ecy.1582,dryWeight,5.3,mg
Pata_28038,-0.5,0.139,excretionRateN,ug N-NH4+ h^-1,Parasagitta elegans,IkedaDatabase,NA,Vanni2016,10.1002/ecy.1582,dryWeight,5.41,mg
Pata_28039,-0.5,0.093,excretionRateN,ug N-NH4+ h^-1,Parasagitta elegans,IkedaDatabase,NA,Vanni2016,10.1002/ecy.1582,dryWeight,5.68,mg
Pata_28040,27,0.077,excretionRateN,ug N-NH4+ h^-1,Flaccisagitta enflata,IkedaDatabase,NA,Vanni2016,10.1002/ecy.1582,dryWeight,0.378,mg
Pata_28041,27,0.0966,excretionRateN,ug N-NH4+ h^-1,Flaccisagitta enflata,IkedaDatabase,NA,Vanni2016,10.1002/ecy.1582,dryWeight,0.487,mg
Pata_28042,27,0.0392,excretionRateN,ug N-NH4+ h^-1,Flaccisagitta enflata,IkedaDatabase,NA,Vanni2016,10.1002/ecy.1582,dryWeight,0.532,mg
Pata_28043,27.4,0.072,excretionRateN,ug N-NH4+ h^-1,Flaccisagitta enflata,IkedaDatabase,NA,Vanni2016,10.1002/ecy.1582,dryWeight,0.592,mg
Pata_28044,27,0.0756,excretionRateN,ug N-NH4+ h^-1,Flaccisagitta enflata,IkedaDatabase,NA,Vanni2016,10.1002/ecy.1582,dryWeight,0.618,mg
Pata_28045,27,0.154,excretionRateN,ug N-NH4+ h^-1,Flaccisagitta enflata,IkedaDatabase,NA,Vanni2016,10.1002/ecy.1582,dryWeight,0.708,mg
Pata_28046,27,0.182,excretionRateN,ug N-NH4+ h^-1,Flaccisagitta enflata,IkedaDatabase,NA,Vanni2016,10.1002/ecy.1582,dryWeight,0.712,mg
Pata_28047,27,0.12,excretionRateN,ug N-NH4+ h^-1,Flaccisagitta enflata,IkedaDatabase,NA,Vanni2016,10.1002/ecy.1582,dryWeight,0.712,mg
Pata_28048,27,0.168,excretionRateN,ug N-NH4+ h^-1,Flaccisagitta enflata,IkedaDatabase,NA,Vanni2016,10.1002/ecy.1582,dryWeight,0.783,mg
Pata_28049,27,0.224,excretionRateN,ug N-NH4+ h^-1,Flaccisagitta enflata,IkedaDatabase,NA,Vanni2016,10.1002/ecy.1582,dryWeight,1.453,mg
Pata_28050,-1,0.041,excretionRateN,ug N-NH4+ h^-1,Pseudosagitta gazellae,IkedaDatabase,NA,Vanni2016,10.1002/ecy.1582,dryWeight,5.84,mg
Pata_28051,-1,0.024,excretionRateN,ug N-NH4+ h^-1,Pseudosagitta gazellae,IkedaDatabase,NA,Vanni2016,10.1002/ecy.1582,dryWeight,6.44,mg
Pata_28052,-1,0.065,excretionRateN,ug N-NH4+ h^-1,Pseudosagitta gazellae,IkedaDatabase,NA,Vanni2016,10.1002/ecy.1582,dryWeight,9.94,mg
Pata_28053,-0.7,0.075,excretionRateN,ug N-NH4+ h^-1,Pseudosagitta gazellae,IkedaDatabase,NA,Vanni2016,10.1002/ecy.1582,dryWeight,10.26,mg
Pata_28054,-1,0.063,excretionRateN,ug N-NH4+ h^-1,Pseudosagitta gazellae,IkedaDatabase,NA,Vanni2016,10.1002/ecy.1582,dryWeight,11.69,mg
Pata_28055,-0.8,0.105,excretionRateN,ug N-NH4+ h^-1,Pseudosagitta gazellae,IkedaDatabase,NA,Vanni2016,10.1002/ecy.1582,dryWeight,12.25,mg
Pata_28056,-0.8,0.079,excretionRateN,ug N-NH4+ h^-1,Pseudosagitta gazellae,IkedaDatabase,NA,Vanni2016,10.1002/ecy.1582,dryWeight,12.49,mg
Pata_28057,-0.8,0.209,excretionRateN,ug N-NH4+ h^-1,Pseudosagitta gazellae,IkedaDatabase,NA,Vanni2016,10.1002/ecy.1582,dryWeight,14.55,mg
Pata_28058,-1,0.093,excretionRateN,ug N-NH4+ h^-1,Pseudosagitta gazellae,IkedaDatabase,NA,Vanni2016,10.1002/ecy.1582,dryWeight,15.88,mg
Pata_28059,-0.7,0.072,excretionRateN,ug N-NH4+ h^-1,Pseudosagitta gazellae,IkedaDatabase,NA,Vanni2016,10.1002/ecy.1582,dryWeight,17.22,mg
Pata_28060,-0.7,0.114,excretionRateN,ug N-NH4+ h^-1,Pseudosagitta gazellae,IkedaDatabase,NA,Vanni2016,10.1002/ecy.1582,dryWeight,19.91,mg
Pata_28061,-1,0.159,excretionRateN,ug N-NH4+ h^-1,Pseudosagitta gazellae,IkedaDatabase,NA,Vanni2016,10.1002/ecy.1582,dryWeight,21.01,mg
Pata_28062,-1.4,0.362,excretionRateN,ug N-NH4+ h^-1,Pseudosagitta gazellae,IkedaDatabase,NA,Vanni2016,10.1002/ecy.1582,dryWeight,21.64,mg
Pata_28063,-1,0.236,excretionRateN,ug N-NH4+ h^-1,Pseudosagitta gazellae,IkedaDatabase,NA,Vanni2016,10.1002/ecy.1582,dryWeight,23.43,mg
Pata_28064,-1.4,0.42,excretionRateN,ug N-NH4+ h^-1,Pseudosagitta gazellae,IkedaDatabase,NA,Vanni2016,10.1002/ecy.1582,dryWeight,24.08,mg
Pata_28065,-1.4,0.507,excretionRateN,ug N-NH4+ h^-1,Pseudosagitta gazellae,IkedaDatabase,NA,Vanni2016,10.1002/ecy.1582,dryWeight,24.49,mg
Pata_28066,-1,0.331,excretionRateN,ug N-NH4+ h^-1,Pseudosagitta gazellae,IkedaDatabase,NA,Vanni2016,10.1002/ecy.1582,dryWeight,25.27,mg
Pata_28067,-0.8,0.234,excretionRateN,ug N-NH4+ h^-1,Pseudosagitta gazellae,IkedaDatabase,NA,Vanni2016,10.1002/ecy.1582,dryWeight,26.27,mg
Pata_28068,-0.7,0.218,excretionRateN,ug N-NH4+ h^-1,Pseudosagitta gazellae,IkedaDatabase,NA,Vanni2016,10.1002/ecy.1582,dryWeight,32.97,mg
Pata_28069,-0.7,0.183,excretionRateN,ug N-NH4+ h^-1,Pseudosagitta gazellae,IkedaDatabase,NA,Vanni2016,10.1002/ecy.1582,dryWeight,35.58,mg
Pata_28070,-0.7,0.162,excretionRateN,ug N-NH4+ h^-1,Pseudosagitta gazellae,IkedaDatabase,NA,Vanni2016,10.1002/ecy.1582,dryWeight,39.24,mg
Pata_28071,-1,0.643,excretionRateN,ug N-NH4+ h^-1,Pseudosagitta gazellae,IkedaDatabase,NA,Vanni2016,10.1002/ecy.1582,dryWeight,42.57,mg
Pata_28072,-1.4,0.132,excretionRateN,ug N-NH4+ h^-1,Pseudosagitta gazellae,IkedaDatabase,NA,Vanni2016,10.1002/ecy.1582,dryWeight,42.77,mg
Pata_28073,-1.4,0.565,excretionRateN,ug N-NH4+ h^-1,Pseudosagitta gazellae,IkedaDatabase,NA,Vanni2016,10.1002/ecy.1582,dryWeight,44.08,mg
Pata_28074,-0.8,0.143,excretionRateN,ug N-NH4+ h^-1,Pseudosagitta gazellae,IkedaDatabase,NA,Vanni2016,10.1002/ecy.1582,dryWeight,44.81,mg
Pata_28075,-1.4,0.413,excretionRateN,ug N-NH4+ h^-1,Pseudosagitta gazellae,IkedaDatabase,NA,Vanni2016,10.1002/ecy.1582,dryWeight,45.71,mg
Pata_28076,-1,0.649,excretionRateN,ug N-NH4+ h^-1,Pseudosagitta gazellae,IkedaDatabase,NA,Vanni2016,10.1002/ecy.1582,dryWeight,46.33,mg
Pata_28077,-1.4,0.364,excretionRateN,ug N-NH4+ h^-1,Pseudosagitta gazellae,IkedaDatabase,NA,Vanni2016,10.1002/ecy.1582,dryWeight,48.66,mg
Pata_28078,-1.4,0.394,excretionRateN,ug N-NH4+ h^-1,Pseudosagitta gazellae,IkedaDatabase,NA,Vanni2016,10.1002/ecy.1582,dryWeight,53.4,mg
Pata_28079,-1.4,0.512,excretionRateN,ug N-NH4+ h^-1,Pseudosagitta gazellae,IkedaDatabase,NA,Vanni2016,10.1002/ecy.1582,dryWeight,53.46,mg
Pata_28080,-0.7,0.403,excretionRateN,ug N-NH4+ h^-1,Pseudosagitta gazellae,IkedaDatabase,NA,Vanni2016,10.1002/ecy.1582,dryWeight,53.81,mg
Pata_28081,-0.7,0.346,excretionRateN,ug N-NH4+ h^-1,Pseudosagitta gazellae,IkedaDatabase,NA,Vanni2016,10.1002/ecy.1582,dryWeight,55.54,mg
Pata_28082,-0.8,0.802,excretionRateN,ug N-NH4+ h^-1,Pseudosagitta gazellae,IkedaDatabase,NA,Vanni2016,10.1002/ecy.1582,dryWeight,57.97,mg
Pata_28083,-0.7,0.524,excretionRateN,ug N-NH4+ h^-1,Pseudosagitta gazellae,IkedaDatabase,NA,Vanni2016,10.1002/ecy.1582,dryWeight,62.55,mg
Pata_28084,-1.4,0.747,excretionRateN,ug N-NH4+ h^-1,Pseudosagitta gazellae,IkedaDatabase,NA,Vanni2016,10.1002/ecy.1582,dryWeight,63.22,mg
Pata_28085,-1.4,0.517,excretionRateN,ug N-NH4+ h^-1,Pseudosagitta gazellae,IkedaDatabase,NA,Vanni2016,10.1002/ecy.1582,dryWeight,63.25,mg
Pata_28086,-0.8,0.797,excretionRateN,ug N-NH4+ h^-1,Pseudosagitta gazellae,IkedaDatabase,NA,Vanni2016,10.1002/ecy.1582,dryWeight,73.19,mg
Pata_28087,-0.8,0.717,excretionRateN,ug N-NH4+ h^-1,Pseudosagitta gazellae,IkedaDatabase,NA,Vanni2016,10.1002/ecy.1582,dryWeight,76.64,mg
Pata_28088,22,0.03,excretionRateN,ug N-NH4+ h^-1,Ferosagitta hispida,IkedaDatabase,NA,Vanni2016,10.1002/ecy.1582,dryWeight,0.265,mg
Pata_28089,24,0.034,excretionRateN,ug N-NH4+ h^-1,Ferosagitta hispida,IkedaDatabase,NA,Vanni2016,10.1002/ecy.1582,dryWeight,0.269,mg
Pata_28090,22,0.033,excretionRateN,ug N-NH4+ h^-1,Ferosagitta hispida,IkedaDatabase,NA,Vanni2016,10.1002/ecy.1582,dryWeight,0.285,mg
Pata_28091,24,0.042,excretionRateN,ug N-NH4+ h^-1,Ferosagitta hispida,IkedaDatabase,NA,Vanni2016,10.1002/ecy.1582,dryWeight,0.31,mg
Pata_28092,24,0.043,excretionRateN,ug N-NH4+ h^-1,Ferosagitta hispida,IkedaDatabase,NA,Vanni2016,10.1002/ecy.1582,dryWeight,0.318,mg
Pata_28093,22,0.073,excretionRateN,ug N-NH4+ h^-1,Ferosagitta hispida,IkedaDatabase,NA,Vanni2016,10.1002/ecy.1582,dryWeight,0.333,mg
Pata_28094,24,0.061,excretionRateN,ug N-NH4+ h^-1,Ferosagitta hispida,IkedaDatabase,NA,Vanni2016,10.1002/ecy.1582,dryWeight,0.357,mg
Pata_28095,22,0.064,excretionRateN,ug N-NH4+ h^-1,Ferosagitta hispida,IkedaDatabase,NA,Vanni2016,10.1002/ecy.1582,dryWeight,0.36,mg
Pata_28096,24,0.1,excretionRateN,ug N-NH4+ h^-1,Ferosagitta hispida,IkedaDatabase,NA,Vanni2016,10.1002/ecy.1582,dryWeight,0.408,mg
Pata_28097,14.9,0.085,excretionRateN,ug N-NH4+ h^-1,Mesosagitta minima,IkedaDatabase,NA,Vanni2016,10.1002/ecy.1582,dryWeight,0.086,mg
Pata_28098,14.9,0.036,excretionRateN,ug N-NH4+ h^-1,Mesosagitta minima,IkedaDatabase,NA,Vanni2016,10.1002/ecy.1582,dryWeight,0.156,mg
Pata_28099,27.4,0.23,excretionRateN,ug N-NH4+ h^-1,Ferosagitta robusta,IkedaDatabase,NA,Vanni2016,10.1002/ecy.1582,dryWeight,0.391,mg
Pata_28100,27.4,0.41,excretionRateN,ug N-NH4+ h^-1,Ferosagitta robusta,IkedaDatabase,NA,Vanni2016,10.1002/ecy.1582,dryWeight,1.11,mg
Pata_28101,27.4,0.46,excretionRateN,ug N-NH4+ h^-1,Serratosagitta serratodentata,IkedaDatabase,NA,Vanni2016,10.1002/ecy.1582,dryWeight,0.566,mg
Pata_28102,27.4,0.43,excretionRateN,ug N-NH4+ h^-1,Serratosagitta serratodentata,IkedaDatabase,NA,Vanni2016,10.1002/ecy.1582,dryWeight,0.901,mg
Pata_28103,28,0.0059,excretionRateN,ug N-NH4+ h^-1,Sagitta,IkedaDatabase,NA,Vanni2016,10.1002/ecy.1582,dryWeight,0.03,mg
Pata_28104,28,0.032,excretionRateN,ug N-NH4+ h^-1,Sagitta,IkedaDatabase,NA,Vanni2016,10.1002/ecy.1582,dryWeight,0.0326,mg
Pata_28105,26.5,0.022,excretionRateN,ug N-NH4+ h^-1,Sagitta,IkedaDatabase,NA,Vanni2016,10.1002/ecy.1582,dryWeight,0.0518,mg
Pata_28106,29,0.0058,excretionRateN,ug N-NH4+ h^-1,Sagitta,IkedaDatabase,NA,Vanni2016,10.1002/ecy.1582,dryWeight,0.0562,mg
Pata_28107,26.5,0.0275,excretionRateN,ug N-NH4+ h^-1,Sagitta,IkedaDatabase,NA,Vanni2016,10.1002/ecy.1582,dryWeight,0.0578,mg
Pata_28108,22,0.047,excretionRateN,ug N-NH4+ h^-1,Sagitta,IkedaDatabase,NA,Vanni2016,10.1002/ecy.1582,dryWeight,0.06,mg
Pata_28109,26.5,0.0288,excretionRateN,ug N-NH4+ h^-1,Sagitta,IkedaDatabase,NA,Vanni2016,10.1002/ecy.1582,dryWeight,0.0625,mg
Pata_28110,28,0.0744,excretionRateN,ug N-NH4+ h^-1,Sagitta,IkedaDatabase,NA,Vanni2016,10.1002/ecy.1582,dryWeight,0.068,mg
Pata_28111,29,0.0302,excretionRateN,ug N-NH4+ h^-1,Sagitta,IkedaDatabase,NA,Vanni2016,10.1002/ecy.1582,dryWeight,0.0686,mg
Pata_28112,26.5,0.044,excretionRateN,ug N-NH4+ h^-1,Sagitta,IkedaDatabase,NA,Vanni2016,10.1002/ecy.1582,dryWeight,0.0688,mg
Pata_28113,29,0.0204,excretionRateN,ug N-NH4+ h^-1,Sagitta,IkedaDatabase,NA,Vanni2016,10.1002/ecy.1582,dryWeight,0.07,mg
Pata_28114,29,0.0047,excretionRateN,ug N-NH4+ h^-1,Sagitta,IkedaDatabase,NA,Vanni2016,10.1002/ecy.1582,dryWeight,0.0833,mg
Pata_28115,22,0.0393,excretionRateN,ug N-NH4+ h^-1,Sagitta,IkedaDatabase,NA,Vanni2016,10.1002/ecy.1582,dryWeight,0.0851,mg
Pata_28116,22,0.0402,excretionRateN,ug N-NH4+ h^-1,Sagitta,IkedaDatabase,NA,Vanni2016,10.1002/ecy.1582,dryWeight,0.0855,mg
Pata_28117,22,0.0157,excretionRateN,ug N-NH4+ h^-1,Sagitta,IkedaDatabase,NA,Vanni2016,10.1002/ecy.1582,dryWeight,0.09,mg
Pata_28118,22,0.0336,excretionRateN,ug N-NH4+ h^-1,Sagitta,IkedaDatabase,NA,Vanni2016,10.1002/ecy.1582,dryWeight,0.0927,mg
Pata_28119,29,0.0546,excretionRateN,ug N-NH4+ h^-1,Sagitta,IkedaDatabase,NA,Vanni2016,10.1002/ecy.1582,dryWeight,0.0933,mg
Pata_28120,28,0.0734,excretionRateN,ug N-NH4+ h^-1,Sagitta,IkedaDatabase,NA,Vanni2016,10.1002/ecy.1582,dryWeight,0.098,mg
Pata_28121,28,0.0587,excretionRateN,ug N-NH4+ h^-1,Sagitta,IkedaDatabase,NA,Vanni2016,10.1002/ecy.1582,dryWeight,0.0981,mg
Pata_28122,22,0.0198,excretionRateN,ug N-NH4+ h^-1,Sagitta,IkedaDatabase,NA,Vanni2016,10.1002/ecy.1582,dryWeight,0.1,mg
Pata_28123,28,0.0532,excretionRateN,ug N-NH4+ h^-1,Sagitta,IkedaDatabase,NA,Vanni2016,10.1002/ecy.1582,dryWeight,0.10780000000000001,mg
Pata_28124,22,0.015,excretionRateN,ug N-NH4+ h^-1,Sagitta,IkedaDatabase,NA,Vanni2016,10.1002/ecy.1582,dryWeight,0.111,mg
Pata_28125,22,0.115,excretionRateN,ug N-NH4+ h^-1,Sagitta,IkedaDatabase,NA,Vanni2016,10.1002/ecy.1582,dryWeight,0.1157,mg
Pata_28126,28,0.0413,excretionRateN,ug N-NH4+ h^-1,Sagitta,IkedaDatabase,NA,Vanni2016,10.1002/ecy.1582,dryWeight,0.1186,mg
Pata_28127,22,0.0497,excretionRateN,ug N-NH4+ h^-1,Sagitta,IkedaDatabase,NA,Vanni2016,10.1002/ecy.1582,dryWeight,0.1198,mg
Pata_28128,22,0.0411,excretionRateN,ug N-NH4+ h^-1,Sagitta,IkedaDatabase,NA,Vanni2016,10.1002/ecy.1582,dryWeight,0.1289,mg
Pata_28129,22,0.127,excretionRateN,ug N-NH4+ h^-1,Sagitta,IkedaDatabase,NA,Vanni2016,10.1002/ecy.1582,dryWeight,0.1333,mg
Pata_28130,22,0.0426,excretionRateN,ug N-NH4+ h^-1,Sagitta,IkedaDatabase,NA,Vanni2016,10.1002/ecy.1582,dryWeight,0.1386,mg
Pata_28131,22,0.0485,excretionRateN,ug N-NH4+ h^-1,Sagitta,IkedaDatabase,NA,Vanni2016,10.1002/ecy.1582,dryWeight,0.14,mg
Pata_28132,22,0.0328,excretionRateN,ug N-NH4+ h^-1,Sagitta,IkedaDatabase,NA,Vanni2016,10.1002/ecy.1582,dryWeight,0.15,mg
Pata_28133,22,0.0687,excretionRateN,ug N-NH4+ h^-1,Sagitta,IkedaDatabase,NA,Vanni2016,10.1002/ecy.1582,dryWeight,0.1578,mg
Pata_28134,22,0.0516,excretionRateN,ug N-NH4+ h^-1,Sagitta,IkedaDatabase,NA,Vanni2016,10.1002/ecy.1582,dryWeight,0.1701,mg
Pata_28135,22,0.074,excretionRateN,ug N-NH4+ h^-1,Sagitta,IkedaDatabase,NA,Vanni2016,10.1002/ecy.1582,dryWeight,0.1875,mg
Pata_28136,22,0.093,excretionRateN,ug N-NH4+ h^-1,Sagitta,IkedaDatabase,NA,Vanni2016,10.1002/ecy.1582,dryWeight,0.2176,mg
Pata_28137,22,0.0179,excretionRateN,ug N-NH4+ h^-1,Sagitta,IkedaDatabase,NA,Vanni2016,10.1002/ecy.1582,dryWeight,0.2465,mg
Pata_28138,28,0.0699,excretionRateN,ug N-NH4+ h^-1,Sagitta,IkedaDatabase,NA,Vanni2016,10.1002/ecy.1582,dryWeight,0.2513,mg
Pata_28139,22,0.142,excretionRateN,ug N-NH4+ h^-1,Sagitta,IkedaDatabase,NA,Vanni2016,10.1002/ecy.1582,dryWeight,0.2562,mg
Pata_28140,22,0.031,excretionRateN,ug N-NH4+ h^-1,Sagitta,IkedaDatabase,NA,Vanni2016,10.1002/ecy.1582,dryWeight,0.2708,mg
Pata_28141,22,0.066,excretionRateN,ug N-NH4+ h^-1,Sagitta,IkedaDatabase,NA,Vanni2016,10.1002/ecy.1582,dryWeight,0.3,mg
Pata_28142,22,0.0104,excretionRateN,ug N-NH4+ h^-1,Sagitta,IkedaDatabase,NA,Vanni2016,10.1002/ecy.1582,dryWeight,0.3035,mg
Pata_28143,22,0.0859,excretionRateN,ug N-NH4+ h^-1,Sagitta,IkedaDatabase,NA,Vanni2016,10.1002/ecy.1582,dryWeight,0.3107,mg
Pata_28144,22,0.0446,excretionRateN,ug N-NH4+ h^-1,Sagitta,IkedaDatabase,NA,Vanni2016,10.1002/ecy.1582,dryWeight,0.3162,mg
Pata_28145,22,0.145,excretionRateN,ug N-NH4+ h^-1,Sagitta,IkedaDatabase,NA,Vanni2016,10.1002/ecy.1582,dryWeight,0.3516,mg
Pata_28146,22,0.0183,excretionRateN,ug N-NH4+ h^-1,Sagitta,IkedaDatabase,NA,Vanni2016,10.1002/ecy.1582,dryWeight,0.3851,mg
Pata_28147,26.5,0.119,excretionRateN,ug N-NH4+ h^-1,Sagitta,IkedaDatabase,NA,Vanni2016,10.1002/ecy.1582,dryWeight,0.404,mg
Pata_28148,22,0.144,excretionRateN,ug N-NH4+ h^-1,Sagitta,IkedaDatabase,NA,Vanni2016,10.1002/ecy.1582,dryWeight,0.4225,mg
Pata_28149,28,0.155,excretionRateN,ug N-NH4+ h^-1,Sagitta,IkedaDatabase,NA,Vanni2016,10.1002/ecy.1582,dryWeight,0.4245,mg
Pata_28150,22,0.0572,excretionRateN,ug N-NH4+ h^-1,Sagitta,IkedaDatabase,NA,Vanni2016,10.1002/ecy.1582,dryWeight,0.4581,mg
Pata_28151,28,0.0448,excretionRateN,ug N-NH4+ h^-1,Sagitta,IkedaDatabase,NA,Vanni2016,10.1002/ecy.1582,dryWeight,0.489,mg
Pata_28152,22,0.0967,excretionRateN,ug N-NH4+ h^-1,Sagitta,IkedaDatabase,NA,Vanni2016,10.1002/ecy.1582,dryWeight,0.6923,mg
Pata_28153,22,0.053,excretionRateN,ug N-NH4+ h^-1,Sagitta,IkedaDatabase,NA,Vanni2016,10.1002/ecy.1582,dryWeight,0.79,mg
Pata_28154,22,0.12,excretionRateN,ug N-NH4+ h^-1,Sagitta,IkedaDatabase,NA,Vanni2016,10.1002/ecy.1582,dryWeight,0.871,mg
Pata_28155,22,0.0732,excretionRateN,ug N-NH4+ h^-1,Sagitta,IkedaDatabase,NA,Vanni2016,10.1002/ecy.1582,dryWeight,2.248,mg
Pata_28156,27.4,0.23,excretionRateN,ug N-NH4+ h^-1,Salpa fusiformis,IkedaDatabase,NA,Vanni2016,10.1002/ecy.1582,dryWeight,1.91,mg
Pata_28157,27.4,0.64,excretionRateN,ug N-NH4+ h^-1,Salpa fusiformis,IkedaDatabase,NA,Vanni2016,10.1002/ecy.1582,dryWeight,5.45,mg
Pata_28158,27.4,0.8,excretionRateN,ug N-NH4+ h^-1,Salpa fusiformis,IkedaDatabase,NA,Vanni2016,10.1002/ecy.1582,dryWeight,5.69,mg
Pata_28159,27.4,0.25,excretionRateN,ug N-NH4+ h^-1,Salpa fusiformis,IkedaDatabase,NA,Vanni2016,10.1002/ecy.1582,dryWeight,6.45,mg
Pata_28160,17.3,0.43,excretionRateN,ug N-NH4+ h^-1,Salpa fusiformis,IkedaDatabase,NA,Vanni2016,10.1002/ecy.1582,dryWeight,10.27,mg
Pata_28161,17.3,0.38,excretionRateN,ug N-NH4+ h^-1,Salpa fusiformis,IkedaDatabase,NA,Vanni2016,10.1002/ecy.1582,dryWeight,13,mg
Pata_28162,-1.1,1.109,excretionRateN,ug N-NH4+ h^-1,Salpa thompsoni,IkedaDatabase,NA,Vanni2016,10.1002/ecy.1582,dryWeight,22.76,mg
Pata_28163,-1.1,0.294,excretionRateN,ug N-NH4+ h^-1,Salpa thompsoni,IkedaDatabase,NA,Vanni2016,10.1002/ecy.1582,dryWeight,46.57,mg
Pata_28164,-1.1,1.006,excretionRateN,ug N-NH4+ h^-1,Salpa thompsoni,IkedaDatabase,NA,Vanni2016,10.1002/ecy.1582,dryWeight,52.93,mg
Pata_28165,-1.1,0.674,excretionRateN,ug N-NH4+ h^-1,Salpa thompsoni,IkedaDatabase,NA,Vanni2016,10.1002/ecy.1582,dryWeight,60,mg
Pata_28166,-1.3,0.34,excretionRateN,ug N-NH4+ h^-1,Salpa thompsoni,IkedaDatabase,NA,Vanni2016,10.1002/ecy.1582,dryWeight,61.6,mg
Pata_28167,-1.1,0.545,excretionRateN,ug N-NH4+ h^-1,Salpa thompsoni,IkedaDatabase,NA,Vanni2016,10.1002/ecy.1582,dryWeight,79.76,mg
Pata_28168,-1.1,0.412,excretionRateN,ug N-NH4+ h^-1,Salpa thompsoni,IkedaDatabase,NA,Vanni2016,10.1002/ecy.1582,dryWeight,81.2,mg
Pata_28169,-1.1,0.462,excretionRateN,ug N-NH4+ h^-1,Salpa thompsoni,IkedaDatabase,NA,Vanni2016,10.1002/ecy.1582,dryWeight,100.5,mg
Pata_28170,-1.1,0.64,excretionRateN,ug N-NH4+ h^-1,Salpa thompsoni,IkedaDatabase,NA,Vanni2016,10.1002/ecy.1582,dryWeight,120.7,mg
Pata_28171,-1.1,1.234,excretionRateN,ug N-NH4+ h^-1,Salpa thompsoni,IkedaDatabase,NA,Vanni2016,10.1002/ecy.1582,dryWeight,145,mg
Pata_28172,-1.1,1.699,excretionRateN,ug N-NH4+ h^-1,Salpa thompsoni,IkedaDatabase,NA,Vanni2016,10.1002/ecy.1582,dryWeight,147.67,mg
Pata_28173,-1.1,0.822,excretionRateN,ug N-NH4+ h^-1,Salpa thompsoni,IkedaDatabase,NA,Vanni2016,10.1002/ecy.1582,dryWeight,156.12,mg
Pata_28174,-1.1,0.772,excretionRateN,ug N-NH4+ h^-1,Salpa thompsoni,IkedaDatabase,NA,Vanni2016,10.1002/ecy.1582,dryWeight,162.4,mg
Pata_28175,-1.3,1.46,excretionRateN,ug N-NH4+ h^-1,Salpa thompsoni,IkedaDatabase,NA,Vanni2016,10.1002/ecy.1582,dryWeight,205.2,mg
Pata_28176,-1.3,2.54,excretionRateN,ug N-NH4+ h^-1,Salpa thompsoni,IkedaDatabase,NA,Vanni2016,10.1002/ecy.1582,dryWeight,257,mg
Pata_28177,-1.3,1.21,excretionRateN,ug N-NH4+ h^-1,Salpa thompsoni,IkedaDatabase,NA,Vanni2016,10.1002/ecy.1582,dryWeight,264,mg
Pata_28178,-1.8,0.81,excretionRateN,ug N-NH4+ h^-1,Salpa thompsoni,IkedaDatabase,NA,Vanni2016,10.1002/ecy.1582,dryWeight,270,mg
Pata_28179,-1.8,2.14,excretionRateN,ug N-NH4+ h^-1,Salpa thompsoni,IkedaDatabase,NA,Vanni2016,10.1002/ecy.1582,dryWeight,451,mg
Pata_28180,-1.6,1.92,excretionRateN,ug N-NH4+ h^-1,Salpa thompsoni,IkedaDatabase,NA,Vanni2016,10.1002/ecy.1582,dryWeight,487,mg
Pata_28181,-1.6,3.54,excretionRateN,ug N-NH4+ h^-1,Salpa thompsoni,IkedaDatabase,NA,Vanni2016,10.1002/ecy.1582,dryWeight,614,mg
Pata_28182,-1.8,2.6,excretionRateN,ug N-NH4+ h^-1,Salpa thompsoni,IkedaDatabase,NA,Vanni2016,10.1002/ecy.1582,dryWeight,736,mg
Pata_28183,-1.8,2.79,excretionRateN,ug N-NH4+ h^-1,Salpa thompsoni,IkedaDatabase,NA,Vanni2016,10.1002/ecy.1582,dryWeight,747,mg
Pata_28184,-1.3,4.58,excretionRateN,ug N-NH4+ h^-1,Salpa thompsoni,IkedaDatabase,NA,Vanni2016,10.1002/ecy.1582,dryWeight,825,mg
Pata_28185,-1.8,3.75,excretionRateN,ug N-NH4+ h^-1,Salpa thompsoni,IkedaDatabase,NA,Vanni2016,10.1002/ecy.1582,dryWeight,936,mg
Pata_28186,-1.8,4.71,excretionRateN,ug N-NH4+ h^-1,Salpa thompsoni,IkedaDatabase,NA,Vanni2016,10.1002/ecy.1582,dryWeight,1009,mg
Pata_28187,-1.8,3.21,excretionRateN,ug N-NH4+ h^-1,Salpa thompsoni,IkedaDatabase,NA,Vanni2016,10.1002/ecy.1582,dryWeight,1095,mg
Pata_28188,-1.6,4,excretionRateN,ug N-NH4+ h^-1,Salpa thompsoni,IkedaDatabase,NA,Vanni2016,10.1002/ecy.1582,dryWeight,1100,mg
Pata_28189,-1.8,3.57,excretionRateN,ug N-NH4+ h^-1,Salpa thompsoni,IkedaDatabase,NA,Vanni2016,10.1002/ecy.1582,dryWeight,1358,mg
Pata_28190,-1.6,4.12,excretionRateN,ug N-NH4+ h^-1,Salpa thompsoni,IkedaDatabase,NA,Vanni2016,10.1002/ecy.1582,dryWeight,1392,mg
Pata_28191,-1.6,6.38,excretionRateN,ug N-NH4+ h^-1,Salpa thompsoni,IkedaDatabase,NA,Vanni2016,10.1002/ecy.1582,dryWeight,1932,mg
Pata_28192,22.4,0.24,excretionRateN,ug N-NH4+ h^-1,Scina crassicornis,IkedaDatabase,NA,Vanni2016,10.1002/ecy.1582,dryWeight,2.98,mg
Pata_28193,22.4,0.26,excretionRateN,ug N-NH4+ h^-1,Scina crassicornis,IkedaDatabase,NA,Vanni2016,10.1002/ecy.1582,dryWeight,3,mg
Pata_28194,27.4,4.76,excretionRateN,ug N-NH4+ h^-1,Streetsia porcella,IkedaDatabase,NA,Vanni2016,10.1002/ecy.1582,dryWeight,17.67,mg
Pata_28195,27,0.0036,excretionRateN,ug N-NH4+ h^-1,Temora turbinata,IkedaDatabase,NA,Vanni2016,10.1002/ecy.1582,dryWeight,0.0011,mg
Pata_28196,27,0.0038,excretionRateN,ug N-NH4+ h^-1,Temora turbinata,IkedaDatabase,NA,Vanni2016,10.1002/ecy.1582,dryWeight,0.0022,mg
Pata_28197,27,0.0052,excretionRateN,ug N-NH4+ h^-1,Temora turbinata,IkedaDatabase,NA,Vanni2016,10.1002/ecy.1582,dryWeight,0.0025,mg
Pata_28198,27,0.0025,excretionRateN,ug N-NH4+ h^-1,Temora turbinata,IkedaDatabase,NA,Vanni2016,10.1002/ecy.1582,dryWeight,0.0025,mg
Pata_28199,27,0.0017,excretionRateN,ug N-NH4+ h^-1,Temora turbinata,IkedaDatabase,NA,Vanni2016,10.1002/ecy.1582,dryWeight,0.0031,mg
Pata_28200,27,0.0015,excretionRateN,ug N-NH4+ h^-1,Temora turbinata,IkedaDatabase,NA,Vanni2016,10.1002/ecy.1582,dryWeight,0.0032,mg
Pata_28201,27,0.0138,excretionRateN,ug N-NH4+ h^-1,Temora turbinata,IkedaDatabase,NA,Vanni2016,10.1002/ecy.1582,dryWeight,0.0034,mg
Pata_28202,27,0.0087,excretionRateN,ug N-NH4+ h^-1,Temora turbinata,IkedaDatabase,NA,Vanni2016,10.1002/ecy.1582,dryWeight,0.0036,mg
Pata_28203,27,0.0133,excretionRateN,ug N-NH4+ h^-1,Temora turbinata,IkedaDatabase,NA,Vanni2016,10.1002/ecy.1582,dryWeight,0.0041,mg
Pata_28204,27,0.0338,excretionRateN,ug N-NH4+ h^-1,Temora turbinata,IkedaDatabase,NA,Vanni2016,10.1002/ecy.1582,dryWeight,0.0044,mg
Pata_28205,27,0.0235,excretionRateN,ug N-NH4+ h^-1,Temora turbinata,IkedaDatabase,NA,Vanni2016,10.1002/ecy.1582,dryWeight,0.0044,mg
Pata_28206,27,0.0022,excretionRateN,ug N-NH4+ h^-1,Temora turbinata,IkedaDatabase,NA,Vanni2016,10.1002/ecy.1582,dryWeight,0.0045,mg
Pata_28207,27,0.0214,excretionRateN,ug N-NH4+ h^-1,Temora turbinata,IkedaDatabase,NA,Vanni2016,10.1002/ecy.1582,dryWeight,0.0049,mg
Pata_28208,27,0.016,excretionRateN,ug N-NH4+ h^-1,Temora turbinata,IkedaDatabase,NA,Vanni2016,10.1002/ecy.1582,dryWeight,0.005,mg
Pata_28209,27,0.008,excretionRateN,ug N-NH4+ h^-1,Temora turbinata,IkedaDatabase,NA,Vanni2016,10.1002/ecy.1582,dryWeight,0.005,mg
Pata_28210,27,0.0059,excretionRateN,ug N-NH4+ h^-1,Temora turbinata,IkedaDatabase,NA,Vanni2016,10.1002/ecy.1582,dryWeight,0.0058,mg
Pata_28211,27,0.0067,excretionRateN,ug N-NH4+ h^-1,Temora turbinata,IkedaDatabase,NA,Vanni2016,10.1002/ecy.1582,dryWeight,0.006,mg
Pata_28212,27,0.0337,excretionRateN,ug N-NH4+ h^-1,Temora turbinata,IkedaDatabase,NA,Vanni2016,10.1002/ecy.1582,dryWeight,0.0061,mg
Pata_28213,27,0.0074,excretionRateN,ug N-NH4+ h^-1,Temora turbinata,IkedaDatabase,NA,Vanni2016,10.1002/ecy.1582,dryWeight,0.0062,mg
Pata_28214,27,0.0121,excretionRateN,ug N-NH4+ h^-1,Temora turbinata,IkedaDatabase,NA,Vanni2016,10.1002/ecy.1582,dryWeight,0.0062,mg
Pata_28215,27,0.01,excretionRateN,ug N-NH4+ h^-1,Temora turbinata,IkedaDatabase,NA,Vanni2016,10.1002/ecy.1582,dryWeight,0.0074,mg
Pata_28216,27,0.0046,excretionRateN,ug N-NH4+ h^-1,Temora turbinata,IkedaDatabase,NA,Vanni2016,10.1002/ecy.1582,dryWeight,0.0081,mg
Pata_28217,27,0.0101,excretionRateN,ug N-NH4+ h^-1,Temora turbinata,IkedaDatabase,NA,Vanni2016,10.1002/ecy.1582,dryWeight,0.0086,mg
Pata_28218,27,0.004,excretionRateN,ug N-NH4+ h^-1,Temora turbinata,IkedaDatabase,NA,Vanni2016,10.1002/ecy.1582,dryWeight,0.0093,mg
Pata_28219,27,0.0073,excretionRateN,ug N-NH4+ h^-1,Temora turbinata,IkedaDatabase,NA,Vanni2016,10.1002/ecy.1582,dryWeight,0.0096,mg
Pata_28220,22,0.0064,excretionRateN,ug N-NH4+ h^-1,Temora turbinata,IkedaDatabase,NA,Vanni2016,10.1002/ecy.1582,dryWeight,0.0107,mg
Pata_28221,22,0.0017,excretionRateN,ug N-NH4+ h^-1,Temora turbinata,IkedaDatabase,NA,Vanni2016,10.1002/ecy.1582,dryWeight,0.013,mg
Pata_28222,22,0.005,excretionRateN,ug N-NH4+ h^-1,Temora turbinata,IkedaDatabase,NA,Vanni2016,10.1002/ecy.1582,dryWeight,0.0138,mg
Pata_28223,22,0.0047,excretionRateN,ug N-NH4+ h^-1,Temora turbinata,IkedaDatabase,NA,Vanni2016,10.1002/ecy.1582,dryWeight,0.0138,mg
Pata_28224,22,0.0052,excretionRateN,ug N-NH4+ h^-1,Temora turbinata,IkedaDatabase,NA,Vanni2016,10.1002/ecy.1582,dryWeight,0.016,mg
Pata_28225,22,0.0059,excretionRateN,ug N-NH4+ h^-1,Temora turbinata,IkedaDatabase,NA,Vanni2016,10.1002/ecy.1582,dryWeight,0.0177,mg
Pata_28226,22,0.007,excretionRateN,ug N-NH4+ h^-1,Temora turbinata,IkedaDatabase,NA,Vanni2016,10.1002/ecy.1582,dryWeight,0.0199,mg
Pata_28227,22,0.0074,excretionRateN,ug N-NH4+ h^-1,Temora turbinata,IkedaDatabase,NA,Vanni2016,10.1002/ecy.1582,dryWeight,0.0212,mg
Pata_28228,17.3,0.13,excretionRateN,ug N-NH4+ h^-1,Thalia democratica,IkedaDatabase,NA,Vanni2016,10.1002/ecy.1582,dryWeight,2.04,mg
Pata_28229,17.3,0.21,excretionRateN,ug N-NH4+ h^-1,Thalia democratica,IkedaDatabase,NA,Vanni2016,10.1002/ecy.1582,dryWeight,3.01,mg
Pata_28230,27.4,0.29,excretionRateN,ug N-NH4+ h^-1,Thamneus rostratus,IkedaDatabase,NA,Vanni2016,10.1002/ecy.1582,dryWeight,2.1,mg
Pata_28231,27.4,0.7,excretionRateN,ug N-NH4+ h^-1,Thamneus rostratus,IkedaDatabase,NA,Vanni2016,10.1002/ecy.1582,dryWeight,2.78,mg
Pata_28232,-0.9,0.078,excretionRateN,ug N-NH4+ h^-1,Themisto gaudichaudii,IkedaDatabase,NA,Vanni2016,10.1002/ecy.1582,dryWeight,1.61,mg
Pata_28233,-0.9,0.085,excretionRateN,ug N-NH4+ h^-1,Themisto gaudichaudii,IkedaDatabase,NA,Vanni2016,10.1002/ecy.1582,dryWeight,1.61,mg
Pata_28234,-0.9,0.199,excretionRateN,ug N-NH4+ h^-1,Themisto gaudichaudii,IkedaDatabase,NA,Vanni2016,10.1002/ecy.1582,dryWeight,1.68,mg
Pata_28235,-0.9,0.142,excretionRateN,ug N-NH4+ h^-1,Themisto gaudichaudii,IkedaDatabase,NA,Vanni2016,10.1002/ecy.1582,dryWeight,1.86,mg
Pata_28236,-0.9,0.114,excretionRateN,ug N-NH4+ h^-1,Themisto gaudichaudii,IkedaDatabase,NA,Vanni2016,10.1002/ecy.1582,dryWeight,1.97,mg
Pata_28237,-0.9,0.117,excretionRateN,ug N-NH4+ h^-1,Themisto gaudichaudii,IkedaDatabase,NA,Vanni2016,10.1002/ecy.1582,dryWeight,3.3,mg
Pata_28238,-0.9,0.294,excretionRateN,ug N-NH4+ h^-1,Themisto gaudichaudii,IkedaDatabase,NA,Vanni2016,10.1002/ecy.1582,dryWeight,3.34,mg
Pata_28239,-0.9,0.286,excretionRateN,ug N-NH4+ h^-1,Themisto gaudichaudii,IkedaDatabase,NA,Vanni2016,10.1002/ecy.1582,dryWeight,3.85,mg
Pata_28240,-0.9,0.165,excretionRateN,ug N-NH4+ h^-1,Themisto gaudichaudii,IkedaDatabase,NA,Vanni2016,10.1002/ecy.1582,dryWeight,4.1,mg
Pata_28241,-0.9,0.132,excretionRateN,ug N-NH4+ h^-1,Themisto gaudichaudii,IkedaDatabase,NA,Vanni2016,10.1002/ecy.1582,dryWeight,4.41,mg
Pata_28242,-0.7,0.461,excretionRateN,ug N-NH4+ h^-1,Themisto gaudichaudii,IkedaDatabase,NA,Vanni2016,10.1002/ecy.1582,dryWeight,4.94,mg
Pata_28243,-0.7,0.426,excretionRateN,ug N-NH4+ h^-1,Themisto gaudichaudii,IkedaDatabase,NA,Vanni2016,10.1002/ecy.1582,dryWeight,5.45,mg
Pata_28244,-0.7,0.312,excretionRateN,ug N-NH4+ h^-1,Themisto gaudichaudii,IkedaDatabase,NA,Vanni2016,10.1002/ecy.1582,dryWeight,5.47,mg
Pata_28245,-0.7,1.004,excretionRateN,ug N-NH4+ h^-1,Themisto gaudichaudii,IkedaDatabase,NA,Vanni2016,10.1002/ecy.1582,dryWeight,6.76,mg
Pata_28246,-1,0.439,excretionRateN,ug N-NH4+ h^-1,Themisto gaudichaudii,IkedaDatabase,NA,Vanni2016,10.1002/ecy.1582,dryWeight,10.45,mg
Pata_28247,-1,0.715,excretionRateN,ug N-NH4+ h^-1,Themisto gaudichaudii,IkedaDatabase,NA,Vanni2016,10.1002/ecy.1582,dryWeight,12.48,mg
Pata_28248,-1,0.713,excretionRateN,ug N-NH4+ h^-1,Themisto gaudichaudii,IkedaDatabase,NA,Vanni2016,10.1002/ecy.1582,dryWeight,12.62,mg
Pata_28249,-1,0.654,excretionRateN,ug N-NH4+ h^-1,Themisto gaudichaudii,IkedaDatabase,NA,Vanni2016,10.1002/ecy.1582,dryWeight,12.93,mg
Pata_28250,-1,0.687,excretionRateN,ug N-NH4+ h^-1,Themisto gaudichaudii,IkedaDatabase,NA,Vanni2016,10.1002/ecy.1582,dryWeight,12.95,mg
Pata_28251,-1,0.679,excretionRateN,ug N-NH4+ h^-1,Themisto gaudichaudii,IkedaDatabase,NA,Vanni2016,10.1002/ecy.1582,dryWeight,13.48,mg
Pata_28252,-1,1.214,excretionRateN,ug N-NH4+ h^-1,Themisto gaudichaudii,IkedaDatabase,NA,Vanni2016,10.1002/ecy.1582,dryWeight,22.69,mg
Pata_28253,6.8,0.163,excretionRateN,ug N-NH4+ h^-1,Themisto japonica,IkedaDatabase,NA,Vanni2016,10.1002/ecy.1582,dryWeight,1.94,mg
Pata_28254,6.8,0.144,excretionRateN,ug N-NH4+ h^-1,Themisto japonica,IkedaDatabase,NA,Vanni2016,10.1002/ecy.1582,dryWeight,2.94,mg
Pata_28255,9,0.389,excretionRateN,ug N-NH4+ h^-1,Themisto japonica,IkedaDatabase,NA,Vanni2016,10.1002/ecy.1582,dryWeight,4.57,mg
Pata_28256,9,0.497,excretionRateN,ug N-NH4+ h^-1,Themisto japonica,IkedaDatabase,NA,Vanni2016,10.1002/ecy.1582,dryWeight,4.69,mg
Pata_28257,0,0.084,excretionRateN,ug N-NH4+ h^-1,Themisto libellula,IkedaDatabase,NA,Vanni2016,10.1002/ecy.1582,dryWeight,1.95,mg
Pata_28258,-0.2,0.062,excretionRateN,ug N-NH4+ h^-1,Themisto libellula,IkedaDatabase,NA,Vanni2016,10.1002/ecy.1582,dryWeight,2.43,mg
Pata_28259,-0.2,0.047,excretionRateN,ug N-NH4+ h^-1,Themisto libellula,IkedaDatabase,NA,Vanni2016,10.1002/ecy.1582,dryWeight,2.44,mg
Pata_28260,-0.2,0.026,excretionRateN,ug N-NH4+ h^-1,Themisto libellula,IkedaDatabase,NA,Vanni2016,10.1002/ecy.1582,dryWeight,2.56,mg
Pata_28261,0,0.02,excretionRateN,ug N-NH4+ h^-1,Themisto libellula,IkedaDatabase,NA,Vanni2016,10.1002/ecy.1582,dryWeight,2.83,mg
Pata_28262,-0.2,0.065,excretionRateN,ug N-NH4+ h^-1,Themisto libellula,IkedaDatabase,NA,Vanni2016,10.1002/ecy.1582,dryWeight,2.88,mg
Pata_28263,-0.2,0.054,excretionRateN,ug N-NH4+ h^-1,Themisto libellula,IkedaDatabase,NA,Vanni2016,10.1002/ecy.1582,dryWeight,2.98,mg
Pata_28264,-0.2,0.056,excretionRateN,ug N-NH4+ h^-1,Themisto libellula,IkedaDatabase,NA,Vanni2016,10.1002/ecy.1582,dryWeight,3.42,mg
Pata_28265,-0.2,0.041,excretionRateN,ug N-NH4+ h^-1,Themisto libellula,IkedaDatabase,NA,Vanni2016,10.1002/ecy.1582,dryWeight,3.69,mg
Pata_28266,0,0.066,excretionRateN,ug N-NH4+ h^-1,Themisto libellula,IkedaDatabase,NA,Vanni2016,10.1002/ecy.1582,dryWeight,3.94,mg
Pata_28267,-0.2,0.042,excretionRateN,ug N-NH4+ h^-1,Thysanoessa inermis,IkedaDatabase,NA,Vanni2016,10.1002/ecy.1582,dryWeight,1.98,mg
Pata_28268,-0.2,0.032,excretionRateN,ug N-NH4+ h^-1,Thysanoessa inermis,IkedaDatabase,NA,Vanni2016,10.1002/ecy.1582,dryWeight,3.11,mg
Pata_28269,-0.2,0.027,excretionRateN,ug N-NH4+ h^-1,Thysanoessa inermis,IkedaDatabase,NA,Vanni2016,10.1002/ecy.1582,dryWeight,3.23,mg
Pata_28270,-0.2,0.037,excretionRateN,ug N-NH4+ h^-1,Thysanoessa inermis,IkedaDatabase,NA,Vanni2016,10.1002/ecy.1582,dryWeight,3.24,mg
Pata_28271,0.7,0.08,excretionRateN,ug N-NH4+ h^-1,Thysanoessa inermis,IkedaDatabase,NA,Vanni2016,10.1002/ecy.1582,dryWeight,3.38,mg
Pata_28272,-0.2,0.061,excretionRateN,ug N-NH4+ h^-1,Thysanoessa inermis,IkedaDatabase,NA,Vanni2016,10.1002/ecy.1582,dryWeight,3.88,mg
Pata_28273,-0.2,0.024,excretionRateN,ug N-NH4+ h^-1,Thysanoessa inermis,IkedaDatabase,NA,Vanni2016,10.1002/ecy.1582,dryWeight,4.22,mg
Pata_28274,0.7,0.076,excretionRateN,ug N-NH4+ h^-1,Thysanoessa inermis,IkedaDatabase,NA,Vanni2016,10.1002/ecy.1582,dryWeight,4.68,mg
Pata_28275,0.7,0.135,excretionRateN,ug N-NH4+ h^-1,Thysanoessa inermis,IkedaDatabase,NA,Vanni2016,10.1002/ecy.1582,dryWeight,6.5,mg
Pata_28276,0.7,0.118,excretionRateN,ug N-NH4+ h^-1,Thysanoessa inermis,IkedaDatabase,NA,Vanni2016,10.1002/ecy.1582,dryWeight,6.72,mg
Pata_28277,-0.2,0.036,excretionRateN,ug N-NH4+ h^-1,Thysanoessa inermis,IkedaDatabase,NA,Vanni2016,10.1002/ecy.1582,dryWeight,9.29,mg
Pata_28278,1.9,0.452,excretionRateN,ug N-NH4+ h^-1,Thysanoessa inermis,IkedaDatabase,NA,Vanni2016,10.1002/ecy.1582,dryWeight,18.44,mg
Pata_28279,1.9,0.947,excretionRateN,ug N-NH4+ h^-1,Thysanoessa inermis,IkedaDatabase,NA,Vanni2016,10.1002/ecy.1582,dryWeight,29.47,mg
Pata_28280,1.9,0.615,excretionRateN,ug N-NH4+ h^-1,Thysanoessa inermis,IkedaDatabase,NA,Vanni2016,10.1002/ecy.1582,dryWeight,30.49,mg
Pata_28281,1.9,0.754,excretionRateN,ug N-NH4+ h^-1,Thysanoessa inermis,IkedaDatabase,NA,Vanni2016,10.1002/ecy.1582,dryWeight,36.52,mg
Pata_28282,1.9,0.788,excretionRateN,ug N-NH4+ h^-1,Thysanoessa inermis,IkedaDatabase,NA,Vanni2016,10.1002/ecy.1582,dryWeight,38.12,mg
Pata_28283,1.9,1.35,excretionRateN,ug N-NH4+ h^-1,Thysanoessa inermis,IkedaDatabase,NA,Vanni2016,10.1002/ecy.1582,dryWeight,40.93,mg
Pata_28284,1.9,0.885,excretionRateN,ug N-NH4+ h^-1,Thysanoessa inermis,IkedaDatabase,NA,Vanni2016,10.1002/ecy.1582,dryWeight,41.62,mg
Pata_28285,1.9,1.05,excretionRateN,ug N-NH4+ h^-1,Thysanoessa inermis,IkedaDatabase,NA,Vanni2016,10.1002/ecy.1582,dryWeight,42.63,mg
Pata_28286,7,0.011,excretionRateN,ug N-NH4+ h^-1,Thysanoessa longipes,IkedaDatabase,NA,Vanni2016,10.1002/ecy.1582,dryWeight,0.419,mg
Pata_28287,12.2,0.861,excretionRateN,ug N-NH4+ h^-1,Thysanoessa longipes,IkedaDatabase,NA,Vanni2016,10.1002/ecy.1582,dryWeight,9.45,mg
Pata_28288,6.8,0.23,excretionRateN,ug N-NH4+ h^-1,Thysanoessa longipes,IkedaDatabase,NA,Vanni2016,10.1002/ecy.1582,dryWeight,14.95,mg
Pata_28289,-0.4,0.022,excretionRateN,ug N-NH4+ h^-1,Thysanoessa macrura,IkedaDatabase,NA,Vanni2016,10.1002/ecy.1582,dryWeight,0.267,mg
Pata_28290,0,0.025,excretionRateN,ug N-NH4+ h^-1,Thysanoessa macrura,IkedaDatabase,NA,Vanni2016,10.1002/ecy.1582,dryWeight,0.301,mg
Pata_28291,-0.4,0.021,excretionRateN,ug N-NH4+ h^-1,Thysanoessa macrura,IkedaDatabase,NA,Vanni2016,10.1002/ecy.1582,dryWeight,0.319,mg
Pata_28292,-0.4,0.018,excretionRateN,ug N-NH4+ h^-1,Thysanoessa macrura,IkedaDatabase,NA,Vanni2016,10.1002/ecy.1582,dryWeight,0.327,mg
Pata_28293,0,0.046,excretionRateN,ug N-NH4+ h^-1,Thysanoessa macrura,IkedaDatabase,NA,Vanni2016,10.1002/ecy.1582,dryWeight,0.33,mg
Pata_28294,-1,0.0211,excretionRateN,ug N-NH4+ h^-1,Thysanoessa macrura,IkedaDatabase,NA,Vanni2016,10.1002/ecy.1582,dryWeight,0.332,mg
Pata_28295,-0.4,0.024,excretionRateN,ug N-NH4+ h^-1,Thysanoessa macrura,IkedaDatabase,NA,Vanni2016,10.1002/ecy.1582,dryWeight,0.373,mg
Pata_28296,-0.2,0.011,excretionRateN,ug N-NH4+ h^-1,Thysanoessa macrura,IkedaDatabase,NA,Vanni2016,10.1002/ecy.1582,dryWeight,0.383,mg
Pata_28297,-1,0.0165,excretionRateN,ug N-NH4+ h^-1,Thysanoessa macrura,IkedaDatabase,NA,Vanni2016,10.1002/ecy.1582,dryWeight,0.383,mg
Pata_28298,-1,0.0156,excretionRateN,ug N-NH4+ h^-1,Thysanoessa macrura,IkedaDatabase,NA,Vanni2016,10.1002/ecy.1582,dryWeight,0.4,mg
Pata_28299,-1,0.0155,excretionRateN,ug N-NH4+ h^-1,Thysanoessa macrura,IkedaDatabase,NA,Vanni2016,10.1002/ecy.1582,dryWeight,0.443,mg
Pata_28300,-1,0.0154,excretionRateN,ug N-NH4+ h^-1,Thysanoessa macrura,IkedaDatabase,NA,Vanni2016,10.1002/ecy.1582,dryWeight,0.449,mg
Pata_28301,0,0.035,excretionRateN,ug N-NH4+ h^-1,Thysanoessa macrura,IkedaDatabase,NA,Vanni2016,10.1002/ecy.1582,dryWeight,0.46,mg
Pata_28302,-1,0.0078,excretionRateN,ug N-NH4+ h^-1,Thysanoessa macrura,IkedaDatabase,NA,Vanni2016,10.1002/ecy.1582,dryWeight,0.465,mg
Pata_28303,0,0.028,excretionRateN,ug N-NH4+ h^-1,Thysanoessa macrura,IkedaDatabase,NA,Vanni2016,10.1002/ecy.1582,dryWeight,0.503,mg
Pata_28304,0,0.029,excretionRateN,ug N-NH4+ h^-1,Thysanoessa macrura,IkedaDatabase,NA,Vanni2016,10.1002/ecy.1582,dryWeight,0.514,mg
Pata_28305,0,0.047,excretionRateN,ug N-NH4+ h^-1,Thysanoessa macrura,IkedaDatabase,NA,Vanni2016,10.1002/ecy.1582,dryWeight,0.515,mg
Pata_28306,-1,0.0193,excretionRateN,ug N-NH4+ h^-1,Thysanoessa macrura,IkedaDatabase,NA,Vanni2016,10.1002/ecy.1582,dryWeight,0.536,mg
Pata_28307,-1,0.0121,excretionRateN,ug N-NH4+ h^-1,Thysanoessa macrura,IkedaDatabase,NA,Vanni2016,10.1002/ecy.1582,dryWeight,0.539,mg
Pata_28308,0,0.083,excretionRateN,ug N-NH4+ h^-1,Thysanoessa macrura,IkedaDatabase,NA,Vanni2016,10.1002/ecy.1582,dryWeight,0.575,mg
Pata_28309,0,0.032,excretionRateN,ug N-NH4+ h^-1,Thysanoessa macrura,IkedaDatabase,NA,Vanni2016,10.1002/ecy.1582,dryWeight,0.638,mg
Pata_28310,-0.2,0.026,excretionRateN,ug N-NH4+ h^-1,Thysanoessa macrura,IkedaDatabase,NA,Vanni2016,10.1002/ecy.1582,dryWeight,0.756,mg
Pata_28311,-1.7,0.292,excretionRateN,ug N-NH4+ h^-1,Thysanoessa macrura,IkedaDatabase,NA,Vanni2016,10.1002/ecy.1582,dryWeight,23.55,mg
Pata_28312,-1.7,0.145,excretionRateN,ug N-NH4+ h^-1,Thysanoessa macrura,IkedaDatabase,NA,Vanni2016,10.1002/ecy.1582,dryWeight,25.96,mg
Pata_28313,-1.7,0.189,excretionRateN,ug N-NH4+ h^-1,Thysanoessa macrura,IkedaDatabase,NA,Vanni2016,10.1002/ecy.1582,dryWeight,26.97,mg
Pata_28314,-0.9,0.71,excretionRateN,ug N-NH4+ h^-1,Tomopteris carpenteri,IkedaDatabase,NA,Vanni2016,10.1002/ecy.1582,dryWeight,4.98,mg
Pata_28315,-0.9,0.158,excretionRateN,ug N-NH4+ h^-1,Tomopteris carpenteri,IkedaDatabase,NA,Vanni2016,10.1002/ecy.1582,dryWeight,5.87,mg
Pata_28316,-1.3,0.147,excretionRateN,ug N-NH4+ h^-1,Tomopteris carpenteri,IkedaDatabase,NA,Vanni2016,10.1002/ecy.1582,dryWeight,6.61,mg
Pata_28317,-1,0.294,excretionRateN,ug N-NH4+ h^-1,Tomopteris carpenteri,IkedaDatabase,NA,Vanni2016,10.1002/ecy.1582,dryWeight,7.4,mg
Pata_28318,-0.9,0.683,excretionRateN,ug N-NH4+ h^-1,Tomopteris carpenteri,IkedaDatabase,NA,Vanni2016,10.1002/ecy.1582,dryWeight,7.71,mg
Pata_28319,-1,0.273,excretionRateN,ug N-NH4+ h^-1,Tomopteris carpenteri,IkedaDatabase,NA,Vanni2016,10.1002/ecy.1582,dryWeight,9.24,mg
Pata_28320,-1,0.292,excretionRateN,ug N-NH4+ h^-1,Tomopteris carpenteri,IkedaDatabase,NA,Vanni2016,10.1002/ecy.1582,dryWeight,9.35,mg
Pata_28321,-1,0.352,excretionRateN,ug N-NH4+ h^-1,Tomopteris carpenteri,IkedaDatabase,NA,Vanni2016,10.1002/ecy.1582,dryWeight,9.89,mg
Pata_28322,-1,0.332,excretionRateN,ug N-NH4+ h^-1,Tomopteris carpenteri,IkedaDatabase,NA,Vanni2016,10.1002/ecy.1582,dryWeight,10.36,mg
Pata_28323,-1,0.409,excretionRateN,ug N-NH4+ h^-1,Tomopteris carpenteri,IkedaDatabase,NA,Vanni2016,10.1002/ecy.1582,dryWeight,10.73,mg
Pata_28324,-0.9,0.151,excretionRateN,ug N-NH4+ h^-1,Tomopteris carpenteri,IkedaDatabase,NA,Vanni2016,10.1002/ecy.1582,dryWeight,11,mg
Pata_28325,-1,0.363,excretionRateN,ug N-NH4+ h^-1,Tomopteris carpenteri,IkedaDatabase,NA,Vanni2016,10.1002/ecy.1582,dryWeight,12.93,mg
Pata_28326,-1,0.463,excretionRateN,ug N-NH4+ h^-1,Tomopteris carpenteri,IkedaDatabase,NA,Vanni2016,10.1002/ecy.1582,dryWeight,14.73,mg
Pata_28327,-0.9,0.312,excretionRateN,ug N-NH4+ h^-1,Tomopteris carpenteri,IkedaDatabase,NA,Vanni2016,10.1002/ecy.1582,dryWeight,15.35,mg
Pata_28328,-0.8,2.91,excretionRateN,ug N-NH4+ h^-1,Tomopteris carpenteri,IkedaDatabase,NA,Vanni2016,10.1002/ecy.1582,dryWeight,71.63,mg
Pata_28329,-0.8,2.74,excretionRateN,ug N-NH4+ h^-1,Tomopteris carpenteri,IkedaDatabase,NA,Vanni2016,10.1002/ecy.1582,dryWeight,87,mg
Pata_28330,-0.8,1.91,excretionRateN,ug N-NH4+ h^-1,Tomopteris carpenteri,IkedaDatabase,NA,Vanni2016,10.1002/ecy.1582,dryWeight,97.08,mg
Pata_28331,-0.8,1.84,excretionRateN,ug N-NH4+ h^-1,Tomopteris carpenteri,IkedaDatabase,NA,Vanni2016,10.1002/ecy.1582,dryWeight,117.8,mg
Pata_28332,-0.8,4.25,excretionRateN,ug N-NH4+ h^-1,Tomopteris carpenteri,IkedaDatabase,NA,Vanni2016,10.1002/ecy.1582,dryWeight,125.6,mg
Pata_28333,-0.8,6.7,excretionRateN,ug N-NH4+ h^-1,Tomopteris carpenteri,IkedaDatabase,NA,Vanni2016,10.1002/ecy.1582,dryWeight,136.8,mg
Pata_28334,-0.8,3.49,excretionRateN,ug N-NH4+ h^-1,Tomopteris carpenteri,IkedaDatabase,NA,Vanni2016,10.1002/ecy.1582,dryWeight,165.07,mg
Pata_28335,-0.8,5.63,excretionRateN,ug N-NH4+ h^-1,Tomopteris carpenteri,IkedaDatabase,NA,Vanni2016,10.1002/ecy.1582,dryWeight,185.2,mg
Pata_28336,-0.8,6.63,excretionRateN,ug N-NH4+ h^-1,Tomopteris carpenteri,IkedaDatabase,NA,Vanni2016,10.1002/ecy.1582,dryWeight,190.2,mg
Pata_28337,-0.8,5.61,excretionRateN,ug N-NH4+ h^-1,Tomopteris carpenteri,IkedaDatabase,NA,Vanni2016,10.1002/ecy.1582,dryWeight,202.95,mg
Pata_28338,28.4,0.23,excretionRateN,ug N-NH4+ h^-1,Tomopteris,IkedaDatabase,NA,Vanni2016,10.1002/ecy.1582,dryWeight,2.44,mg
Pata_28339,7,0.0053,excretionRateN,ug N-NH4+ h^-1,Tortanus (Boreotortanus) discaudatus,IkedaDatabase,NA,Vanni2016,10.1002/ecy.1582,dryWeight,0.0449,mg
Pata_28340,7,0.01,excretionRateN,ug N-NH4+ h^-1,Tortanus (Boreotortanus) discaudatus,IkedaDatabase,NA,Vanni2016,10.1002/ecy.1582,dryWeight,0.0689,mg
Pata_28341,29,0.0063,excretionRateN,ug N-NH4+ h^-1,Tortanus (Tortanus) gracilis,IkedaDatabase,NA,Vanni2016,10.1002/ecy.1582,dryWeight,0.0066,mg
Pata_28342,29,0.0088,excretionRateN,ug N-NH4+ h^-1,Tortanus (Tortanus) gracilis,IkedaDatabase,NA,Vanni2016,10.1002/ecy.1582,dryWeight,0.0098,mg
Pata_28343,29,0.0099,excretionRateN,ug N-NH4+ h^-1,Tortanus (Tortanus) gracilis,IkedaDatabase,NA,Vanni2016,10.1002/ecy.1582,dryWeight,0.0102,mg
Pata_28344,29,0.0042,excretionRateN,ug N-NH4+ h^-1,Tortanus (Tortanus) gracilis,IkedaDatabase,NA,Vanni2016,10.1002/ecy.1582,dryWeight,0.0105,mg
Pata_28345,29,0.0052,excretionRateN,ug N-NH4+ h^-1,Tortanus (Tortanus) gracilis,IkedaDatabase,NA,Vanni2016,10.1002/ecy.1582,dryWeight,0.0106,mg
Pata_28346,29,0.0025,excretionRateN,ug N-NH4+ h^-1,Tortanus (Tortanus) gracilis,IkedaDatabase,NA,Vanni2016,10.1002/ecy.1582,dryWeight,0.011,mg
Pata_28347,29,0.0034,excretionRateN,ug N-NH4+ h^-1,Tortanus (Tortanus) gracilis,IkedaDatabase,NA,Vanni2016,10.1002/ecy.1582,dryWeight,0.0116,mg
Pata_28348,22,0.0067,excretionRateN,ug N-NH4+ h^-1,Tortanus (Tortanus) gracilis,IkedaDatabase,NA,Vanni2016,10.1002/ecy.1582,dryWeight,0.0135,mg
Pata_28349,22,0.0083,excretionRateN,ug N-NH4+ h^-1,Tortanus (Tortanus) gracilis,IkedaDatabase,NA,Vanni2016,10.1002/ecy.1582,dryWeight,0.0166,mg
Pata_28350,24,0.0089,excretionRateN,ug N-NH4+ h^-1,Tortanus (Tortanus) gracilis,IkedaDatabase,NA,Vanni2016,10.1002/ecy.1582,dryWeight,0.0181,mg
Pata_28351,22,0.0015,excretionRateN,ug N-NH4+ h^-1,Tortanus (Tortanus) gracilis,IkedaDatabase,NA,Vanni2016,10.1002/ecy.1582,dryWeight,0.0185,mg
Pata_28352,22,0.0074,excretionRateN,ug N-NH4+ h^-1,Tortanus (Tortanus) gracilis,IkedaDatabase,NA,Vanni2016,10.1002/ecy.1582,dryWeight,0.0189,mg
Pata_28353,26,0.0081,excretionRateN,ug N-NH4+ h^-1,Tortanus (Tortanus) gracilis,IkedaDatabase,NA,Vanni2016,10.1002/ecy.1582,dryWeight,0.0199,mg
Pata_28354,26,0.0069,excretionRateN,ug N-NH4+ h^-1,Tortanus (Tortanus) gracilis,IkedaDatabase,NA,Vanni2016,10.1002/ecy.1582,dryWeight,0.022,mg
Pata_28355,22,0.006,excretionRateN,ug N-NH4+ h^-1,Tortanus (Tortanus) gracilis,IkedaDatabase,NA,Vanni2016,10.1002/ecy.1582,dryWeight,0.024,mg
Pata_28356,26,0.0105,excretionRateN,ug N-NH4+ h^-1,Tortanus (Tortanus) gracilis,IkedaDatabase,NA,Vanni2016,10.1002/ecy.1582,dryWeight,0.0248,mg
Pata_28357,26,0.0148,excretionRateN,ug N-NH4+ h^-1,Tortanus (Tortanus) gracilis,IkedaDatabase,NA,Vanni2016,10.1002/ecy.1582,dryWeight,0.0273,mg
Pata_28358,24,0.0059,excretionRateN,ug N-NH4+ h^-1,Tortanus (Tortanus) gracilis,IkedaDatabase,NA,Vanni2016,10.1002/ecy.1582,dryWeight,0.0289,mg
Pata_28359,24,0.0075,excretionRateN,ug N-NH4+ h^-1,Tortanus (Tortanus) gracilis,IkedaDatabase,NA,Vanni2016,10.1002/ecy.1582,dryWeight,0.0302,mg
Pata_28360,24,0.0122,excretionRateN,ug N-NH4+ h^-1,Tortanus (Tortanus) gracilis,IkedaDatabase,NA,Vanni2016,10.1002/ecy.1582,dryWeight,0.0308,mg
Pata_28361,24,0.0078,excretionRateN,ug N-NH4+ h^-1,Tortanus (Tortanus) gracilis,IkedaDatabase,NA,Vanni2016,10.1002/ecy.1582,dryWeight,0.0318,mg
Pata_28362,22,0.0112,excretionRateN,ug N-NH4+ h^-1,Tortanus (Tortanus) gracilis,IkedaDatabase,NA,Vanni2016,10.1002/ecy.1582,dryWeight,0.0354,mg
Pata_28363,22,0.0135,excretionRateN,ug N-NH4+ h^-1,Tortanus (Tortanus) gracilis,IkedaDatabase,NA,Vanni2016,10.1002/ecy.1582,dryWeight,0.0366,mg
Pata_28364,22,0.0068,excretionRateN,ug N-NH4+ h^-1,Tortanus (Tortanus) gracilis,IkedaDatabase,NA,Vanni2016,10.1002/ecy.1582,dryWeight,0.0382,mg
Pata_28365,22,0.0194,excretionRateN,ug N-NH4+ h^-1,Tortanus (Tortanus) gracilis,IkedaDatabase,NA,Vanni2016,10.1002/ecy.1582,dryWeight,0.0398,mg
Pata_28366,22,0.0131,excretionRateN,ug N-NH4+ h^-1,Tortanus (Tortanus) gracilis,IkedaDatabase,NA,Vanni2016,10.1002/ecy.1582,dryWeight,0.0407,mg
Pata_28367,22,0.0296,excretionRateN,ug N-NH4+ h^-1,Tortanus (Tortanus) gracilis,IkedaDatabase,NA,Vanni2016,10.1002/ecy.1582,dryWeight,0.0417,mg
Pata_28368,27,0.1,excretionRateN,ug N-NH4+ h^-1,Undinula vulgaris,IkedaDatabase,NA,Vanni2016,10.1002/ecy.1582,dryWeight,0.142,mg
Pata_28369,26.4,0.076,excretionRateN,ug N-NH4+ h^-1,Undinula vulgaris,IkedaDatabase,NA,Vanni2016,10.1002/ecy.1582,dryWeight,0.143,mg
Pata_28370,26.4,0.072,excretionRateN,ug N-NH4+ h^-1,Undinula vulgaris,IkedaDatabase,NA,Vanni2016,10.1002/ecy.1582,dryWeight,0.152,mg
Pata_28371,27.4,0.14,excretionRateN,ug N-NH4+ h^-1,Undinula vulgaris,IkedaDatabase,NA,Vanni2016,10.1002/ecy.1582,dryWeight,0.164,mg
Pata_28372,27.8,0.104,excretionRateN,ug N-NH4+ h^-1,Undinula vulgaris,IkedaDatabase,NA,Vanni2016,10.1002/ecy.1582,dryWeight,0.166,mg
Pata_28373,24,0.065,excretionRateN,ug N-NH4+ h^-1,Undinula vulgaris,IkedaDatabase,NA,Vanni2016,10.1002/ecy.1582,dryWeight,0.167,mg
Pata_28374,28.5,0.131,excretionRateN,ug N-NH4+ h^-1,Undinula vulgaris,IkedaDatabase,NA,Vanni2016,10.1002/ecy.1582,dryWeight,0.176,mg
Pata_28375,22,0.095,excretionRateN,ug N-NH4+ h^-1,Undinula vulgaris,IkedaDatabase,NA,Vanni2016,10.1002/ecy.1582,dryWeight,0.177,mg
Pata_28376,22,0.087,excretionRateN,ug N-NH4+ h^-1,Undinula vulgaris,IkedaDatabase,NA,Vanni2016,10.1002/ecy.1582,dryWeight,0.179,mg
Pata_28377,28.5,0.15,excretionRateN,ug N-NH4+ h^-1,Undinula vulgaris,IkedaDatabase,NA,Vanni2016,10.1002/ecy.1582,dryWeight,0.183,mg
Pata_28378,24,0.054,excretionRateN,ug N-NH4+ h^-1,Undinula vulgaris,IkedaDatabase,NA,Vanni2016,10.1002/ecy.1582,dryWeight,0.187,mg
Pata_28379,27.8,0.143,excretionRateN,ug N-NH4+ h^-1,Undinula vulgaris,IkedaDatabase,NA,Vanni2016,10.1002/ecy.1582,dryWeight,0.188,mg
Pata_28380,24,0.08,excretionRateN,ug N-NH4+ h^-1,Undinula vulgaris,IkedaDatabase,NA,Vanni2016,10.1002/ecy.1582,dryWeight,0.189,mg
Pata_28381,24,0.069,excretionRateN,ug N-NH4+ h^-1,Undinula vulgaris,IkedaDatabase,NA,Vanni2016,10.1002/ecy.1582,dryWeight,0.191,mg
Pata_28382,28.5,0.145,excretionRateN,ug N-NH4+ h^-1,Undinula vulgaris,IkedaDatabase,NA,Vanni2016,10.1002/ecy.1582,dryWeight,0.192,mg
Pata_28383,24,0.062,excretionRateN,ug N-NH4+ h^-1,Undinula vulgaris,IkedaDatabase,NA,Vanni2016,10.1002/ecy.1582,dryWeight,0.195,mg
Pata_28384,24,0.079,excretionRateN,ug N-NH4+ h^-1,Undinula vulgaris,IkedaDatabase,NA,Vanni2016,10.1002/ecy.1582,dryWeight,0.198,mg
Pata_28385,-1.1,0.282,excretionRateN,ug N-NH4+ h^-1,Vibilia propinqua,IkedaDatabase,NA,Vanni2016,10.1002/ecy.1582,dryWeight,11.19,mg
Pata_28386,-1.1,0.361,excretionRateN,ug N-NH4+ h^-1,Vibilia propinqua,IkedaDatabase,NA,Vanni2016,10.1002/ecy.1582,dryWeight,11.43,mg
Pata_28387,-1.1,0.537,excretionRateN,ug N-NH4+ h^-1,Vibilia propinqua,IkedaDatabase,NA,Vanni2016,10.1002/ecy.1582,dryWeight,11.79,mg
Pata_28388,-1.1,0.467,excretionRateN,ug N-NH4+ h^-1,Vibilia propinqua,IkedaDatabase,NA,Vanni2016,10.1002/ecy.1582,dryWeight,12.91,mg
Pata_28389,-1.1,0.504,excretionRateN,ug N-NH4+ h^-1,Vibilia propinqua,IkedaDatabase,NA,Vanni2016,10.1002/ecy.1582,dryWeight,13.38,mg
Pata_28390,27.8,0.27,excretionRateN,ug N-NH4+ h^-1,Vibilia,IkedaDatabase,NA,Vanni2016,10.1002/ecy.1582,dryWeight,1.22,mg
Pata_28391,27.8,0.35,excretionRateN,ug N-NH4+ h^-1,Vibilia,IkedaDatabase,NA,Vanni2016,10.1002/ecy.1582,dryWeight,1.26,mg
Pata_28392,30.6,0.0808,excretionRateN,ug N-NH4+ h^-1,Rhopalophthalmus africanus,Kouassi2006,NA,Vanni2016,10.1002/ecy.1582,dryWeight,0.0787,mg
Pata_28393,29.6,0.1656,excretionRateN,ug N-NH4+ h^-1,Rhopalophthalmus africanus,Kouassi2006,NA,Vanni2016,10.1002/ecy.1582,dryWeight,0.122163,mg
Pata_28394,25.7,0.2639,excretionRateN,ug N-NH4+ h^-1,Rhopalophthalmus africanus,Kouassi2006,NA,Vanni2016,10.1002/ecy.1582,dryWeight,0.123067,mg
Pata_28395,26.3,0.2257,excretionRateN,ug N-NH4+ h^-1,Rhopalophthalmus africanus,Kouassi2006,NA,Vanni2016,10.1002/ecy.1582,dryWeight,0.127982,mg
Pata_28396,27.2,0.1019,excretionRateN,ug N-NH4+ h^-1,Rhopalophthalmus africanus,Kouassi2006,NA,Vanni2016,10.1002/ecy.1582,dryWeight,0.146847,mg
Pata_28397,29.7,0.2892,excretionRateN,ug N-NH4+ h^-1,Rhopalophthalmus africanus,Kouassi2006,NA,Vanni2016,10.1002/ecy.1582,dryWeight,0.154218,mg
Pata_28398,26.3,0.2812,excretionRateN,ug N-NH4+ h^-1,Rhopalophthalmus africanus,Kouassi2006,NA,Vanni2016,10.1002/ecy.1582,dryWeight,0.158195,mg
Pata_28399,26,0.4507,excretionRateN,ug N-NH4+ h^-1,Rhopalophthalmus africanus,Kouassi2006,NA,Vanni2016,10.1002/ecy.1582,dryWeight,0.163122,mg
Pata_28400,28.7,0.1906,excretionRateN,ug N-NH4+ h^-1,Rhopalophthalmus africanus,Kouassi2006,NA,Vanni2016,10.1002/ecy.1582,dryWeight,0.179963,mg
Pata_28401,27.9,0.1474,excretionRateN,ug N-NH4+ h^-1,Rhopalophthalmus africanus,Kouassi2006,NA,Vanni2016,10.1002/ecy.1582,dryWeight,0.193802,mg
Pata_28402,26.1,0.2147,excretionRateN,ug N-NH4+ h^-1,Rhopalophthalmus africanus,Kouassi2006,NA,Vanni2016,10.1002/ecy.1582,dryWeight,0.196904,mg
Pata_28403,26.4,0.2848,excretionRateN,ug N-NH4+ h^-1,Rhopalophthalmus africanus,Kouassi2006,NA,Vanni2016,10.1002/ecy.1582,dryWeight,0.221116,mg
Pata_28404,26.1,0.3538,excretionRateN,ug N-NH4+ h^-1,Rhopalophthalmus africanus,Kouassi2006,NA,Vanni2016,10.1002/ecy.1582,dryWeight,0.249535,mg
Pata_28405,27.2,0.188,excretionRateN,ug N-NH4+ h^-1,Rhopalophthalmus africanus,Kouassi2006,NA,Vanni2016,10.1002/ecy.1582,dryWeight,0.274556,mg
Pata_28406,27.9,0.6095,excretionRateN,ug N-NH4+ h^-1,Rhopalophthalmus africanus,Kouassi2006,NA,Vanni2016,10.1002/ecy.1582,dryWeight,0.318526,mg
Pata_28407,26.1,0.4838,excretionRateN,ug N-NH4+ h^-1,Rhopalophthalmus africanus,Kouassi2006,NA,Vanni2016,10.1002/ecy.1582,dryWeight,0.546202,mg
Pata_28408,30.6,0.4069,excretionRateN,ug N-NH4+ h^-1,Rhopalophthalmus africanus,Kouassi2006,NA,Vanni2016,10.1002/ecy.1582,dryWeight,0.802809,mg
Pata_28409,26.3,1.6705,excretionRateN,ug N-NH4+ h^-1,Rhopalophthalmus africanus,Kouassi2006,NA,Vanni2016,10.1002/ecy.1582,dryWeight,0.859643,mg
Pata_28410,26.3,1.2876,excretionRateN,ug N-NH4+ h^-1,Rhopalophthalmus africanus,Kouassi2006,NA,Vanni2016,10.1002/ecy.1582,dryWeight,0.865001,mg
Pata_28411,28.7,0.8521,excretionRateN,ug N-NH4+ h^-1,Rhopalophthalmus africanus,Kouassi2006,NA,Vanni2016,10.1002/ecy.1582,dryWeight,0.896072,mg
Pata_28412,25.6,2.1061,excretionRateN,ug N-NH4+ h^-1,Rhopalophthalmus africanus,Kouassi2006,NA,Vanni2016,10.1002/ecy.1582,dryWeight,0.938711,mg
Pata_28413,26,1.1125,excretionRateN,ug N-NH4+ h^-1,Rhopalophthalmus africanus,Kouassi2006,NA,Vanni2016,10.1002/ecy.1582,dryWeight,0.976565,mg
Pata_28414,25.7,0.662,excretionRateN,ug N-NH4+ h^-1,Rhopalophthalmus africanus,Kouassi2006,NA,Vanni2016,10.1002/ecy.1582,dryWeight,1.029655,mg
Pata_28415,31.4,1.5735,excretionRateN,ug N-NH4+ h^-1,Rhopalophthalmus africanus,Kouassi2006,NA,Vanni2016,10.1002/ecy.1582,dryWeight,1.07731,mg
Pata_28416,29.7,1.4076,excretionRateN,ug N-NH4+ h^-1,Rhopalophthalmus africanus,Kouassi2006,NA,Vanni2016,10.1002/ecy.1582,dryWeight,1.079244,mg
Pata_28417,28.9,0.3902,excretionRateN,ug N-NH4+ h^-1,Rhopalophthalmus africanus,Kouassi2006,NA,Vanni2016,10.1002/ecy.1582,dryWeight,1.08319,mg
Pata_28418,31.4,0.5162,excretionRateN,ug N-NH4+ h^-1,Rhopalophthalmus africanus,Kouassi2006,NA,Vanni2016,10.1002/ecy.1582,dryWeight,1.128663,mg
Pata_28419,25.7,0.4988,excretionRateN,ug N-NH4+ h^-1,Rhopalophthalmus africanus,Kouassi2006,NA,Vanni2016,10.1002/ecy.1582,dryWeight,1.204026,mg
Pata_28420,26.1,0.7019,excretionRateN,ug N-NH4+ h^-1,Rhopalophthalmus africanus,Kouassi2006,NA,Vanni2016,10.1002/ecy.1582,dryWeight,1.204318,mg
Pata_28421,26.4,0.7496,excretionRateN,ug N-NH4+ h^-1,Rhopalophthalmus africanus,Kouassi2006,NA,Vanni2016,10.1002/ecy.1582,dryWeight,1.225502,mg
Pata_28422,26.3,0.7951,excretionRateN,ug N-NH4+ h^-1,Rhopalophthalmus africanus,Kouassi2006,NA,Vanni2016,10.1002/ecy.1582,dryWeight,1.233264,mg
Pata_28423,30.6,0.5073,excretionRateN,ug N-NH4+ h^-1,Rhopalophthalmus africanus,Kouassi2006,NA,Vanni2016,10.1002/ecy.1582,dryWeight,1.254203,mg
Pata_28424,26.4,0.8842,excretionRateN,ug N-NH4+ h^-1,Rhopalophthalmus africanus,Kouassi2006,NA,Vanni2016,10.1002/ecy.1582,dryWeight,1.265728,mg
Pata_28425,26.3,0.683,excretionRateN,ug N-NH4+ h^-1,Rhopalophthalmus africanus,Kouassi2006,NA,Vanni2016,10.1002/ecy.1582,dryWeight,1.294439,mg
Pata_28426,29.7,1.2008,excretionRateN,ug N-NH4+ h^-1,Rhopalophthalmus africanus,Kouassi2006,NA,Vanni2016,10.1002/ecy.1582,dryWeight,1.318597,mg
Pata_28427,29.7,0.972,excretionRateN,ug N-NH4+ h^-1,Rhopalophthalmus africanus,Kouassi2006,NA,Vanni2016,10.1002/ecy.1582,dryWeight,1.331931,mg
Pata_28428,29.6,1.2022,excretionRateN,ug N-NH4+ h^-1,Rhopalophthalmus africanus,Kouassi2006,NA,Vanni2016,10.1002/ecy.1582,dryWeight,1.336241,mg
Pata_28429,29.6,1.1096,excretionRateN,ug N-NH4+ h^-1,Rhopalophthalmus africanus,Kouassi2006,NA,Vanni2016,10.1002/ecy.1582,dryWeight,1.355732,mg
Pata_28430,26.3,1.1583,excretionRateN,ug N-NH4+ h^-1,Rhopalophthalmus africanus,Kouassi2006,NA,Vanni2016,10.1002/ecy.1582,dryWeight,1.37831,mg
Pata_28431,28.7,1.9525,excretionRateN,ug N-NH4+ h^-1,Rhopalophthalmus africanus,Kouassi2006,NA,Vanni2016,10.1002/ecy.1582,dryWeight,1.389788,mg
Pata_28432,30.6,0.7066,excretionRateN,ug N-NH4+ h^-1,Rhopalophthalmus africanus,Kouassi2006,NA,Vanni2016,10.1002/ecy.1582,dryWeight,1.39219,mg
Pata_28433,27.9,1.024,excretionRateN,ug N-NH4+ h^-1,Rhopalophthalmus africanus,Kouassi2006,NA,Vanni2016,10.1002/ecy.1582,dryWeight,1.410263,mg
Pata_28434,29.6,2.8745,excretionRateN,ug N-NH4+ h^-1,Rhopalophthalmus africanus,Kouassi2006,NA,Vanni2016,10.1002/ecy.1582,dryWeight,1.422733,mg
Pata_28435,26.3,0.6478,excretionRateN,ug N-NH4+ h^-1,Rhopalophthalmus africanus,Kouassi2006,NA,Vanni2016,10.1002/ecy.1582,dryWeight,1.44407,mg
Pata_28436,25.7,1.2216,excretionRateN,ug N-NH4+ h^-1,Rhopalophthalmus africanus,Kouassi2006,NA,Vanni2016,10.1002/ecy.1582,dryWeight,1.446625,mg
Pata_28437,25.6,0.6897,excretionRateN,ug N-NH4+ h^-1,Rhopalophthalmus africanus,Kouassi2006,NA,Vanni2016,10.1002/ecy.1582,dryWeight,1.56439,mg
Pata_28438,26,1.7434,excretionRateN,ug N-NH4+ h^-1,Rhopalophthalmus africanus,Kouassi2006,NA,Vanni2016,10.1002/ecy.1582,dryWeight,1.574217,mg
Pata_28439,26,2.5701,excretionRateN,ug N-NH4+ h^-1,Rhopalophthalmus africanus,Kouassi2006,NA,Vanni2016,10.1002/ecy.1582,dryWeight,1.609325,mg
Pata_28440,31.4,1.981,excretionRateN,ug N-NH4+ h^-1,Rhopalophthalmus africanus,Kouassi2006,NA,Vanni2016,10.1002/ecy.1582,dryWeight,1.635548,mg
Pata_28441,28.7,2.7304,excretionRateN,ug N-NH4+ h^-1,Rhopalophthalmus africanus,Kouassi2006,NA,Vanni2016,10.1002/ecy.1582,dryWeight,1.637736,mg
Pata_28442,26.1,1.0194,excretionRateN,ug N-NH4+ h^-1,Rhopalophthalmus africanus,Kouassi2006,NA,Vanni2016,10.1002/ecy.1582,dryWeight,1.681016,mg
Pata_28443,26.4,3.607,excretionRateN,ug N-NH4+ h^-1,Rhopalophthalmus africanus,Kouassi2006,NA,Vanni2016,10.1002/ecy.1582,dryWeight,1.685574,mg
Pata_28444,27.2,0.8002,excretionRateN,ug N-NH4+ h^-1,Rhopalophthalmus africanus,Kouassi2006,NA,Vanni2016,10.1002/ecy.1582,dryWeight,1.70709,mg
Pata_28445,25.6,1.7388,excretionRateN,ug N-NH4+ h^-1,Rhopalophthalmus africanus,Kouassi2006,NA,Vanni2016,10.1002/ecy.1582,dryWeight,1.716419,mg
Pata_28446,28.9,1.7303,excretionRateN,ug N-NH4+ h^-1,Rhopalophthalmus africanus,Kouassi2006,NA,Vanni2016,10.1002/ecy.1582,dryWeight,1.733778,mg
Pata_28447,28.9,1.2285,excretionRateN,ug N-NH4+ h^-1,Rhopalophthalmus africanus,Kouassi2006,NA,Vanni2016,10.1002/ecy.1582,dryWeight,1.770624,mg
Pata_28448,20,0.001,excretionRateN,ug N-NH4+ h^-1,Subeucalanus pileatus,Paffenhofer1984,NA,Vanni2016,10.1002/ecy.1582,dryWeight,0.0013,mg
Pata_28449,20,7e-4,excretionRateN,ug N-NH4+ h^-1,Subeucalanus pileatus,Paffenhofer1984,NA,Vanni2016,10.1002/ecy.1582,dryWeight,0.0013,mg
Pata_28450,20,8e-4,excretionRateN,ug N-NH4+ h^-1,Subeucalanus pileatus,Paffenhofer1984,NA,Vanni2016,10.1002/ecy.1582,dryWeight,0.0014,mg
Pata_28451,20,4e-4,excretionRateN,ug N-NH4+ h^-1,Subeucalanus pileatus,Paffenhofer1984,NA,Vanni2016,10.1002/ecy.1582,dryWeight,0.002,mg
Pata_28452,20,0.0042,excretionRateN,ug N-NH4+ h^-1,Subeucalanus pileatus,Paffenhofer1984,NA,Vanni2016,10.1002/ecy.1582,dryWeight,0.0059,mg
Pata_28453,20,0.0029,excretionRateN,ug N-NH4+ h^-1,Subeucalanus pileatus,Paffenhofer1984,NA,Vanni2016,10.1002/ecy.1582,dryWeight,0.0065,mg
Pata_28454,20,0.0036,excretionRateN,ug N-NH4+ h^-1,Subeucalanus pileatus,Paffenhofer1984,NA,Vanni2016,10.1002/ecy.1582,dryWeight,0.0067,mg
Pata_28455,20,0.0039,excretionRateN,ug N-NH4+ h^-1,Subeucalanus pileatus,Paffenhofer1984,NA,Vanni2016,10.1002/ecy.1582,dryWeight,0.007,mg
Pata_28456,20,0.004,excretionRateN,ug N-NH4+ h^-1,Subeucalanus pileatus,Paffenhofer1984,NA,Vanni2016,10.1002/ecy.1582,dryWeight,0.0078,mg
Pata_28457,20,0.0026,excretionRateN,ug N-NH4+ h^-1,Subeucalanus pileatus,Paffenhofer1984,NA,Vanni2016,10.1002/ecy.1582,dryWeight,0.0108,mg
Pata_28458,20,0.0055,excretionRateN,ug N-NH4+ h^-1,Subeucalanus pileatus,Paffenhofer1984,NA,Vanni2016,10.1002/ecy.1582,dryWeight,0.0112,mg
Pata_28459,20,0.0038,excretionRateN,ug N-NH4+ h^-1,Subeucalanus pileatus,Paffenhofer1984,NA,Vanni2016,10.1002/ecy.1582,dryWeight,0.0113,mg
Pata_28460,20,0.0035,excretionRateN,ug N-NH4+ h^-1,Subeucalanus pileatus,Paffenhofer1984,NA,Vanni2016,10.1002/ecy.1582,dryWeight,0.0119,mg
Pata_28461,20,0.006,excretionRateN,ug N-NH4+ h^-1,Subeucalanus pileatus,Paffenhofer1984,NA,Vanni2016,10.1002/ecy.1582,dryWeight,0.0183,mg
Pata_28462,20,0.0064,excretionRateN,ug N-NH4+ h^-1,Subeucalanus pileatus,Paffenhofer1984,NA,Vanni2016,10.1002/ecy.1582,dryWeight,0.019,mg
Pata_28463,20,0.0068,excretionRateN,ug N-NH4+ h^-1,Subeucalanus pileatus,Paffenhofer1984,NA,Vanni2016,10.1002/ecy.1582,dryWeight,0.0221,mg
Pata_28464,20,0.0098,excretionRateN,ug N-NH4+ h^-1,Subeucalanus pileatus,Paffenhofer1984,NA,Vanni2016,10.1002/ecy.1582,dryWeight,0.0225,mg
Pata_28465,20,0.0112,excretionRateN,ug N-NH4+ h^-1,Subeucalanus pileatus,Paffenhofer1984,NA,Vanni2016,10.1002/ecy.1582,dryWeight,0.0298,mg
Pata_28466,20,0.0075,excretionRateN,ug N-NH4+ h^-1,Subeucalanus pileatus,Paffenhofer1984,NA,Vanni2016,10.1002/ecy.1582,dryWeight,0.0305,mg
Pata_28467,20,0.011,excretionRateN,ug N-NH4+ h^-1,Subeucalanus pileatus,Paffenhofer1984,NA,Vanni2016,10.1002/ecy.1582,dryWeight,0.0314,mg
Pata_28468,20,0.0214,excretionRateN,ug N-NH4+ h^-1,Subeucalanus pileatus,Paffenhofer1984,NA,Vanni2016,10.1002/ecy.1582,dryWeight,0.049,mg
Pata_28469,20,0.029,excretionRateN,ug N-NH4+ h^-1,Subeucalanus pileatus,Paffenhofer1984,NA,Vanni2016,10.1002/ecy.1582,dryWeight,0.0599,mg
Pata_28470,20,0.0196,excretionRateN,ug N-NH4+ h^-1,Subeucalanus pileatus,Paffenhofer1984,NA,Vanni2016,10.1002/ecy.1582,dryWeight,0.0719,mg
Pata_28471,20,0.0147,excretionRateN,ug N-NH4+ h^-1,Subeucalanus pileatus,Paffenhofer1984,NA,Vanni2016,10.1002/ecy.1582,dryWeight,0.0744,mg
Pata_28472,20,0.0298,excretionRateN,ug N-NH4+ h^-1,Subeucalanus pileatus,Paffenhofer1984,NA,Vanni2016,10.1002/ecy.1582,dryWeight,0.0943,mg
Pata_28473,20,0.037,excretionRateN,ug N-NH4+ h^-1,Subeucalanus pileatus,Paffenhofer1984,NA,Vanni2016,10.1002/ecy.1582,dryWeight,0.0986,mg
Pata_28474,20,0.0311,excretionRateN,ug N-NH4+ h^-1,Subeucalanus pileatus,Paffenhofer1984,NA,Vanni2016,10.1002/ecy.1582,dryWeight,0.0991,mg
Pata_28475,20,0.0381,excretionRateN,ug N-NH4+ h^-1,Subeucalanus pileatus,Paffenhofer1984,NA,Vanni2016,10.1002/ecy.1582,dryWeight,0.1055,mg
Pata_28476,20,5.25,excretionRateN,ug N-NH4+ h^-1,Aurelia aurita,Shimauchi2007,NA,Vanni2016,10.1002/ecy.1582,dryWeight,420,mg
Pata_28477,20,7,excretionRateN,ug N-NH4+ h^-1,Aurelia aurita,Shimauchi2007,NA,Vanni2016,10.1002/ecy.1582,dryWeight,1060,mg
Pata_28478,20,4.67,excretionRateN,ug N-NH4+ h^-1,Aurelia aurita,Shimauchi2007,NA,Vanni2016,10.1002/ecy.1582,dryWeight,1070,mg
Pata_28479,20,6.42,excretionRateN,ug N-NH4+ h^-1,Aurelia aurita,Shimauchi2007,NA,Vanni2016,10.1002/ecy.1582,dryWeight,1270,mg
Pata_28480,20,12.83,excretionRateN,ug N-NH4+ h^-1,Aurelia aurita,Shimauchi2007,NA,Vanni2016,10.1002/ecy.1582,dryWeight,1270,mg
Pata_28481,20,23.33,excretionRateN,ug N-NH4+ h^-1,Aurelia aurita,Shimauchi2007,NA,Vanni2016,10.1002/ecy.1582,dryWeight,1900,mg
Pata_28482,20,28,excretionRateN,ug N-NH4+ h^-1,Aurelia aurita,Shimauchi2007,NA,Vanni2016,10.1002/ecy.1582,dryWeight,1900,mg
Pata_28483,28,75.25,excretionRateN,ug N-NH4+ h^-1,Aurelia aurita,Shimauchi2007,NA,Vanni2016,10.1002/ecy.1582,dryWeight,2750,mg
Pata_28484,20,31.5,excretionRateN,ug N-NH4+ h^-1,Aurelia aurita,Shimauchi2007,NA,Vanni2016,10.1002/ecy.1582,dryWeight,2970,mg
Pata_28485,20,61.83,excretionRateN,ug N-NH4+ h^-1,Aurelia aurita,Shimauchi2007,NA,Vanni2016,10.1002/ecy.1582,dryWeight,3390,mg
Pata_28486,20,57.17,excretionRateN,ug N-NH4+ h^-1,Aurelia aurita,Shimauchi2007,NA,Vanni2016,10.1002/ecy.1582,dryWeight,5500,mg
Pata_28487,28,163.33,excretionRateN,ug N-NH4+ h^-1,Aurelia aurita,Shimauchi2007,NA,Vanni2016,10.1002/ecy.1582,dryWeight,6570,mg
Pata_28488,28,123.67,excretionRateN,ug N-NH4+ h^-1,Aurelia aurita,Shimauchi2007,NA,Vanni2016,10.1002/ecy.1582,dryWeight,6670,mg
Pata_28489,20,86.33,excretionRateN,ug N-NH4+ h^-1,Aurelia aurita,Shimauchi2007,NA,Vanni2016,10.1002/ecy.1582,dryWeight,7100,mg
Pata_28490,28,251.42,excretionRateN,ug N-NH4+ h^-1,Aurelia aurita,Shimauchi2007,NA,Vanni2016,10.1002/ecy.1582,dryWeight,7520,mg
Pata_28491,20,128.92,excretionRateN,ug N-NH4+ h^-1,Aurelia aurita,Shimauchi2007,NA,Vanni2016,10.1002/ecy.1582,dryWeight,7940,mg
Pata_28492,28,121.33,excretionRateN,ug N-NH4+ h^-1,Aurelia aurita,Shimauchi2007,NA,Vanni2016,10.1002/ecy.1582,dryWeight,8680,mg
Pata_28493,20,138.83,excretionRateN,ug N-NH4+ h^-1,Aurelia aurita,Shimauchi2007,NA,Vanni2016,10.1002/ecy.1582,dryWeight,9530,mg
Pata_28494,28,315.58,excretionRateN,ug N-NH4+ h^-1,Aurelia aurita,Shimauchi2007,NA,Vanni2016,10.1002/ecy.1582,dryWeight,9850,mg
Pata_28495,28,212.92,excretionRateN,ug N-NH4+ h^-1,Aurelia aurita,Shimauchi2007,NA,Vanni2016,10.1002/ecy.1582,dryWeight,9860,mg
Pata_28496,28,176.17,excretionRateN,ug N-NH4+ h^-1,Aurelia aurita,Shimauchi2007,NA,Vanni2016,10.1002/ecy.1582,dryWeight,9950,mg
Pata_28497,20,170.33,excretionRateN,ug N-NH4+ h^-1,Aurelia aurita,Shimauchi2007,NA,Vanni2016,10.1002/ecy.1582,dryWeight,10380,mg
Pata_28498,28,233.33,excretionRateN,ug N-NH4+ h^-1,Aurelia aurita,Shimauchi2007,NA,Vanni2016,10.1002/ecy.1582,dryWeight,10800,mg
Pata_28499,20,108.5,excretionRateN,ug N-NH4+ h^-1,Aurelia aurita,Shimauchi2007,NA,Vanni2016,10.1002/ecy.1582,dryWeight,11010,mg
Pata_28500,28,176.75,excretionRateN,ug N-NH4+ h^-1,Aurelia aurita,Shimauchi2007,NA,Vanni2016,10.1002/ecy.1582,dryWeight,11220,mg
Pata_28501,28,175,excretionRateN,ug N-NH4+ h^-1,Aurelia aurita,Shimauchi2007,NA,Vanni2016,10.1002/ecy.1582,dryWeight,11860,mg
Pata_28502,28,280.58,excretionRateN,ug N-NH4+ h^-1,Aurelia aurita,Shimauchi2007,NA,Vanni2016,10.1002/ecy.1582,dryWeight,13550,mg
Pata_28503,28,391.42,excretionRateN,ug N-NH4+ h^-1,Aurelia aurita,Shimauchi2007,NA,Vanni2016,10.1002/ecy.1582,dryWeight,13660,mg
Pata_28504,28,291.67,excretionRateN,ug N-NH4+ h^-1,Aurelia aurita,Shimauchi2007,NA,Vanni2016,10.1002/ecy.1582,dryWeight,14400,mg
Pata_28505,28,333.08,excretionRateN,ug N-NH4+ h^-1,Aurelia aurita,Shimauchi2007,NA,Vanni2016,10.1002/ecy.1582,dryWeight,15030,mg
Pata_28506,20,243.83,excretionRateN,ug N-NH4+ h^-1,Aurelia aurita,Shimauchi2007,NA,Vanni2016,10.1002/ecy.1582,dryWeight,16520,mg
Pata_28507,28,565.25,excretionRateN,ug N-NH4+ h^-1,Aurelia aurita,Shimauchi2007,NA,Vanni2016,10.1002/ecy.1582,dryWeight,17580,mg
Pata_28508,20,215.25,excretionRateN,ug N-NH4+ h^-1,Aurelia aurita,Shimauchi2007,NA,Vanni2016,10.1002/ecy.1582,dryWeight,18630,mg
Pata_28509,28,508.08,excretionRateN,ug N-NH4+ h^-1,Aurelia aurita,Shimauchi2007,NA,Vanni2016,10.1002/ecy.1582,dryWeight,19480,mg
Pata_28510,20,256.67,excretionRateN,ug N-NH4+ h^-1,Aurelia aurita,Shimauchi2007,NA,Vanni2016,10.1002/ecy.1582,dryWeight,19700,mg
Pata_28511,20,345.33,excretionRateN,ug N-NH4+ h^-1,Aurelia aurita,Shimauchi2007,NA,Vanni2016,10.1002/ecy.1582,dryWeight,20970,mg
Pata_28512,20,357,excretionRateN,ug N-NH4+ h^-1,Aurelia aurita,Shimauchi2007,NA,Vanni2016,10.1002/ecy.1582,dryWeight,21600,mg
Pata_28513,20,263.08,excretionRateN,ug N-NH4+ h^-1,Aurelia aurita,Shimauchi2007,NA,Vanni2016,10.1002/ecy.1582,dryWeight,21600,mg
Pata_28514,20,348.83,excretionRateN,ug N-NH4+ h^-1,Aurelia aurita,Shimauchi2007,NA,Vanni2016,10.1002/ecy.1582,dryWeight,23080,mg
Pata_28515,28,514.5,excretionRateN,ug N-NH4+ h^-1,Aurelia aurita,Shimauchi2007,NA,Vanni2016,10.1002/ecy.1582,dryWeight,24140,mg
Pata_28516,28,578.08,excretionRateN,ug N-NH4+ h^-1,Aurelia aurita,Shimauchi2007,NA,Vanni2016,10.1002/ecy.1582,dryWeight,24460,mg
Pata_28517,28,488.83,excretionRateN,ug N-NH4+ h^-1,Aurelia aurita,Shimauchi2007,NA,Vanni2016,10.1002/ecy.1582,dryWeight,24570,mg
Pata_28518,20,397.25,excretionRateN,ug N-NH4+ h^-1,Aurelia aurita,Shimauchi2007,NA,Vanni2016,10.1002/ecy.1582,dryWeight,24990,mg
Pata_28519,28,540.75,excretionRateN,ug N-NH4+ h^-1,Aurelia aurita,Shimauchi2007,NA,Vanni2016,10.1002/ecy.1582,dryWeight,25200,mg
Pata_28520,28,478.92,excretionRateN,ug N-NH4+ h^-1,Aurelia aurita,Shimauchi2007,NA,Vanni2016,10.1002/ecy.1582,dryWeight,25410,mg
Pata_28521,28,642.25,excretionRateN,ug N-NH4+ h^-1,Aurelia aurita,Shimauchi2007,NA,Vanni2016,10.1002/ecy.1582,dryWeight,28800,mg
Pata_28522,28,408.33,excretionRateN,ug N-NH4+ h^-1,Aurelia aurita,Shimauchi2007,NA,Vanni2016,10.1002/ecy.1582,dryWeight,28800,mg
Pata_28523,28,613.67,excretionRateN,ug N-NH4+ h^-1,Aurelia aurita,Shimauchi2007,NA,Vanni2016,10.1002/ecy.1582,dryWeight,29330,mg
Pata_28524,20,548.92,excretionRateN,ug N-NH4+ h^-1,Aurelia aurita,Shimauchi2007,NA,Vanni2016,10.1002/ecy.1582,dryWeight,31980,mg
Pata_28525,28,461.42,excretionRateN,ug N-NH4+ h^-1,Aurelia aurita,Shimauchi2007,NA,Vanni2016,10.1002/ecy.1582,dryWeight,35260,mg
Pata_28526,28,675.5,excretionRateN,ug N-NH4+ h^-1,Aurelia aurita,Shimauchi2007,NA,Vanni2016,10.1002/ecy.1582,dryWeight,37060,mg
Pata_28527,28,757.75,excretionRateN,ug N-NH4+ h^-1,Aurelia aurita,Shimauchi2007,NA,Vanni2016,10.1002/ecy.1582,dryWeight,44260,mg
Pata_28528,28,793.33,excretionRateN,ug N-NH4+ h^-1,Aurelia aurita,Shimauchi2007,NA,Vanni2016,10.1002/ecy.1582,dryWeight,47650,mg
Pata_28529,28,891.92,excretionRateN,ug N-NH4+ h^-1,Aurelia aurita,Shimauchi2007,NA,Vanni2016,10.1002/ecy.1582,dryWeight,48180,mg
Pata_28530,29,25.28,excretionRateN,ug N-NH4+ h^-1,Palaemon serratus,Villeger2012a,NA,Vanni2016,10.1002/ecy.1582,dryWeight,150,mg
Pata_28531,29,37.8,excretionRateN,ug N-NH4+ h^-1,Palaemon serratus,Villeger2012a,NA,Vanni2016,10.1002/ecy.1582,dryWeight,190,mg
Pata_28532,29,53.08,excretionRateN,ug N-NH4+ h^-1,Palaemon serratus,Villeger2012a,NA,Vanni2016,10.1002/ecy.1582,dryWeight,220,mg
Pata_28533,29,57.75,excretionRateN,ug N-NH4+ h^-1,Palaemon serratus,Villeger2012a,NA,Vanni2016,10.1002/ecy.1582,dryWeight,230,mg
Pata_28534,29,76.57,excretionRateN,ug N-NH4+ h^-1,Palaemon serratus,Villeger2012a,NA,Vanni2016,10.1002/ecy.1582,dryWeight,280,mg
Pata_28535,29,100.65,excretionRateN,ug N-NH4+ h^-1,Palaemon serratus,Villeger2012a,NA,Vanni2016,10.1002/ecy.1582,dryWeight,330,mg
Pata_36813,6.15,0.100147905,excretionRateN,ug N-NH4+ h^-1,Neocalanus cristatus,Tande1982,NA,Hebert2016,10.1890/15-1275.1,dryWeight,5.75,mg
Pata_36814,5,0.18909045,excretionRateN,ug N-NH4+ h^-1,Calanus finmarchicus,Bamstedt1984; Willason1986,NA,Hebert2016,10.1890/15-1275.1,dryWeight,0.3,mg
Pata_36815,-1.8,0.142168005,excretionRateN,ug N-NH4+ h^-1,Neocalanus gracilis,Gismervik1997,NA,Hebert2016,10.1890/15-1275.1,dryWeight,0.95225,mg
Pata_36816,5,0.16948107,excretionRateN,ug N-NH4+ h^-1,Calanus hyperboreus,Bamstedt1984; Willason1986,NA,Hebert2016,10.1890/15-1275.1,dryWeight,2.32,mg
Pata_36817,NA,0.03361608,excretionRateN,ug N-NH4+ h^-1,Calanus hyperboreus,Ikeda1981,NA,Hebert2016,10.1890/15-1275.1,dryWeight,1.5,mg
Pata_36818,8.95,0.11765628,excretionRateN,ug N-NH4+ h^-1,Neocalanus plumchrus,Tande1982,NA,Hebert2016,10.1890/15-1275.1,dryWeight,0.63,mg
Pata_36820,5,0.129561975,excretionRateN,ug N-NH4+ h^-1,Aetideopsis armata,Bamstedt1984; Willason1986,NA,Hebert2016,10.1890/15-1275.1,dryWeight,0.6,mg
Pata_36821,5,0.223406865,excretionRateN,ug N-NH4+ h^-1,Paraeuchaeta norvegica,Bamstedt1984; Willason1986,NA,Hebert2016,10.1890/15-1275.1,dryWeight,3.05,mg
Pata_excl_7695,22,0.0012,excretionRateN,ug N-NH4+ h^-1,Centropages furcatus,Hessen1991,NA,Hebert2016,10.1890/15-1275.1,dryWeight,0.0197,mg
Pata_excl_7696,22,0.001,excretionRateN,ug N-NH4+ h^-1,Centropages furcatus,Hessen1991,NA,Hebert2016,10.1890/15-1275.1,dryWeight,0.0185,mg
Pata_excl_7697,22,7e-4,excretionRateN,ug N-NH4+ h^-1,Centropages furcatus,Hessen1991,NA,Hebert2016,10.1890/15-1275.1,dryWeight,0.0144,mg
Pata_excl_7698,22,0.003,excretionRateN,ug N-NH4+ h^-1,Centropages furcatus,Hessen1991,NA,Hebert2016,10.1890/15-1275.1,dryWeight,0.0169,mg
Pata_excl_7699,22,0.0026,excretionRateN,ug N-NH4+ h^-1,Centropages furcatus,Hessen1991,NA,Hebert2016,10.1890/15-1275.1,dryWeight,0.023,mg
Pata_excl_7700,22,0.005,excretionRateN,ug N-NH4+ h^-1,Centropages furcatus,Hessen1991,NA,Hebert2016,10.1890/15-1275.1,dryWeight,0.0216,mg
Pata_excl_7701,22,0.0011,excretionRateN,ug N-NH4+ h^-1,Centropages furcatus,Hessen1991,NA,Hebert2016,10.1890/15-1275.1,dryWeight,0.0308,mg
Pata_excl_7702,22,0.0047,excretionRateN,ug N-NH4+ h^-1,Centropages furcatus,Hessen1991,NA,Hebert2016,10.1890/15-1275.1,dryWeight,0.0238,mg
Pata_excl_7703,22,2e-4,excretionRateN,ug N-NH4+ h^-1,Centropages furcatus,Hessen1991,NA,Hebert2016,10.1890/15-1275.1,dryWeight,0.0219,mg
Pata_excl_7704,22,0.0019,excretionRateN,ug N-NH4+ h^-1,Centropages furcatus,Hessen1991,NA,Hebert2016,10.1890/15-1275.1,dryWeight,0.0295,mg
Pata_excl_7714,13.1,0.01,excretionRateN,ug N-NH4+ h^-1,Euphausia pacifica,IkedaDatabase,NA,Vanni2016,10.1002/ecy.1582,dryWeight,0.102,mg
Pata_excl_7715,13.1,0.016,excretionRateN,ug N-NH4+ h^-1,Euphausia pacifica,IkedaDatabase,NA,Vanni2016,10.1002/ecy.1582,dryWeight,0.118,mg
Pata_excl_7716,6.9,0.0095,excretionRateN,ug N-NH4+ h^-1,Euphausia pacifica,IkedaDatabase,NA,Vanni2016,10.1002/ecy.1582,dryWeight,0.299,mg
Pata_excl_7717,-0.5,0.0024,excretionRateN,ug N-NH4+ h^-1,Euphausia superba,IkedaDatabase,NA,Vanni2016,10.1002/ecy.1582,dryWeight,0.082,mg
Pata_excl_7718,-0.5,0.006,excretionRateN,ug N-NH4+ h^-1,Euphausia superba,IkedaDatabase,NA,Vanni2016,10.1002/ecy.1582,dryWeight,0.083,mg
Pata_excl_7719,-0.5,0.0035,excretionRateN,ug N-NH4+ h^-1,Euphausia superba,IkedaDatabase,NA,Vanni2016,10.1002/ecy.1582,dryWeight,0.089,mg
Pata_excl_7720,-0.5,0.0012,excretionRateN,ug N-NH4+ h^-1,Euphausia superba,IkedaDatabase,NA,Vanni2016,10.1002/ecy.1582,dryWeight,0.095,mg
Pata_excl_7721,-0.5,0.0034,excretionRateN,ug N-NH4+ h^-1,Euphausia superba,IkedaDatabase,NA,Vanni2016,10.1002/ecy.1582,dryWeight,0.102,mg
Pata_excl_7722,-0.5,0.0029,excretionRateN,ug N-NH4+ h^-1,Euphausia superba,IkedaDatabase,NA,Vanni2016,10.1002/ecy.1582,dryWeight,0.103,mg
Pata_excl_7723,-0.5,0.003,excretionRateN,ug N-NH4+ h^-1,Euphausia superba,IkedaDatabase,NA,Vanni2016,10.1002/ecy.1582,dryWeight,0.112,mg
Pata_excl_7724,0,0.0052,excretionRateN,ug N-NH4+ h^-1,Euphausia superba,IkedaDatabase,NA,Vanni2016,10.1002/ecy.1582,dryWeight,0.238,mg
Pata_excl_7725,0,0.007,excretionRateN,ug N-NH4+ h^-1,Euphausia superba,IkedaDatabase,NA,Vanni2016,10.1002/ecy.1582,dryWeight,0.245,mg
Pata_excl_7726,0,0.0079,excretionRateN,ug N-NH4+ h^-1,Euphausia superba,IkedaDatabase,NA,Vanni2016,10.1002/ecy.1582,dryWeight,0.25,mg
Pata_excl_7727,0,0.0054,excretionRateN,ug N-NH4+ h^-1,Euphausia superba,IkedaDatabase,NA,Vanni2016,10.1002/ecy.1582,dryWeight,0.258,mg
Pata_excl_7728,0,0.0021,excretionRateN,ug N-NH4+ h^-1,Euphausia superba,IkedaDatabase,NA,Vanni2016,10.1002/ecy.1582,dryWeight,0.268,mg
Pata_excl_7729,-0.5,0.0075,excretionRateN,ug N-NH4+ h^-1,Euphausia superba,IkedaDatabase,NA,Vanni2016,10.1002/ecy.1582,dryWeight,0.218,mg
Pata_excl_7730,-0.5,0.0057,excretionRateN,ug N-NH4+ h^-1,Euphausia superba,IkedaDatabase,NA,Vanni2016,10.1002/ecy.1582,dryWeight,0.241,mg
Pata_excl_7731,-0.5,0.0031,excretionRateN,ug N-NH4+ h^-1,Euphausia superba,IkedaDatabase,NA,Vanni2016,10.1002/ecy.1582,dryWeight,0.245,mg
Pata_excl_7732,-0.5,0.0083,excretionRateN,ug N-NH4+ h^-1,Euphausia superba,IkedaDatabase,NA,Vanni2016,10.1002/ecy.1582,dryWeight,0.25,mg
Pata_excl_7733,-0.5,0.0062,excretionRateN,ug N-NH4+ h^-1,Euphausia superba,IkedaDatabase,NA,Vanni2016,10.1002/ecy.1582,dryWeight,0.25,mg
Pata_excl_7734,-0.5,0.0095,excretionRateN,ug N-NH4+ h^-1,Euphausia superba,IkedaDatabase,NA,Vanni2016,10.1002/ecy.1582,dryWeight,0.25,mg
Pata_excl_7735,-0.5,0.008,excretionRateN,ug N-NH4+ h^-1,Euphausia superba,IkedaDatabase,NA,Vanni2016,10.1002/ecy.1582,dryWeight,0.297,mg
Pata_excl_7736,-1,0.014,excretionRateN,ug N-NH4+ h^-1,Euphausia superba,IkedaDatabase,NA,Vanni2016,10.1002/ecy.1582,dryWeight,0.436,mg
Pata_excl_7737,-1,0.0138,excretionRateN,ug N-NH4+ h^-1,Euphausia superba,IkedaDatabase,NA,Vanni2016,10.1002/ecy.1582,dryWeight,0.48,mg
Pata_excl_7738,-1,0.0076,excretionRateN,ug N-NH4+ h^-1,Euphausia superba,IkedaDatabase,NA,Vanni2016,10.1002/ecy.1582,dryWeight,0.486,mg
Pata_excl_7739,-1,0.0277,excretionRateN,ug N-NH4+ h^-1,Euphausia superba,IkedaDatabase,NA,Vanni2016,10.1002/ecy.1582,dryWeight,0.492,mg
Pata_excl_7740,-1,0.0087,excretionRateN,ug N-NH4+ h^-1,Euphausia superba,IkedaDatabase,NA,Vanni2016,10.1002/ecy.1582,dryWeight,0.538,mg
Pata_excl_7741,0.2,0.0181,excretionRateN,ug N-NH4+ h^-1,Euphausia superba,IkedaDatabase,NA,Vanni2016,10.1002/ecy.1582,dryWeight,0.37,mg
Pata_excl_7742,0.2,0.0147,excretionRateN,ug N-NH4+ h^-1,Euphausia superba,IkedaDatabase,NA,Vanni2016,10.1002/ecy.1582,dryWeight,0.378,mg
Pata_excl_7743,0.2,0.0114,excretionRateN,ug N-NH4+ h^-1,Euphausia superba,IkedaDatabase,NA,Vanni2016,10.1002/ecy.1582,dryWeight,0.39,mg
Pata_excl_7744,0.2,0.0139,excretionRateN,ug N-NH4+ h^-1,Euphausia superba,IkedaDatabase,NA,Vanni2016,10.1002/ecy.1582,dryWeight,0.418,mg
Pata_excl_7745,0.2,0.037,excretionRateN,ug N-NH4+ h^-1,Euphausia superba,IkedaDatabase,NA,Vanni2016,10.1002/ecy.1582,dryWeight,0.428,mg
Pata_excl_7746,0.2,0.0164,excretionRateN,ug N-NH4+ h^-1,Euphausia superba,IkedaDatabase,NA,Vanni2016,10.1002/ecy.1582,dryWeight,0.436,mg
Pata_excl_7747,0.2,0.0208,excretionRateN,ug N-NH4+ h^-1,Euphausia superba,IkedaDatabase,NA,Vanni2016,10.1002/ecy.1582,dryWeight,0.466,mg
Pata_excl_7748,0.2,0.0117,excretionRateN,ug N-NH4+ h^-1,Euphausia superba,IkedaDatabase,NA,Vanni2016,10.1002/ecy.1582,dryWeight,0.467,mg
Pata_excl_7749,0.1,0.0587,excretionRateN,ug N-NH4+ h^-1,Euphausia superba,IkedaDatabase,NA,Vanni2016,10.1002/ecy.1582,dryWeight,0.817,mg
Pata_excl_7750,0.1,0.0377,excretionRateN,ug N-NH4+ h^-1,Euphausia superba,IkedaDatabase,NA,Vanni2016,10.1002/ecy.1582,dryWeight,0.947,mg
Pata_excl_7751,0.1,0.0511,excretionRateN,ug N-NH4+ h^-1,Euphausia superba,IkedaDatabase,NA,Vanni2016,10.1002/ecy.1582,dryWeight,1.18,mg
Pata_excl_7752,0.1,0.0577,excretionRateN,ug N-NH4+ h^-1,Euphausia superba,IkedaDatabase,NA,Vanni2016,10.1002/ecy.1582,dryWeight,1.195,mg
Pata_excl_7753,0.1,0.0578,excretionRateN,ug N-NH4+ h^-1,Euphausia superba,IkedaDatabase,NA,Vanni2016,10.1002/ecy.1582,dryWeight,1.5,mg
Pata_excl_7754,0.1,0.061,excretionRateN,ug N-NH4+ h^-1,Euphausia superba,IkedaDatabase,NA,Vanni2016,10.1002/ecy.1582,dryWeight,1.577,mg
Pata_excl_7755,0.1,0.113,excretionRateN,ug N-NH4+ h^-1,Euphausia superba,IkedaDatabase,NA,Vanni2016,10.1002/ecy.1582,dryWeight,1.6,mg
Pata_excl_7756,0.1,0.054,excretionRateN,ug N-NH4+ h^-1,Euphausia superba,IkedaDatabase,NA,Vanni2016,10.1002/ecy.1582,dryWeight,1.65,mg
Pata_excl_7757,27,0.0138,excretionRateN,ug N-NH4+ h^-1,Mysis,IkedaDatabase,NA,Vanni2016,10.1002/ecy.1582,dryWeight,0.0099,mg
Pata_excl_7758,27,0.0211,excretionRateN,ug N-NH4+ h^-1,Mysis,IkedaDatabase,NA,Vanni2016,10.1002/ecy.1582,dryWeight,0.0104,mg
Pata_excl_7759,28.5,0.0065,excretionRateN,ug N-NH4+ h^-1,Mysis,IkedaDatabase,NA,Vanni2016,10.1002/ecy.1582,dryWeight,0.0114,mg
Pata_excl_7760,27,0.0048,excretionRateN,ug N-NH4+ h^-1,Mysis,IkedaDatabase,NA,Vanni2016,10.1002/ecy.1582,dryWeight,0.0157,mg
Pata_excl_7761,28.5,0.0175,excretionRateN,ug N-NH4+ h^-1,Mysis,IkedaDatabase,NA,Vanni2016,10.1002/ecy.1582,dryWeight,0.0159,mg
Pata_excl_7762,27,0.017,excretionRateN,ug N-NH4+ h^-1,Mysis,IkedaDatabase,NA,Vanni2016,10.1002/ecy.1582,dryWeight,0.0377,mg
Pata_excl_7763,24,0.0658,excretionRateN,ug N-NH4+ h^-1,Mysis,IkedaDatabase,NA,Vanni2016,10.1002/ecy.1582,dryWeight,0.1176,mg
Pata_excl_7764,24,0.056,excretionRateN,ug N-NH4+ h^-1,Mysis,IkedaDatabase,NA,Vanni2016,10.1002/ecy.1582,dryWeight,0.2019,mg
Pata_excl_7765,24,0.0798,excretionRateN,ug N-NH4+ h^-1,Mysis,IkedaDatabase,NA,Vanni2016,10.1002/ecy.1582,dryWeight,0.232,mg
Pata_excl_11843,-1,0.001,excretionRateN,ug N-NH4+ h^-1,Calanoides acutus,IkedaDatabase,NA,Vanni2016,10.1002/ecy.1582,dryWeight,0.153,mg
Pata_excl_11851,5,0.31515075,excretionRateN,ug N-NH4+ h^-1,Metridia longa,NA,NA,Hebert2016,10.1890/15-1275.1,dryWeight,0.4,mg
