ref_no,obsNum,primRef,primRef_URL,secRef,secRef_URL,taxa,class,life_stage,sex,BM_C,weight_unit,locality,lat,lon,source,rate_value,rate_unit,n_indiv,no_groups,n_measurements_sampled,rate_name,data_type,rate_error,rate_error_type,temp_C,weight_calc,depth_m,depth_min,depth_max,food_type,food_conc,food_conc_unit,method,treatment,sourceNotes,verbatimComments,comments
Pata_excl_284,1,Reeve1975b,NA,McConville2017,10.1093/plankt/fbw094,Ferosagitta hispida,Sagittoidea,NA,NA,9.8e-4,mg,NA,NA,NA,literature,0.010416666666666666,mgC/hr,NA,NA,NA,GrowthRate,NA,NA,NA,21,NA,NA,NA,NA,NA,NA,NA,NA,NA,NA,Used average value for genus Sagitta from Kiorboe composition,NA
Pata_excl_292,2,Reeve1975b,NA,McConville2017,10.1093/plankt/fbw094,Ferosagitta hispida,Sagittoidea,NA,NA,0.1567,mg,NA,NA,NA,literature,0.003458333,mgC/hr,NA,NA,NA,GrowthRate,NA,NA,NA,21,NA,NA,NA,NA,NA,NA,NA,NA,NA,NA,Used average value for genus Sagitta from Kiorboe composition,NA
Pata_excl_295,3,Reeve1975b,NA,McConville2017,10.1093/plankt/fbw094,Ferosagitta hispida,Sagittoidea,NA,NA,0.23842,mg,NA,NA,NA,literature,0.001833333,mgC/hr,NA,NA,NA,GrowthRate,NA,NA,NA,21,NA,NA,NA,NA,NA,NA,NA,NA,NA,NA,Used average value for genus Sagitta from Kiorboe composition,NA
Pata_excl_298,4,Reeve1975b,NA,McConville2017,10.1093/plankt/fbw094,Ferosagitta hispida,Sagittoidea,NA,NA,9.8e-4,mg,NA,NA,NA,literature,0.014583333333333332,mgC/hr,NA,NA,NA,GrowthRate,NA,NA,NA,26,NA,NA,NA,NA,NA,NA,NA,NA,NA,NA,Used average value for genus Sagitta from Kiorboe composition,NA
Pata_excl_306,5,Reeve1975b,NA,McConville2017,10.1093/plankt/fbw094,Ferosagitta hispida,Sagittoidea,NA,NA,0.1567,mg,NA,NA,NA,literature,0.003083333,mgC/hr,NA,NA,NA,GrowthRate,NA,NA,NA,26,NA,NA,NA,NA,NA,NA,NA,NA,NA,NA,Used average value for genus Sagitta from Kiorboe composition,NA
Pata_excl_309,6,Reeve1975b,NA,McConville2017,10.1093/plankt/fbw094,Ferosagitta hispida,Sagittoidea,NA,NA,0.23842,mg,NA,NA,NA,literature,2.916666666666667e-4,mgC/hr,NA,NA,NA,GrowthRate,NA,NA,NA,26,NA,NA,NA,NA,NA,NA,NA,NA,NA,NA,Used average value for genus Sagitta from Kiorboe composition,NA
Pata_excl_312,7,Reeve1975b,NA,McConville2017,10.1093/plankt/fbw094,Ferosagitta hispida,Sagittoidea,NA,NA,9.8e-4,mg,NA,NA,NA,literature,0.017083333333333332,mgC/hr,NA,NA,NA,GrowthRate,NA,NA,NA,31,NA,NA,NA,NA,NA,NA,NA,NA,NA,NA,Used average value for genus Sagitta from Kiorboe composition,NA
Pata_excl_319,8,Reeve1975b,NA,McConville2017,10.1093/plankt/fbw094,Ferosagitta hispida,Sagittoidea,NA,NA,0.09788,mg,NA,NA,NA,literature,0.004583333,mgC/hr,NA,NA,NA,GrowthRate,NA,NA,NA,31,NA,NA,NA,NA,NA,NA,NA,NA,NA,NA,Used average value for genus Sagitta from Kiorboe composition,NA
Pata_excl_322,9,Reeve1975b,NA,McConville2017,10.1093/plankt/fbw094,Ferosagitta hispida,Sagittoidea,NA,NA,0.1567,mg,NA,NA,NA,literature,0.001708333,mgC/hr,NA,NA,NA,GrowthRate,NA,NA,NA,31,NA,NA,NA,NA,NA,NA,NA,NA,NA,NA,Used average value for genus Sagitta from Kiorboe composition,NA
Pata_excl_325,10,Reeve1970b,NA,McConville2017,10.1093/plankt/fbw094,Ferosagitta hispida,Sagittoidea,NA,NA,0.0278,mg,NA,NA,NA,literature,0.003291667,mgC/hr,NA,NA,NA,GrowthRate,NA,NA,NA,16,NA,NA,NA,NA,NA,NA,NA,NA,NA,NA,Used average value for genus Sagitta from Kiorboe composition,NA
Pata_excl_328,11,Reeve1970b,NA,McConville2017,10.1093/plankt/fbw094,Ferosagitta hispida,Sagittoidea,NA,NA,0.013,mg,NA,NA,NA,literature,0.005125,mgC/hr,NA,NA,NA,GrowthRate,NA,NA,NA,21,NA,NA,NA,NA,NA,NA,NA,NA,NA,NA,Used average value for genus Sagitta from Kiorboe composition,NA
Pata_excl_331,12,Reeve1970b,NA,McConville2017,10.1093/plankt/fbw094,Ferosagitta hispida,Sagittoidea,NA,NA,0.0368,mg,NA,NA,NA,literature,0.005625,mgC/hr,NA,NA,NA,GrowthRate,NA,NA,NA,21,NA,NA,NA,NA,NA,NA,NA,NA,NA,NA,Used average value for genus Sagitta from Kiorboe composition,NA
Pata_excl_334,13,Reeve1970b,NA,McConville2017,10.1093/plankt/fbw094,Ferosagitta hispida,Sagittoidea,NA,NA,0.0381,mg,NA,NA,NA,literature,8.333333333333333e-5,mgC/hr,NA,NA,NA,GrowthRate,NA,NA,NA,26,NA,NA,NA,NA,NA,NA,NA,NA,NA,NA,Used average value for genus Sagitta from Kiorboe composition,NA
Pata_excl_337,14,Reeve1970b,NA,McConville2017,10.1093/plankt/fbw094,Ferosagitta hispida,Sagittoidea,NA,NA,0.0335,mg,NA,NA,NA,literature,0.004916667,mgC/hr,NA,NA,NA,GrowthRate,NA,NA,NA,26,NA,NA,NA,NA,NA,NA,NA,NA,NA,NA,Used average value for genus Sagitta from Kiorboe composition,NA
Pata_excl_340,3,Klein1982b,NA,McConville2017,10.1093/plankt/fbw094,Acartia (Acartiura) clausi,Copepoda,NA,NA,1.32e-4,mg,NA,NA,NA,literature,0.010333333333333333,mgC/hr,NA,NA,NA,GrowthRate,NA,NA,NA,15,NA,NA,NA,NA,NA,NA,NA,NA,NA,NA,"Nauplii, calanoid cvol",NA
Pata_excl_343,4,Klein1982b,NA,McConville2017,10.1093/plankt/fbw094,Acartia (Acartiura) clausi,Copepoda,NA,NA,0.001131,mg,NA,NA,NA,literature,0.012833333333333334,mgC/hr,NA,NA,NA,GrowthRate,NA,NA,NA,15,NA,NA,NA,NA,NA,NA,NA,NA,NA,NA,"Copepodites, calanoid cvol",NA
Pata_excl_346,2,Berggreen1988,NA,McConville2017,10.1093/plankt/fbw094,Acartia (Acanthacartia) tonsa,Copepoda,NA,NA,2.1e-4,mg,NA,NA,NA,literature,0.01875,mgC/hr,NA,NA,NA,GrowthRate,NA,NA,NA,17,NA,NA,NA,NA,NA,NA,NA,NA,NA,NA,"All, calanoid cvol",NA
Pata_excl_349,4,Kimmerer1987b,NA,McConville2017,10.1093/plankt/fbw094,Acartia (Acartiura) tranteri,Copepoda,NA,NA,6e-4,mg,NA,NA,NA,literature,0.005583333,mgC/hr,NA,NA,NA,GrowthRate,NA,NA,NA,12.2,NA,NA,NA,NA,NA,NA,NA,NA,NA,NA,"Copepepodite, calanoid cvol",NA
Pata_excl_352,5,Kimmerer1987b,NA,McConville2017,10.1093/plankt/fbw094,Acartia (Acartiura) tranteri,Copepoda,NA,NA,6e-4,mg,NA,NA,NA,literature,0.008583333,mgC/hr,NA,NA,NA,GrowthRate,NA,NA,NA,15.8,NA,NA,NA,NA,NA,NA,NA,NA,NA,NA,"Copepepodite, calanoid cvol",NA
Pata_excl_355,6,Kimmerer1987b,NA,McConville2017,10.1093/plankt/fbw094,Acartia (Acartiura) tranteri,Copepoda,NA,NA,6e-4,mg,NA,NA,NA,literature,0.01275,mgC/hr,NA,NA,NA,GrowthRate,NA,NA,NA,20.8,NA,NA,NA,NA,NA,NA,NA,NA,NA,NA,"Copepepodite, calanoid cvol",NA
Pata_excl_358,3,Escribano,NA,McConville2017,10.1093/plankt/fbw094,Calanus chilensis,Copepoda,NA,NA,0.00399,mg,NA,NA,NA,literature,0.00575,mgC/hr,NA,NA,NA,GrowthRate,NA,NA,NA,13,NA,NA,NA,NA,NA,NA,NA,NA,NA,NA,"Copepodites, calanus cvol",NA
Pata_excl_361,4,Escribano,NA,McConville2017,10.1093/plankt/fbw094,Calanus chilensis,Copepoda,NA,NA,0.00399,mg,NA,NA,NA,literature,0.006583333,mgC/hr,NA,NA,NA,GrowthRate,NA,NA,NA,18,NA,NA,NA,NA,NA,NA,NA,NA,NA,NA,"Copepodites, calanus cvol",NA
Pata_excl_364,3,Campbell200,NA,McConville2017,10.1093/plankt/fbw094,Calanus finmarchicus,Copepoda,NA,NA,4.7e-4,mg,NA,NA,NA,literature,0.010458333333333333,mgC/hr,NA,NA,NA,GrowthRate,NA,NA,NA,8,NA,NA,NA,NA,NA,NA,NA,NA,NA,NA,Nauplii,NA
Pata_excl_367,4,Campbell200,NA,McConville2017,10.1093/plankt/fbw094,Calanus finmarchicus,Copepoda,NA,NA,0.0255,mg,NA,NA,NA,literature,0.00825,mgC/hr,NA,NA,NA,GrowthRate,NA,NA,NA,8,NA,NA,NA,NA,NA,NA,NA,NA,NA,NA,Copepodites,NA
Pata_excl_370,3,Escribano1992b,NA,McConville2017,10.1093/plankt/fbw094,Calanus glacialis,Copepoda,NA,NA,0.0656,mg,NA,NA,NA,literature,0.001916667,mgC/hr,NA,NA,NA,GrowthRate,NA,NA,NA,10,NA,NA,NA,NA,NA,NA,NA,NA,NA,NA,"CIII-Adult, calanus cvol",NA
Pata_excl_373,4,Escribano1992b,NA,McConville2017,10.1093/plankt/fbw094,Calanus glacialis,Copepoda,NA,NA,0.0594,mg,NA,NA,NA,literature,0.002208333,mgC/hr,NA,NA,NA,GrowthRate,NA,NA,NA,3,NA,NA,NA,NA,NA,NA,NA,NA,NA,NA,"CIII-Adult, calanus cvol",NA
Pata_excl_376,6,Paffenhofer1976,NA,McConville2017,10.1093/plankt/fbw094,Calanus helgolandicus,Copepoda,NA,NA,6.69e-4,mg,NA,NA,NA,literature,0.017083333333333332,mgC/hr,NA,NA,NA,GrowthRate,NA,NA,NA,15,NA,NA,NA,NA,NA,NA,NA,NA,NA,NA,Nauplii,NA
Pata_excl_380,7,Paffenhofer1976,NA,McConville2017,10.1093/plankt/fbw094,Calanus helgolandicus,Copepoda,NA,NA,0.014607,mg,NA,NA,NA,literature,0.01375,mgC/hr,NA,NA,NA,GrowthRate,NA,NA,NA,15,NA,NA,NA,NA,NA,NA,NA,NA,NA,NA,Copepodite,NA
Pata_excl_383,8,Paffenhofer1976,NA,McConville2017,10.1093/plankt/fbw094,Calanus helgolandicus,Copepoda,NA,NA,0.015624,mg,NA,NA,NA,literature,0.008125,mgC/hr,NA,NA,NA,GrowthRate,NA,NA,NA,15,NA,NA,NA,NA,NA,NA,NA,NA,NA,NA,Copepodite,NA
Pata_excl_386,9,Paffenhofer1976,NA,McConville2017,10.1093/plankt/fbw094,Calanus helgolandicus,Copepoda,NA,NA,0.032946,mg,NA,NA,NA,literature,0.008333333,mgC/hr,NA,NA,NA,GrowthRate,NA,NA,NA,15,NA,NA,NA,NA,NA,NA,NA,NA,NA,NA,Copepodite,NA
Pata_excl_389,4,Peterson1986b,NA,McConville2017,10.1093/plankt/fbw094,Calanus marshallae,Copepoda,NA,NA,4e-4,mg,NA,NA,NA,literature,0.002083333,mgC/hr,NA,NA,NA,GrowthRate,NA,NA,NA,10,NA,NA,NA,NA,NA,NA,NA,NA,NA,NA,"egg-NIV, calanus cvol",NA
Pata_excl_392,5,Peterson1986b,NA,McConville2017,10.1093/plankt/fbw094,Calanus marshallae,Copepoda,NA,NA,0.008,mg,NA,NA,NA,literature,0.007333333,mgC/hr,NA,NA,NA,GrowthRate,NA,NA,NA,10,NA,NA,NA,NA,NA,NA,NA,NA,NA,NA,"NV-CV, calanus cvol",NA
Pata_excl_395,6,Peterson1986b,NA,McConville2017,10.1093/plankt/fbw094,Calanus marshallae,Copepoda,NA,NA,0.1,mg,NA,NA,NA,literature,0.001,mgC/hr,NA,NA,NA,GrowthRate,NA,NA,NA,10,NA,NA,NA,NA,NA,NA,NA,NA,NA,NA,"CV-Female, calanus cvol",NA
Pata_excl_398,13,Vidal1980b,NA,McConville2017,10.1093/plankt/fbw094,Calanus pacificus,Copepoda,NA,NA,0.0036,mg,NA,NA,NA,literature,0.017187499999999998,mgC/hr,NA,NA,NA,GrowthRate,NA,NA,NA,15.5,NA,NA,NA,NA,NA,NA,NA,NA,NA,NA,Copepodite,NA
Pata_excl_401,14,Vidal1980b,NA,McConville2017,10.1093/plankt/fbw094,Calanus pacificus,Copepoda,NA,NA,0.0088,mg,NA,NA,NA,literature,0.014779166666666668,mgC/hr,NA,NA,NA,GrowthRate,NA,NA,NA,15.5,NA,NA,NA,NA,NA,NA,NA,NA,NA,NA,Copepodite,NA
Pata_excl_404,15,Vidal1980b,NA,McConville2017,10.1093/plankt/fbw094,Calanus pacificus,Copepoda,NA,NA,0.024,mg,NA,NA,NA,literature,0.011554166666666666,mgC/hr,NA,NA,NA,GrowthRate,NA,NA,NA,15.5,NA,NA,NA,NA,NA,NA,NA,NA,NA,NA,Copepodite,NA
Pata_excl_407,16,Vidal1980b,NA,McConville2017,10.1093/plankt/fbw094,Calanus pacificus,Copepoda,NA,NA,0.056,mg,NA,NA,NA,literature,0.0061875,mgC/hr,NA,NA,NA,GrowthRate,NA,NA,NA,15.5,NA,NA,NA,NA,NA,NA,NA,NA,NA,NA,Copepodite,NA
Pata_excl_410,17,Vidal1980b,NA,McConville2017,10.1093/plankt/fbw094,Calanus pacificus,Copepoda,NA,NA,0.0036,mg,NA,NA,NA,literature,0.0139125,mgC/hr,NA,NA,NA,GrowthRate,NA,NA,NA,12,NA,NA,NA,NA,NA,NA,NA,NA,NA,NA,Copepodite,NA
Pata_excl_413,18,Vidal1980b,NA,McConville2017,10.1093/plankt/fbw094,Calanus pacificus,Copepoda,NA,NA,0.0088,mg,NA,NA,NA,literature,0.012150000000000001,mgC/hr,NA,NA,NA,GrowthRate,NA,NA,NA,12,NA,NA,NA,NA,NA,NA,NA,NA,NA,NA,Copepodite,NA
Pata_excl_416,19,Vidal1980b,NA,McConville2017,10.1093/plankt/fbw094,Calanus pacificus,Copepoda,NA,NA,0.024,mg,NA,NA,NA,literature,0.009141667,mgC/hr,NA,NA,NA,GrowthRate,NA,NA,NA,12,NA,NA,NA,NA,NA,NA,NA,NA,NA,NA,Copepodite,NA
Pata_excl_419,20,Vidal1980b,NA,McConville2017,10.1093/plankt/fbw094,Calanus pacificus,Copepoda,NA,NA,0.056,mg,NA,NA,NA,literature,0.00545,mgC/hr,NA,NA,NA,GrowthRate,NA,NA,NA,12,NA,NA,NA,NA,NA,NA,NA,NA,NA,NA,Copepodite,NA
Pata_excl_422,21,Vidal1980b,NA,McConville2017,10.1093/plankt/fbw094,Calanus pacificus,Copepoda,NA,NA,0.0036,mg,NA,NA,NA,literature,0.007829167,mgC/hr,NA,NA,NA,GrowthRate,NA,NA,NA,8,NA,NA,NA,NA,NA,NA,NA,NA,NA,NA,Copepodite,NA
Pata_excl_425,22,Vidal1980b,NA,McConville2017,10.1093/plankt/fbw094,Calanus pacificus,Copepoda,NA,NA,0.0088,mg,NA,NA,NA,literature,0.007120833,mgC/hr,NA,NA,NA,GrowthRate,NA,NA,NA,8,NA,NA,NA,NA,NA,NA,NA,NA,NA,NA,Copepodite,NA
Pata_excl_428,23,Vidal1980b,NA,McConville2017,10.1093/plankt/fbw094,Calanus pacificus,Copepoda,NA,NA,0.024,mg,NA,NA,NA,literature,0.006829167,mgC/hr,NA,NA,NA,GrowthRate,NA,NA,NA,8,NA,NA,NA,NA,NA,NA,NA,NA,NA,NA,Copepodite,NA
Pata_excl_431,24,Vidal1980b,NA,McConville2017,10.1093/plankt/fbw094,Calanus pacificus,Copepoda,NA,NA,0.056,mg,NA,NA,NA,literature,0.004933333,mgC/hr,NA,NA,NA,GrowthRate,NA,NA,NA,8,NA,NA,NA,NA,NA,NA,NA,NA,NA,NA,Copepodite,NA
Pata_excl_434,21,Uye1988b,NA,McConville2017,10.1093/plankt/fbw094,Calanus sinicus,Copepoda,NA,NA,4.47e-4,mg,NA,NA,NA,literature,0.009,mgC/hr,NA,NA,NA,GrowthRate,NA,NA,NA,10.3,NA,NA,NA,NA,NA,NA,NA,NA,NA,NA,"Nauplii, calanus cvol",NA
Pata_excl_437,22,Uye1988b,NA,McConville2017,10.1093/plankt/fbw094,Calanus sinicus,Copepoda,NA,NA,4.47e-4,mg,NA,NA,NA,literature,0.01275,mgC/hr,NA,NA,NA,GrowthRate,NA,NA,NA,13,NA,NA,NA,NA,NA,NA,NA,NA,NA,NA,"Nauplii, calanus cvol",NA
Pata_excl_440,23,Uye1988b,NA,McConville2017,10.1093/plankt/fbw094,Calanus sinicus,Copepoda,NA,NA,4.47e-4,mg,NA,NA,NA,literature,0.015833333333333335,mgC/hr,NA,NA,NA,GrowthRate,NA,NA,NA,15,NA,NA,NA,NA,NA,NA,NA,NA,NA,NA,"Nauplii, calanus cvol",NA
Pata_excl_443,24,Uye1988b,NA,McConville2017,10.1093/plankt/fbw094,Calanus sinicus,Copepoda,NA,NA,4.47e-4,mg,NA,NA,NA,literature,0.020041666666666666,mgC/hr,NA,NA,NA,GrowthRate,NA,NA,NA,17.5,NA,NA,NA,NA,NA,NA,NA,NA,NA,NA,"Nauplii, calanus cvol",NA
Pata_excl_446,25,Uye1988b,NA,McConville2017,10.1093/plankt/fbw094,Calanus sinicus,Copepoda,NA,NA,4.47e-4,mg,NA,NA,NA,literature,0.024999999999999998,mgC/hr,NA,NA,NA,GrowthRate,NA,NA,NA,20.2,NA,NA,NA,NA,NA,NA,NA,NA,NA,NA,"Nauplii, calanus cvol",NA
Pata_excl_449,26,Uye1988b,NA,McConville2017,10.1093/plankt/fbw094,Calanus sinicus,Copepoda,NA,NA,0.001975,mg,NA,NA,NA,literature,0.022625000000000003,mgC/hr,NA,NA,NA,GrowthRate,NA,NA,NA,10.3,NA,NA,NA,NA,NA,NA,NA,NA,NA,NA,"CI and CII, calanus cvol",NA
Pata_excl_452,27,Uye1988b,NA,McConville2017,10.1093/plankt/fbw094,Calanus sinicus,Copepoda,NA,NA,0.001975,mg,NA,NA,NA,literature,0.03075,mgC/hr,NA,NA,NA,GrowthRate,NA,NA,NA,13,NA,NA,NA,NA,NA,NA,NA,NA,NA,NA,"CI and CII, calanus cvol",NA
Pata_excl_455,28,Uye1988b,NA,McConville2017,10.1093/plankt/fbw094,Calanus sinicus,Copepoda,NA,NA,0.001975,mg,NA,NA,NA,literature,0.037166667,mgC/hr,NA,NA,NA,GrowthRate,NA,NA,NA,15,NA,NA,NA,NA,NA,NA,NA,NA,NA,NA,"CI and CII, calanus cvol",NA
Pata_excl_458,29,Uye1988b,NA,McConville2017,10.1093/plankt/fbw094,Calanus sinicus,Copepoda,NA,NA,0.001975,mg,NA,NA,NA,literature,0.045833333,mgC/hr,NA,NA,NA,GrowthRate,NA,NA,NA,17.5,NA,NA,NA,NA,NA,NA,NA,NA,NA,NA,"CI and CII, calanus cvol",NA
Pata_excl_461,30,Uye1988b,NA,McConville2017,10.1093/plankt/fbw094,Calanus sinicus,Copepoda,NA,NA,0.001975,mg,NA,NA,NA,literature,0.055333333,mgC/hr,NA,NA,NA,GrowthRate,NA,NA,NA,20.2,NA,NA,NA,NA,NA,NA,NA,NA,NA,NA,"CI and CII, calanus cvol",NA
Pata_excl_464,31,Uye1988b,NA,McConville2017,10.1093/plankt/fbw094,Calanus sinicus,Copepoda,NA,NA,0.007746,mg,NA,NA,NA,literature,0.012875,mgC/hr,NA,NA,NA,GrowthRate,NA,NA,NA,10.3,NA,NA,NA,NA,NA,NA,NA,NA,NA,NA,"CIII and CIV, calanus cvol",NA
Pata_excl_467,32,Uye1988b,NA,McConville2017,10.1093/plankt/fbw094,Calanus sinicus,Copepoda,NA,NA,0.007746,mg,NA,NA,NA,literature,0.016,mgC/hr,NA,NA,NA,GrowthRate,NA,NA,NA,13,NA,NA,NA,NA,NA,NA,NA,NA,NA,NA,"CIII and CIV, calanus cvol",NA
Pata_excl_470,33,Uye1988b,NA,McConville2017,10.1093/plankt/fbw094,Calanus sinicus,Copepoda,NA,NA,0.007746,mg,NA,NA,NA,literature,0.018291666666666668,mgC/hr,NA,NA,NA,GrowthRate,NA,NA,NA,15,NA,NA,NA,NA,NA,NA,NA,NA,NA,NA,"CIII and CIV, calanus cvol",NA
Pata_excl_473,34,Uye1988b,NA,McConville2017,10.1093/plankt/fbw094,Calanus sinicus,Copepoda,NA,NA,0.007746,mg,NA,NA,NA,literature,0.021166666666666667,mgC/hr,NA,NA,NA,GrowthRate,NA,NA,NA,17.5,NA,NA,NA,NA,NA,NA,NA,NA,NA,NA,"CIII and CIV, calanus cvol",NA
Pata_excl_476,35,Uye1988b,NA,McConville2017,10.1093/plankt/fbw094,Calanus sinicus,Copepoda,NA,NA,0.007746,mg,NA,NA,NA,literature,0.024249999999999997,mgC/hr,NA,NA,NA,GrowthRate,NA,NA,NA,20.2,NA,NA,NA,NA,NA,NA,NA,NA,NA,NA,"CIII and CIV, calanus cvol",NA
Pata_excl_479,36,Uye1988b,NA,McConville2017,10.1093/plankt/fbw094,Calanus sinicus,Copepoda,NA,NA,0.03,mg,NA,NA,NA,literature,0.003625,mgC/hr,NA,NA,NA,GrowthRate,NA,NA,NA,10.3,NA,NA,NA,NA,NA,NA,NA,NA,NA,NA,"CV, calanus cvol",NA
Pata_excl_482,37,Uye1988b,NA,McConville2017,10.1093/plankt/fbw094,Calanus sinicus,Copepoda,NA,NA,0.03,mg,NA,NA,NA,literature,0.004791667,mgC/hr,NA,NA,NA,GrowthRate,NA,NA,NA,13,NA,NA,NA,NA,NA,NA,NA,NA,NA,NA,"CV, calanus cvol",NA
Pata_excl_485,38,Uye1988b,NA,McConville2017,10.1093/plankt/fbw094,Calanus sinicus,Copepoda,NA,NA,0.03,mg,NA,NA,NA,literature,0.005708333,mgC/hr,NA,NA,NA,GrowthRate,NA,NA,NA,15,NA,NA,NA,NA,NA,NA,NA,NA,NA,NA,"CV, calanus cvol",NA
Pata_excl_488,39,Uye1988b,NA,McConville2017,10.1093/plankt/fbw094,Calanus sinicus,Copepoda,NA,NA,0.03,mg,NA,NA,NA,literature,0.006916667,mgC/hr,NA,NA,NA,GrowthRate,NA,NA,NA,17.5,NA,NA,NA,NA,NA,NA,NA,NA,NA,NA,"CV, calanus cvol",NA
Pata_excl_491,40,Uye1988b,NA,McConville2017,10.1093/plankt/fbw094,Calanus sinicus,Copepoda,NA,NA,0.03,mg,NA,NA,NA,literature,0.008291667,mgC/hr,NA,NA,NA,GrowthRate,NA,NA,NA,20.2,NA,NA,NA,NA,NA,NA,NA,NA,NA,NA,"CV, calanus cvol",NA
Pata_excl_494,5,Fryd1991b,NA,McConville2017,10.1093/plankt/fbw094,Centropages hamatus,Copepoda,NA,NA,1.79e-4,mg,NA,NA,NA,literature,0.011000000000000001,mgC/hr,NA,NA,NA,GrowthRate,NA,NA,NA,17,NA,NA,NA,NA,NA,NA,NA,NA,NA,NA,"Nauplii, calanoid cvol",NA
Pata_excl_497,6,Fryd1991b,NA,McConville2017,10.1093/plankt/fbw094,Centropages hamatus,Copepoda,NA,NA,0.001549,mg,NA,NA,NA,literature,0.011999999999999999,mgC/hr,NA,NA,NA,GrowthRate,NA,NA,NA,17,NA,NA,NA,NA,NA,NA,NA,NA,NA,NA,"Copepodites, calanoid cvol",NA
Pata_excl_500,7,Klein1982b,NA,McConville2017,10.1093/plankt/fbw094,Centropages hamatus,Copepoda,NA,NA,1.79e-4,mg,NA,NA,NA,literature,0.011749999999999998,mgC/hr,NA,NA,NA,GrowthRate,NA,NA,NA,15,NA,NA,NA,NA,NA,NA,NA,NA,NA,NA,"Nauplii, calanoid cvol",NA
Pata_excl_503,8,Klein1982b,NA,McConville2017,10.1093/plankt/fbw094,Centropages hamatus,Copepoda,NA,NA,0.002055,mg,NA,NA,NA,literature,0.013958333333333335,mgC/hr,NA,NA,NA,GrowthRate,NA,NA,NA,15,NA,NA,NA,NA,NA,NA,NA,NA,NA,NA,"Copepodites, calanoid cvol",NA
Pata_excl_506,3,Fryd1991b,NA,McConville2017,10.1093/plankt/fbw094,Centropages typicus,Copepoda,NA,NA,1.79e-4,mg,NA,NA,NA,literature,0.014374999999999999,mgC/hr,NA,NA,NA,GrowthRate,NA,NA,NA,17,NA,NA,NA,NA,NA,NA,NA,NA,NA,NA,"Nauplii, calanoid cvol",NA
Pata_excl_509,4,Fryd1991b,NA,McConville2017,10.1093/plankt/fbw094,Centropages typicus,Copepoda,NA,NA,0.001661,mg,NA,NA,NA,literature,0.015666666666666666,mgC/hr,NA,NA,NA,GrowthRate,NA,NA,NA,17,NA,NA,NA,NA,NA,NA,NA,NA,NA,NA,"Copepodites, calanoid cvol",NA
Pata_excl_512,6,Heinle1975b,NA,McConville2017,10.1093/plankt/fbw094,Eurytemora affinis affinis,Copepoda,NA,NA,3.76e-4,mg,NA,NA,NA,literature,0.002458333,mgC/hr,NA,NA,NA,GrowthRate,NA,NA,NA,5.5,NA,NA,NA,NA,NA,NA,NA,NA,NA,NA,"All, calanoid cvol",NA
Pata_excl_515,7,Heinle1975b,NA,McConville2017,10.1093/plankt/fbw094,Eurytemora affinis affinis,Copepoda,NA,NA,3.61e-4,mg,NA,NA,NA,literature,0.005375,mgC/hr,NA,NA,NA,GrowthRate,NA,NA,NA,10,NA,NA,NA,NA,NA,NA,NA,NA,NA,NA,"All, calanoid cvol",NA
Pata_excl_518,8,Heinle1975b,NA,McConville2017,10.1093/plankt/fbw094,Eurytemora affinis affinis,Copepoda,NA,NA,3.47e-4,mg,NA,NA,NA,literature,0.010541666666666666,mgC/hr,NA,NA,NA,GrowthRate,NA,NA,NA,15,NA,NA,NA,NA,NA,NA,NA,NA,NA,NA,"All, calanoid cvol",NA
Pata_excl_521,9,Heinle1975b,NA,McConville2017,10.1093/plankt/fbw094,Eurytemora affinis affinis,Copepoda,NA,NA,2.95e-4,mg,NA,NA,NA,literature,0.011583333333333334,mgC/hr,NA,NA,NA,GrowthRate,NA,NA,NA,20,NA,NA,NA,NA,NA,NA,NA,NA,NA,NA,"All, calanoid cvol",NA
Pata_excl_524,10,Heinle1975b,NA,McConville2017,10.1093/plankt/fbw094,Eurytemora affinis affinis,Copepoda,NA,NA,2.7e-4,mg,NA,NA,NA,literature,0.015083333333333332,mgC/hr,NA,NA,NA,GrowthRate,NA,NA,NA,25,NA,NA,NA,NA,NA,NA,NA,NA,NA,NA,"All, calanoid cvol",NA
Pata_excl_527,1,Escribano1992b,NA,McConville2017,10.1093/plankt/fbw094,Eurytemora herdmani,Copepoda,NA,NA,0.00109,mg,NA,NA,NA,literature,0.008708333,mgC/hr,NA,NA,NA,GrowthRate,NA,NA,NA,10,NA,NA,NA,NA,NA,NA,NA,NA,NA,NA,"CI-Adult, calanoid cvol",NA
Pata_excl_530,2,Escribano1992b,NA,McConville2017,10.1093/plankt/fbw094,Eurytemora herdmani,Copepoda,NA,NA,0.00296,mg,NA,NA,NA,literature,0.002291667,mgC/hr,NA,NA,NA,GrowthRate,NA,NA,NA,3,NA,NA,NA,NA,NA,NA,NA,NA,NA,NA,"CI-Adult, calanoid cvol",NA
Pata_excl_533,3,Escribano1992b,NA,McConville2017,10.1093/plankt/fbw094,Eurytemora herdmani,Copepoda,NA,NA,7.47e-4,mg,NA,NA,NA,literature,0.00375,mgC/hr,NA,NA,NA,GrowthRate,NA,NA,NA,3,NA,NA,NA,NA,NA,NA,NA,NA,NA,NA,"CI-Adult, calanoid cvol",NA
Pata_excl_536,21,Senjie1989b,NA,McConville2017,10.1093/plankt/fbw094,Labidocera euchaeta,Copepoda,NA,NA,5e-4,mg,NA,NA,NA,literature,0.004458333,mgC/hr,NA,NA,NA,GrowthRate,NA,NA,NA,15,NA,NA,NA,NA,NA,NA,NA,NA,NA,NA,"Copepodite, used Labidocera acutifrons cvol",NA
Pata_excl_539,22,Senjie1989b,NA,McConville2017,10.1093/plankt/fbw094,Labidocera euchaeta,Copepoda,NA,NA,0.0016,mg,NA,NA,NA,literature,0.007333333,mgC/hr,NA,NA,NA,GrowthRate,NA,NA,NA,15,NA,NA,NA,NA,NA,NA,NA,NA,NA,NA,"Copepodite, used Labidocera acutifrons cvol",NA
Pata_excl_542,23,Senjie1989b,NA,McConville2017,10.1093/plankt/fbw094,Labidocera euchaeta,Copepoda,NA,NA,0.0132,mg,NA,NA,NA,literature,0.00475,mgC/hr,NA,NA,NA,GrowthRate,NA,NA,NA,15,NA,NA,NA,NA,NA,NA,NA,NA,NA,NA,"Copepodite, used Labidocera acutifrons cvol",NA
Pata_excl_545,24,Senjie1989b,NA,McConville2017,10.1093/plankt/fbw094,Labidocera euchaeta,Copepoda,NA,NA,0.002,mg,NA,NA,NA,literature,0.009083333,mgC/hr,NA,NA,NA,GrowthRate,NA,NA,NA,15,NA,NA,NA,NA,NA,NA,NA,NA,NA,NA,"Copepodite, used Labidocera acutifrons cvol",NA
Pata_excl_548,25,Senjie1989b,NA,McConville2017,10.1093/plankt/fbw094,Labidocera euchaeta,Copepoda,NA,NA,0.0108,mg,NA,NA,NA,literature,0.004291667,mgC/hr,NA,NA,NA,GrowthRate,NA,NA,NA,15,NA,NA,NA,NA,NA,NA,NA,NA,NA,NA,"Copepodite, used Labidocera acutifrons cvol",NA
Pata_excl_551,26,Senjie1989b,NA,McConville2017,10.1093/plankt/fbw094,Labidocera euchaeta,Copepoda,NA,NA,5e-4,mg,NA,NA,NA,literature,0.006708333,mgC/hr,NA,NA,NA,GrowthRate,NA,NA,NA,20,NA,NA,NA,NA,NA,NA,NA,NA,NA,NA,"Copepodite, used Labidocera acutifrons cvol",NA
Pata_excl_554,27,Senjie1989b,NA,McConville2017,10.1093/plankt/fbw094,Labidocera euchaeta,Copepoda,NA,NA,0.0016,mg,NA,NA,NA,literature,0.012374999999999999,mgC/hr,NA,NA,NA,GrowthRate,NA,NA,NA,20,NA,NA,NA,NA,NA,NA,NA,NA,NA,NA,"Copepodite, used Labidocera acutifrons cvol",NA
Pata_excl_557,28,Senjie1989b,NA,McConville2017,10.1093/plankt/fbw094,Labidocera euchaeta,Copepoda,NA,NA,0.0132,mg,NA,NA,NA,literature,0.007416667,mgC/hr,NA,NA,NA,GrowthRate,NA,NA,NA,20,NA,NA,NA,NA,NA,NA,NA,NA,NA,NA,"Copepodite, used Labidocera acutifrons cvol",NA
Pata_excl_560,29,Senjie1989b,NA,McConville2017,10.1093/plankt/fbw094,Labidocera euchaeta,Copepoda,NA,NA,0.002,mg,NA,NA,NA,literature,0.014166666666666668,mgC/hr,NA,NA,NA,GrowthRate,NA,NA,NA,20,NA,NA,NA,NA,NA,NA,NA,NA,NA,NA,"Copepodite, used Labidocera acutifrons cvol",NA
Pata_excl_563,30,Senjie1989b,NA,McConville2017,10.1093/plankt/fbw094,Labidocera euchaeta,Copepoda,NA,NA,0.0108,mg,NA,NA,NA,literature,0.006958333,mgC/hr,NA,NA,NA,GrowthRate,NA,NA,NA,20,NA,NA,NA,NA,NA,NA,NA,NA,NA,NA,"Copepodite, used Labidocera acutifrons cvol",NA
Pata_excl_566,31,Senjie1989b,NA,McConville2017,10.1093/plankt/fbw094,Labidocera euchaeta,Copepoda,NA,NA,5e-4,mg,NA,NA,NA,literature,0.010625,mgC/hr,NA,NA,NA,GrowthRate,NA,NA,NA,25,NA,NA,NA,NA,NA,NA,NA,NA,NA,NA,"Copepodite, used Labidocera acutifrons cvol",NA
Pata_excl_569,32,Senjie1989b,NA,McConville2017,10.1093/plankt/fbw094,Labidocera euchaeta,Copepoda,NA,NA,0.0016,mg,NA,NA,NA,literature,0.016666666666666666,mgC/hr,NA,NA,NA,GrowthRate,NA,NA,NA,25,NA,NA,NA,NA,NA,NA,NA,NA,NA,NA,"Copepodite, used Labidocera acutifrons cvol",NA
Pata_excl_572,33,Senjie1989b,NA,McConville2017,10.1093/plankt/fbw094,Labidocera euchaeta,Copepoda,NA,NA,0.0132,mg,NA,NA,NA,literature,0.0105,mgC/hr,NA,NA,NA,GrowthRate,NA,NA,NA,25,NA,NA,NA,NA,NA,NA,NA,NA,NA,NA,"Copepodite, used Labidocera acutifrons cvol",NA
Pata_excl_575,34,Senjie1989b,NA,McConville2017,10.1093/plankt/fbw094,Labidocera euchaeta,Copepoda,NA,NA,0.002,mg,NA,NA,NA,literature,0.021708333333333333,mgC/hr,NA,NA,NA,GrowthRate,NA,NA,NA,25,NA,NA,NA,NA,NA,NA,NA,NA,NA,NA,"Copepodite, used Labidocera acutifrons cvol",NA
Pata_excl_578,35,Senjie1989b,NA,McConville2017,10.1093/plankt/fbw094,Labidocera euchaeta,Copepoda,NA,NA,0.0108,mg,NA,NA,NA,literature,0.00925,mgC/hr,NA,NA,NA,GrowthRate,NA,NA,NA,25,NA,NA,NA,NA,NA,NA,NA,NA,NA,NA,"Copepodite, used Labidocera acutifrons cvol",NA
Pata_excl_581,36,Senjie1989b,NA,McConville2017,10.1093/plankt/fbw094,Labidocera euchaeta,Copepoda,NA,NA,5e-4,mg,NA,NA,NA,literature,0.014666666666666666,mgC/hr,NA,NA,NA,GrowthRate,NA,NA,NA,30,NA,NA,NA,NA,NA,NA,NA,NA,NA,NA,"Copepodite, used Labidocera acutifrons cvol",NA
Pata_excl_584,37,Senjie1989b,NA,McConville2017,10.1093/plankt/fbw094,Labidocera euchaeta,Copepoda,NA,NA,0.0016,mg,NA,NA,NA,literature,0.021583333333333333,mgC/hr,NA,NA,NA,GrowthRate,NA,NA,NA,30,NA,NA,NA,NA,NA,NA,NA,NA,NA,NA,"Copepodite, used Labidocera acutifrons cvol",NA
Pata_excl_587,38,Senjie1989b,NA,McConville2017,10.1093/plankt/fbw094,Labidocera euchaeta,Copepoda,NA,NA,0.0132,mg,NA,NA,NA,literature,0.008333333,mgC/hr,NA,NA,NA,GrowthRate,NA,NA,NA,30,NA,NA,NA,NA,NA,NA,NA,NA,NA,NA,"Copepodite, used Labidocera acutifrons cvol",NA
Pata_excl_590,39,Senjie1989b,NA,McConville2017,10.1093/plankt/fbw094,Labidocera euchaeta,Copepoda,NA,NA,0.002,mg,NA,NA,NA,literature,0.031333333,mgC/hr,NA,NA,NA,GrowthRate,NA,NA,NA,30,NA,NA,NA,NA,NA,NA,NA,NA,NA,NA,"Copepodite, used Labidocera acutifrons cvol",NA
Pata_excl_593,40,Senjie1989b,NA,McConville2017,10.1093/plankt/fbw094,Labidocera euchaeta,Copepoda,NA,NA,0.0108,mg,NA,NA,NA,literature,0.006333333,mgC/hr,NA,NA,NA,GrowthRate,NA,NA,NA,30,NA,NA,NA,NA,NA,NA,NA,NA,NA,NA,"Copepodite, used Labidocera acutifrons cvol",NA
Pata_excl_596,3,Sabatini1994b,NA,McConville2017,10.1093/plankt/fbw094,Oithona similis,Copepoda,NA,NA,8.9e-5,mg,NA,NA,NA,literature,0.008333333,mgC/hr,NA,NA,NA,GrowthRate,NA,NA,NA,15,NA,NA,NA,NA,NA,NA,NA,NA,NA,NA,All,NA
Pata_excl_599,4,Sabatini1994b,NA,McConville2017,10.1093/plankt/fbw094,Oithona similis,Copepoda,NA,NA,5e-4,mg,NA,NA,NA,literature,0.003083333,mgC/hr,NA,NA,NA,GrowthRate,NA,NA,NA,15,NA,NA,NA,NA,NA,NA,NA,NA,NA,NA,All,NA
Pata_excl_602,2,Paffenhofer1993b,NA,McConville2017,10.1093/plankt/fbw094,Oncaea mediterranea,Copepoda,NA,NA,2.19e-4,mg,NA,NA,NA,literature,0.010833333333333334,mgC/hr,NA,NA,NA,GrowthRate,NA,NA,NA,20,NA,NA,NA,NA,NA,NA,NA,NA,NA,NA,Copepodite,NA
Pata_excl_605,11,Uye1991b,NA,McConville2017,10.1093/plankt/fbw094,Paracalanus,Copepoda,NA,NA,4.6e-5,mg,NA,NA,NA,literature,0.004791667,mgC/hr,NA,NA,NA,GrowthRate,NA,NA,NA,10.3,NA,NA,NA,NA,NA,NA,NA,NA,NA,NA,"Nauplii, calanoid cvol",NA
Pata_excl_608,12,Uye1991b,NA,McConville2017,10.1093/plankt/fbw094,Paracalanus,Copepoda,NA,NA,4.6e-5,mg,NA,NA,NA,literature,0.006375,mgC/hr,NA,NA,NA,GrowthRate,NA,NA,NA,13,NA,NA,NA,NA,NA,NA,NA,NA,NA,NA,"Nauplii, calanoid cvol",NA
Pata_excl_611,13,Uye1991b,NA,McConville2017,10.1093/plankt/fbw094,Paracalanus,Copepoda,NA,NA,4.6e-5,mg,NA,NA,NA,literature,0.007666667,mgC/hr,NA,NA,NA,GrowthRate,NA,NA,NA,15,NA,NA,NA,NA,NA,NA,NA,NA,NA,NA,"Nauplii, calanoid cvol",NA
Pata_excl_614,14,Uye1991b,NA,McConville2017,10.1093/plankt/fbw094,Paracalanus,Copepoda,NA,NA,4.6e-5,mg,NA,NA,NA,literature,0.009375,mgC/hr,NA,NA,NA,GrowthRate,NA,NA,NA,17.5,NA,NA,NA,NA,NA,NA,NA,NA,NA,NA,"Nauplii, calanoid cvol",NA
Pata_excl_617,15,Uye1991b,NA,McConville2017,10.1093/plankt/fbw094,Paracalanus,Copepoda,NA,NA,4.6e-5,mg,NA,NA,NA,literature,0.011166666666666667,mgC/hr,NA,NA,NA,GrowthRate,NA,NA,NA,20,NA,NA,NA,NA,NA,NA,NA,NA,NA,NA,"Nauplii, calanoid cvol",NA
Pata_excl_620,16,Uye1991b,NA,McConville2017,10.1093/plankt/fbw094,Paracalanus,Copepoda,NA,NA,6.32e-4,mg,NA,NA,NA,literature,0.009958333,mgC/hr,NA,NA,NA,GrowthRate,NA,NA,NA,10.3,NA,NA,NA,NA,NA,NA,NA,NA,NA,NA,"Copepodite, calanoid value",NA
Pata_excl_623,17,Uye1991b,NA,McConville2017,10.1093/plankt/fbw094,Paracalanus,Copepoda,NA,NA,6.32e-4,mg,NA,NA,NA,literature,0.013416666666666667,mgC/hr,NA,NA,NA,GrowthRate,NA,NA,NA,13,NA,NA,NA,NA,NA,NA,NA,NA,NA,NA,"Copepodite, calanoid value",NA
Pata_excl_626,18,Uye1991b,NA,McConville2017,10.1093/plankt/fbw094,Paracalanus,Copepoda,NA,NA,6.32e-4,mg,NA,NA,NA,literature,0.016166666666666666,mgC/hr,NA,NA,NA,GrowthRate,NA,NA,NA,15,NA,NA,NA,NA,NA,NA,NA,NA,NA,NA,"Copepodite, calanoid value",NA
Pata_excl_629,19,Uye1991b,NA,McConville2017,10.1093/plankt/fbw094,Paracalanus,Copepoda,NA,NA,6.32e-4,mg,NA,NA,NA,literature,0.019916666666666666,mgC/hr,NA,NA,NA,GrowthRate,NA,NA,NA,17.5,NA,NA,NA,NA,NA,NA,NA,NA,NA,NA,"Copepodite, calanoid value",NA
Pata_excl_632,20,Uye1991b,NA,McConville2017,10.1093/plankt/fbw094,Paracalanus,Copepoda,NA,NA,6.32e-4,mg,NA,NA,NA,literature,0.023874999999999997,mgC/hr,NA,NA,NA,GrowthRate,NA,NA,NA,20,NA,NA,NA,NA,NA,NA,NA,NA,NA,NA,"Copepodite, calanoid value",NA
Pata_excl_635,4,Paffenhofer1976,NA,McConville2017,10.1093/plankt/fbw094,Pseudocalanus elongatus,Copepoda,NA,NA,2e-4,mg,NA,NA,NA,literature,0.0075,mgC/hr,NA,NA,NA,GrowthRate,NA,NA,NA,12.5,NA,NA,NA,NA,NA,NA,NA,NA,NA,NA,"Nauplii, calanoid cvol",NA
Pata_excl_638,5,Paffenhofer1976,NA,McConville2017,10.1093/plankt/fbw094,Pseudocalanus elongatus,Copepoda,NA,NA,4.8e-4,mg,NA,NA,NA,literature,0.015833333333333335,mgC/hr,NA,NA,NA,GrowthRate,NA,NA,NA,12.5,NA,NA,NA,NA,NA,NA,NA,NA,NA,NA,"Copepodite, calanoid cvol",NA
Pata_excl_641,6,Paffenhofer1976,NA,McConville2017,10.1093/plankt/fbw094,Pseudocalanus elongatus,Copepoda,NA,NA,0.004,mg,NA,NA,NA,literature,0.007916667,mgC/hr,NA,NA,NA,GrowthRate,NA,NA,NA,12.5,NA,NA,NA,NA,NA,NA,NA,NA,NA,NA,"Copepodite, calanoid cvol",NA
Pata_excl_644,16,Vidal1980b,NA,McConville2017,10.1093/plankt/fbw094,Pseudocalanus,Copepoda,NA,NA,6e-4,mg,NA,NA,NA,literature,0.010475,mgC/hr,NA,NA,NA,GrowthRate,NA,NA,NA,15.5,NA,NA,NA,NA,NA,NA,NA,NA,NA,NA,"?, calanoid cvol",NA
Pata_excl_647,17,Vidal1980b,NA,McConville2017,10.1093/plankt/fbw094,Pseudocalanus,Copepoda,NA,NA,0.0012,mg,NA,NA,NA,literature,0.01025,mgC/hr,NA,NA,NA,GrowthRate,NA,NA,NA,15.5,NA,NA,NA,NA,NA,NA,NA,NA,NA,NA,"?, calanoid cvol",NA
Pata_excl_650,18,Vidal1980b,NA,McConville2017,10.1093/plankt/fbw094,Pseudocalanus,Copepoda,NA,NA,0.002,mg,NA,NA,NA,literature,0.009504167,mgC/hr,NA,NA,NA,GrowthRate,NA,NA,NA,15.5,NA,NA,NA,NA,NA,NA,NA,NA,NA,NA,"?, calanoid cvol",NA
Pata_excl_653,19,Vidal1980b,NA,McConville2017,10.1093/plankt/fbw094,Pseudocalanus,Copepoda,NA,NA,0.0028,mg,NA,NA,NA,literature,0.0084,mgC/hr,NA,NA,NA,GrowthRate,NA,NA,NA,15.5,NA,NA,NA,NA,NA,NA,NA,NA,NA,NA,"?, calanoid cvol",NA
Pata_excl_656,20,Vidal1980b,NA,McConville2017,10.1093/plankt/fbw094,Pseudocalanus,Copepoda,NA,NA,6e-4,mg,NA,NA,NA,literature,0.009379167,mgC/hr,NA,NA,NA,GrowthRate,NA,NA,NA,12,NA,NA,NA,NA,NA,NA,NA,NA,NA,NA,"?, calanoid cvol",NA
Pata_excl_659,21,Vidal1980b,NA,McConville2017,10.1093/plankt/fbw094,Pseudocalanus,Copepoda,NA,NA,0.0012,mg,NA,NA,NA,literature,0.008975,mgC/hr,NA,NA,NA,GrowthRate,NA,NA,NA,12,NA,NA,NA,NA,NA,NA,NA,NA,NA,NA,"?, calanoid cvol",NA
Pata_excl_662,22,Vidal1980b,NA,McConville2017,10.1093/plankt/fbw094,Pseudocalanus,Copepoda,NA,NA,0.002,mg,NA,NA,NA,literature,0.008629167,mgC/hr,NA,NA,NA,GrowthRate,NA,NA,NA,12,NA,NA,NA,NA,NA,NA,NA,NA,NA,NA,"?, calanoid cvol",NA
Pata_excl_665,23,Vidal1980b,NA,McConville2017,10.1093/plankt/fbw094,Pseudocalanus,Copepoda,NA,NA,0.0028,mg,NA,NA,NA,literature,0.008279167,mgC/hr,NA,NA,NA,GrowthRate,NA,NA,NA,12,NA,NA,NA,NA,NA,NA,NA,NA,NA,NA,"?, calanoid cvol",NA
Pata_excl_668,24,Vidal1980b,NA,McConville2017,10.1093/plankt/fbw094,Pseudocalanus,Copepoda,NA,NA,6e-4,mg,NA,NA,NA,literature,0.006479167,mgC/hr,NA,NA,NA,GrowthRate,NA,NA,NA,8,NA,NA,NA,NA,NA,NA,NA,NA,NA,NA,"?, calanoid cvol",NA
Pata_excl_671,25,Vidal1980b,NA,McConville2017,10.1093/plankt/fbw094,Pseudocalanus,Copepoda,NA,NA,0.0012,mg,NA,NA,NA,literature,0.006458333,mgC/hr,NA,NA,NA,GrowthRate,NA,NA,NA,8,NA,NA,NA,NA,NA,NA,NA,NA,NA,NA,"?, calanoid cvol",NA
Pata_excl_674,26,Vidal1980b,NA,McConville2017,10.1093/plankt/fbw094,Pseudocalanus,Copepoda,NA,NA,0.002,mg,NA,NA,NA,literature,0.006358333,mgC/hr,NA,NA,NA,GrowthRate,NA,NA,NA,8,NA,NA,NA,NA,NA,NA,NA,NA,NA,NA,"?, calanoid cvol",NA
Pata_excl_677,27,Vidal1980b,NA,McConville2017,10.1093/plankt/fbw094,Pseudocalanus,Copepoda,NA,NA,0.0028,mg,NA,NA,NA,literature,0.0061125,mgC/hr,NA,NA,NA,GrowthRate,NA,NA,NA,8,NA,NA,NA,NA,NA,NA,NA,NA,NA,NA,"?, calanoid cvol",NA
Pata_excl_680,28,Vidal1980b,NA,McConville2017,10.1093/plankt/fbw094,Pseudocalanus,Copepoda,NA,NA,0.004,mg,NA,NA,NA,literature,0.0055375,mgC/hr,NA,NA,NA,GrowthRate,NA,NA,NA,8,NA,NA,NA,NA,NA,NA,NA,NA,NA,NA,"?, calanoid cvol",NA
Pata_excl_683,29,Klein1982b,NA,McConville2017,10.1093/plankt/fbw094,Pseudocalanus,Copepoda,NA,NA,2.99e-4,mg,NA,NA,NA,literature,0.00625,mgC/hr,NA,NA,NA,GrowthRate,NA,NA,NA,15,NA,NA,NA,NA,NA,NA,NA,NA,NA,NA,"Nauplii, calanoid cvol",NA
Pata_excl_686,30,Klein1982b,NA,McConville2017,10.1093/plankt/fbw094,Pseudocalanus,Copepoda,NA,NA,0.002147,mg,NA,NA,NA,literature,0.008125,mgC/hr,NA,NA,NA,GrowthRate,NA,NA,NA,15,NA,NA,NA,NA,NA,NA,NA,NA,NA,NA,"Copepodite, calanoid cvol",NA
Pata_excl_689,3,Uye1983b,NA,McConville2017,10.1093/plankt/fbw094,Pseudodiaptomus marinus,Copepoda,NA,NA,1.36e-4,mg,NA,NA,NA,literature,0.009625,mgC/hr,NA,NA,NA,GrowthRate,NA,NA,NA,20,NA,NA,NA,NA,NA,NA,NA,NA,NA,NA,"Nauplii, calanoid cvol",NA
Pata_excl_692,4,Uye1983b,NA,McConville2017,10.1093/plankt/fbw094,Pseudodiaptomus marinus,Copepoda,NA,NA,0.001346,mg,NA,NA,NA,literature,0.014791666666666667,mgC/hr,NA,NA,NA,GrowthRate,NA,NA,NA,20,NA,NA,NA,NA,NA,NA,NA,NA,NA,NA,"Copepodite, calanoid cvol",NA
Pata_excl_695,13,Kimoto1986b,NA,McConville2017,10.1093/plankt/fbw094,Sinocalanus tenellus tenellus,Copepoda,NA,NA,9.9e-5,mg,NA,NA,NA,literature,0.004333333,mgC/hr,NA,NA,NA,GrowthRate,NA,NA,NA,6.6,NA,NA,NA,NA,NA,NA,NA,NA,NA,NA,Nauplii,NA
Pata_excl_698,14,Kimoto1986b,NA,McConville2017,10.1093/plankt/fbw094,Sinocalanus tenellus tenellus,Copepoda,NA,NA,9.9e-5,mg,NA,NA,NA,literature,0.007666667,mgC/hr,NA,NA,NA,GrowthRate,NA,NA,NA,10,NA,NA,NA,NA,NA,NA,NA,NA,NA,NA,"Nauplii, calanoid value",NA
Pata_excl_701,15,Kimoto1986b,NA,McConville2017,10.1093/plankt/fbw094,Sinocalanus tenellus tenellus,Copepoda,NA,NA,9.9e-5,mg,NA,NA,NA,literature,0.014,mgC/hr,NA,NA,NA,GrowthRate,NA,NA,NA,15,NA,NA,NA,NA,NA,NA,NA,NA,NA,NA,"Nauplii, calanoid value",NA
Pata_excl_704,16,Kimoto1986b,NA,McConville2017,10.1093/plankt/fbw094,Sinocalanus tenellus tenellus,Copepoda,NA,NA,9.9e-5,mg,NA,NA,NA,literature,0.021791666666666668,mgC/hr,NA,NA,NA,GrowthRate,NA,NA,NA,20,NA,NA,NA,NA,NA,NA,NA,NA,NA,NA,"Nauplii, calanoid value",NA
Pata_excl_707,17,Kimoto1986b,NA,McConville2017,10.1093/plankt/fbw094,Sinocalanus tenellus tenellus,Copepoda,NA,NA,9.9e-5,mg,NA,NA,NA,literature,0.025333333333333333,mgC/hr,NA,NA,NA,GrowthRate,NA,NA,NA,22,NA,NA,NA,NA,NA,NA,NA,NA,NA,NA,"Nauplii, calanoid value",NA
Pata_excl_710,18,Kimoto1986b,NA,McConville2017,10.1093/plankt/fbw094,Sinocalanus tenellus tenellus,Copepoda,NA,NA,9.9e-5,mg,NA,NA,NA,literature,0.037166667,mgC/hr,NA,NA,NA,GrowthRate,NA,NA,NA,28,NA,NA,NA,NA,NA,NA,NA,NA,NA,NA,"Nauplii, calanoid value",NA
Pata_excl_713,19,Kimoto1986b,NA,McConville2017,10.1093/plankt/fbw094,Sinocalanus tenellus tenellus,Copepoda,NA,NA,0.001134,mg,NA,NA,NA,literature,0.004208333,mgC/hr,NA,NA,NA,GrowthRate,NA,NA,NA,6.6,NA,NA,NA,NA,NA,NA,NA,NA,NA,NA,"Nauplii, calanoid value",NA
Pata_excl_716,20,Kimoto1986b,NA,McConville2017,10.1093/plankt/fbw094,Sinocalanus tenellus tenellus,Copepoda,NA,NA,0.001134,mg,NA,NA,NA,literature,0.008291667,mgC/hr,NA,NA,NA,GrowthRate,NA,NA,NA,10,NA,NA,NA,NA,NA,NA,NA,NA,NA,NA,"Nauplii, calanoid value",NA
Pata_excl_719,21,Kimoto1986b,NA,McConville2017,10.1093/plankt/fbw094,Sinocalanus tenellus tenellus,Copepoda,NA,NA,0.001134,mg,NA,NA,NA,literature,0.016791666666666667,mgC/hr,NA,NA,NA,GrowthRate,NA,NA,NA,15,NA,NA,NA,NA,NA,NA,NA,NA,NA,NA,"Nauplii, calanoid value",NA
Pata_excl_722,22,Kimoto1986b,NA,McConville2017,10.1093/plankt/fbw094,Sinocalanus tenellus tenellus,Copepoda,NA,NA,0.001134,mg,NA,NA,NA,literature,0.028333333333333335,mgC/hr,NA,NA,NA,GrowthRate,NA,NA,NA,20,NA,NA,NA,NA,NA,NA,NA,NA,NA,NA,"Nauplii, calanoid value",NA
Pata_excl_725,23,Kimoto1986b,NA,McConville2017,10.1093/plankt/fbw094,Sinocalanus tenellus tenellus,Copepoda,NA,NA,0.001134,mg,NA,NA,NA,literature,0.033791667,mgC/hr,NA,NA,NA,GrowthRate,NA,NA,NA,22,NA,NA,NA,NA,NA,NA,NA,NA,NA,NA,"Nauplii, calanoid value",NA
Pata_excl_728,24,Kimoto1986b,NA,McConville2017,10.1093/plankt/fbw094,Sinocalanus tenellus tenellus,Copepoda,NA,NA,0.001134,mg,NA,NA,NA,literature,0.053166667,mgC/hr,NA,NA,NA,GrowthRate,NA,NA,NA,28,NA,NA,NA,NA,NA,NA,NA,NA,NA,NA,"Nauplii, calanoid value",NA
Pata_excl_731,6,Klein1982b,NA,McConville2017,10.1093/plankt/fbw094,Temora longicornis,Copepoda,NA,NA,1.79e-4,mg,NA,NA,NA,literature,0.010708333333333334,mgC/hr,NA,NA,NA,GrowthRate,NA,NA,NA,15,NA,NA,NA,NA,NA,NA,NA,NA,NA,NA,"Nauplii, calanoid cvol",NA
Pata_excl_734,7,Klein1982b,NA,McConville2017,10.1093/plankt/fbw094,Temora longicornis,Copepoda,NA,NA,0.001678,mg,NA,NA,NA,literature,0.014083333333333335,mgC/hr,NA,NA,NA,GrowthRate,NA,NA,NA,15,NA,NA,NA,NA,NA,NA,NA,NA,NA,NA,"Copepodites, calanoid cvol",NA
Pata_excl_737,8,Harris1976b,NA,McConville2017,10.1093/plankt/fbw094,Temora longicornis,Copepoda,NA,NA,1.3e-4,mg,NA,NA,NA,literature,0.00875,mgC/hr,NA,NA,NA,GrowthRate,NA,NA,NA,12.5,NA,NA,NA,NA,NA,NA,NA,NA,NA,NA,"Nauplii, calanoid cvol",NA
Pata_excl_740,9,Harris1976b,NA,McConville2017,10.1093/plankt/fbw094,Temora longicornis,Copepoda,NA,NA,0.0018,mg,NA,NA,NA,literature,0.014166666666666668,mgC/hr,NA,NA,NA,GrowthRate,NA,NA,NA,12.5,NA,NA,NA,NA,NA,NA,NA,NA,NA,NA,"CI-CIII/IV, calanoid cvol",NA
Pata_excl_743,10,Harris1976b,NA,McConville2017,10.1093/plankt/fbw094,Temora longicornis,Copepoda,NA,NA,0.008,mg,NA,NA,NA,literature,0.012916666666666667,mgC/hr,NA,NA,NA,GrowthRate,NA,NA,NA,12.5,NA,NA,NA,NA,NA,NA,NA,NA,NA,NA,"CIII/IV-Adult, calanoid cvol",NA
Pata_excl_746,1,Dagg1976b,NA,McConville2017,10.1093/plankt/fbw094,Calliopius laeviusculus,Malacostraca,NA,NA,0.015,mg,NA,NA,NA,literature,0.005458333,mgC/hr,NA,NA,NA,GrowthRate,NA,NA,NA,8,NA,NA,NA,NA,NA,NA,NA,NA,NA,NA,Used average value forfamily Amphipoda from Kiorboe composition,NA
Pata_excl_749,2,Dagg1976b,NA,McConville2017,10.1093/plankt/fbw094,Calliopius laeviusculus,Malacostraca,NA,NA,0.03,mg,NA,NA,NA,literature,0.005208333,mgC/hr,NA,NA,NA,GrowthRate,NA,NA,NA,8,NA,NA,NA,NA,NA,NA,NA,NA,NA,NA,Used average value forfamily Amphipoda from Kiorboe composition,NA
Pata_excl_752,3,Dagg1976b,NA,McConville2017,10.1093/plankt/fbw094,Calliopius laeviusculus,Malacostraca,NA,NA,0.05,mg,NA,NA,NA,literature,0.004958333,mgC/hr,NA,NA,NA,GrowthRate,NA,NA,NA,8,NA,NA,NA,NA,NA,NA,NA,NA,NA,NA,Used average value forfamily Amphipoda from Kiorboe composition,NA
Pata_excl_755,4,Dagg1976b,NA,McConville2017,10.1093/plankt/fbw094,Calliopius laeviusculus,Malacostraca,NA,NA,0.1,mg,NA,NA,NA,literature,0.004625,mgC/hr,NA,NA,NA,GrowthRate,NA,NA,NA,8,NA,NA,NA,NA,NA,NA,NA,NA,NA,NA,Used average value forfamily Amphipoda from Kiorboe composition,NA
Pata_excl_758,5,Dagg1976b,NA,McConville2017,10.1093/plankt/fbw094,Calliopius laeviusculus,Malacostraca,NA,NA,0.15,mg,NA,NA,NA,literature,0.004375,mgC/hr,NA,NA,NA,GrowthRate,NA,NA,NA,8,NA,NA,NA,NA,NA,NA,NA,NA,NA,NA,Used average value forfamily Amphipoda from Kiorboe composition,NA
Pata_excl_761,6,Dagg1976b,NA,McConville2017,10.1093/plankt/fbw094,Calliopius laeviusculus,Malacostraca,NA,NA,0.2,mg,NA,NA,NA,literature,0.004208333,mgC/hr,NA,NA,NA,GrowthRate,NA,NA,NA,8,NA,NA,NA,NA,NA,NA,NA,NA,NA,NA,Used average value forfamily Amphipoda from Kiorboe composition,NA
Pata_excl_764,7,Dagg1976b,NA,McConville2017,10.1093/plankt/fbw094,Calliopius laeviusculus,Malacostraca,NA,NA,0.3,mg,NA,NA,NA,literature,0.003958333,mgC/hr,NA,NA,NA,GrowthRate,NA,NA,NA,8,NA,NA,NA,NA,NA,NA,NA,NA,NA,NA,Used average value forfamily Amphipoda from Kiorboe composition,NA
Pata_excl_767,8,Dagg1976b,NA,McConville2017,10.1093/plankt/fbw094,Calliopius laeviusculus,Malacostraca,NA,NA,0.5,mg,NA,NA,NA,literature,0.003541667,mgC/hr,NA,NA,NA,GrowthRate,NA,NA,NA,8,NA,NA,NA,NA,NA,NA,NA,NA,NA,NA,Used average value forfamily Amphipoda from Kiorboe composition,NA
Pata_excl_770,9,Dagg1976b,NA,McConville2017,10.1093/plankt/fbw094,Calliopius laeviusculus,Malacostraca,NA,NA,0.75,mg,NA,NA,NA,literature,0.003125,mgC/hr,NA,NA,NA,GrowthRate,NA,NA,NA,8,NA,NA,NA,NA,NA,NA,NA,NA,NA,NA,Used average value forfamily Amphipoda from Kiorboe composition,NA
Pata_excl_773,10,Dagg1976b,NA,McConville2017,10.1093/plankt/fbw094,Calliopius laeviusculus,Malacostraca,NA,NA,1,mg,NA,NA,NA,literature,0.002791667,mgC/hr,NA,NA,NA,GrowthRate,NA,NA,NA,8,NA,NA,NA,NA,NA,NA,NA,NA,NA,NA,Used average value forfamily Amphipoda from Kiorboe composition,NA
Pata_excl_776,11,Dagg1976b,NA,McConville2017,10.1093/plankt/fbw094,Calliopius laeviusculus,Malacostraca,NA,NA,0.015,mg,NA,NA,NA,literature,0.008041667,mgC/hr,NA,NA,NA,GrowthRate,NA,NA,NA,12,NA,NA,NA,NA,NA,NA,NA,NA,NA,NA,Used average value forfamily Amphipoda from Kiorboe composition,NA
Pata_excl_779,12,Dagg1976b,NA,McConville2017,10.1093/plankt/fbw094,Calliopius laeviusculus,Malacostraca,NA,NA,0.03,mg,NA,NA,NA,literature,0.0075,mgC/hr,NA,NA,NA,GrowthRate,NA,NA,NA,12,NA,NA,NA,NA,NA,NA,NA,NA,NA,NA,Used average value forfamily Amphipoda from Kiorboe composition,NA
Pata_excl_782,13,Dagg1976b,NA,McConville2017,10.1093/plankt/fbw094,Calliopius laeviusculus,Malacostraca,NA,NA,0.05,mg,NA,NA,NA,literature,0.007125,mgC/hr,NA,NA,NA,GrowthRate,NA,NA,NA,12,NA,NA,NA,NA,NA,NA,NA,NA,NA,NA,Used average value forfamily Amphipoda from Kiorboe composition,NA
Pata_excl_785,14,Dagg1976b,NA,McConville2017,10.1093/plankt/fbw094,Calliopius laeviusculus,Malacostraca,NA,NA,0.1,mg,NA,NA,NA,literature,0.006416667,mgC/hr,NA,NA,NA,GrowthRate,NA,NA,NA,12,NA,NA,NA,NA,NA,NA,NA,NA,NA,NA,Used average value forfamily Amphipoda from Kiorboe composition,NA
Pata_excl_788,15,Dagg1976b,NA,McConville2017,10.1093/plankt/fbw094,Calliopius laeviusculus,Malacostraca,NA,NA,0.15,mg,NA,NA,NA,literature,0.006041667,mgC/hr,NA,NA,NA,GrowthRate,NA,NA,NA,12,NA,NA,NA,NA,NA,NA,NA,NA,NA,NA,Used average value forfamily Amphipoda from Kiorboe composition,NA
Pata_excl_791,16,Dagg1976b,NA,McConville2017,10.1093/plankt/fbw094,Calliopius laeviusculus,Malacostraca,NA,NA,0.2,mg,NA,NA,NA,literature,0.005708333,mgC/hr,NA,NA,NA,GrowthRate,NA,NA,NA,12,NA,NA,NA,NA,NA,NA,NA,NA,NA,NA,Used average value forfamily Amphipoda from Kiorboe composition,NA
Pata_excl_794,17,Dagg1976b,NA,McConville2017,10.1093/plankt/fbw094,Calliopius laeviusculus,Malacostraca,NA,NA,0.3,mg,NA,NA,NA,literature,0.005208333,mgC/hr,NA,NA,NA,GrowthRate,NA,NA,NA,12,NA,NA,NA,NA,NA,NA,NA,NA,NA,NA,Used average value forfamily Amphipoda from Kiorboe composition,NA
Pata_excl_797,18,Dagg1976b,NA,McConville2017,10.1093/plankt/fbw094,Calliopius laeviusculus,Malacostraca,NA,NA,0.5,mg,NA,NA,NA,literature,0.0045,mgC/hr,NA,NA,NA,GrowthRate,NA,NA,NA,12,NA,NA,NA,NA,NA,NA,NA,NA,NA,NA,Used average value forfamily Amphipoda from Kiorboe composition,NA
Pata_excl_800,19,Dagg1976b,NA,McConville2017,10.1093/plankt/fbw094,Calliopius laeviusculus,Malacostraca,NA,NA,0.75,mg,NA,NA,NA,literature,0.003833333,mgC/hr,NA,NA,NA,GrowthRate,NA,NA,NA,12,NA,NA,NA,NA,NA,NA,NA,NA,NA,NA,Used average value forfamily Amphipoda from Kiorboe composition,NA
Pata_excl_803,20,Dagg1976b,NA,McConville2017,10.1093/plankt/fbw094,Calliopius laeviusculus,Malacostraca,NA,NA,1,mg,NA,NA,NA,literature,0.003291667,mgC/hr,NA,NA,NA,GrowthRate,NA,NA,NA,12,NA,NA,NA,NA,NA,NA,NA,NA,NA,NA,Used average value forfamily Amphipoda from Kiorboe composition,NA
Pata_excl_806,21,Dagg1976b,NA,McConville2017,10.1093/plankt/fbw094,Calliopius laeviusculus,Malacostraca,NA,NA,0.015,mg,NA,NA,NA,literature,0.010291666666666666,mgC/hr,NA,NA,NA,GrowthRate,NA,NA,NA,15,NA,NA,NA,NA,NA,NA,NA,NA,NA,NA,Used average value forfamily Amphipoda from Kiorboe composition,NA
Pata_excl_809,22,Dagg1976b,NA,McConville2017,10.1093/plankt/fbw094,Calliopius laeviusculus,Malacostraca,NA,NA,0.03,mg,NA,NA,NA,literature,0.009625,mgC/hr,NA,NA,NA,GrowthRate,NA,NA,NA,15,NA,NA,NA,NA,NA,NA,NA,NA,NA,NA,Used average value forfamily Amphipoda from Kiorboe composition,NA
Pata_excl_812,23,Dagg1976b,NA,McConville2017,10.1093/plankt/fbw094,Calliopius laeviusculus,Malacostraca,NA,NA,0.05,mg,NA,NA,NA,literature,0.00925,mgC/hr,NA,NA,NA,GrowthRate,NA,NA,NA,15,NA,NA,NA,NA,NA,NA,NA,NA,NA,NA,Used average value forfamily Amphipoda from Kiorboe composition,NA
Pata_excl_815,24,Dagg1976b,NA,McConville2017,10.1093/plankt/fbw094,Calliopius laeviusculus,Malacostraca,NA,NA,0.1,mg,NA,NA,NA,literature,0.008625,mgC/hr,NA,NA,NA,GrowthRate,NA,NA,NA,15,NA,NA,NA,NA,NA,NA,NA,NA,NA,NA,Used average value forfamily Amphipoda from Kiorboe composition,NA
Pata_excl_818,25,Dagg1976b,NA,McConville2017,10.1093/plankt/fbw094,Calliopius laeviusculus,Malacostraca,NA,NA,0.15,mg,NA,NA,NA,literature,0.008208333,mgC/hr,NA,NA,NA,GrowthRate,NA,NA,NA,15,NA,NA,NA,NA,NA,NA,NA,NA,NA,NA,Used average value forfamily Amphipoda from Kiorboe composition,NA
Pata_excl_821,26,Dagg1976b,NA,McConville2017,10.1093/plankt/fbw094,Calliopius laeviusculus,Malacostraca,NA,NA,0.2,mg,NA,NA,NA,literature,0.007833333,mgC/hr,NA,NA,NA,GrowthRate,NA,NA,NA,15,NA,NA,NA,NA,NA,NA,NA,NA,NA,NA,Used average value forfamily Amphipoda from Kiorboe composition,NA
Pata_excl_824,27,Dagg1976b,NA,McConville2017,10.1093/plankt/fbw094,Calliopius laeviusculus,Malacostraca,NA,NA,0.3,mg,NA,NA,NA,literature,0.00725,mgC/hr,NA,NA,NA,GrowthRate,NA,NA,NA,15,NA,NA,NA,NA,NA,NA,NA,NA,NA,NA,Used average value forfamily Amphipoda from Kiorboe composition,NA
Pata_excl_827,28,Dagg1976b,NA,McConville2017,10.1093/plankt/fbw094,Calliopius laeviusculus,Malacostraca,NA,NA,0.5,mg,NA,NA,NA,literature,0.006333333,mgC/hr,NA,NA,NA,GrowthRate,NA,NA,NA,15,NA,NA,NA,NA,NA,NA,NA,NA,NA,NA,Used average value forfamily Amphipoda from Kiorboe composition,NA
Pata_excl_830,29,Dagg1976b,NA,McConville2017,10.1093/plankt/fbw094,Calliopius laeviusculus,Malacostraca,NA,NA,0.75,mg,NA,NA,NA,literature,0.005375,mgC/hr,NA,NA,NA,GrowthRate,NA,NA,NA,15,NA,NA,NA,NA,NA,NA,NA,NA,NA,NA,Used average value forfamily Amphipoda from Kiorboe composition,NA
Pata_excl_833,30,Dagg1976b,NA,McConville2017,10.1093/plankt/fbw094,Calliopius laeviusculus,Malacostraca,NA,NA,1,mg,NA,NA,NA,literature,0.004541667,mgC/hr,NA,NA,NA,GrowthRate,NA,NA,NA,15,NA,NA,NA,NA,NA,NA,NA,NA,NA,NA,Used average value forfamily Amphipoda from Kiorboe composition,NA
Pata_excl_836,1,Ross1982b,NA,McConville2017,10.1093/plankt/fbw094,Euphausia pacifica,Malacostraca,NA,NA,0.0028,mg,NA,NA,NA,literature,0.004125,mgC/hr,NA,NA,NA,GrowthRate,NA,NA,NA,8,NA,NA,NA,NA,NA,NA,NA,NA,NA,NA,"Original units of mass in carbon, mass and growth calculated from their Table 2",NA
Pata_excl_839,2,Ross1982b,NA,McConville2017,10.1093/plankt/fbw094,Euphausia pacifica,Malacostraca,NA,NA,0.01106,mg,NA,NA,NA,literature,0.004708333,mgC/hr,NA,NA,NA,GrowthRate,NA,NA,NA,8,NA,NA,NA,NA,NA,NA,NA,NA,NA,NA,"Original units of mass in carbon, mass and growth calculated from their Table 2",NA
Pata_excl_842,3,Ross1982b,NA,McConville2017,10.1093/plankt/fbw094,Euphausia pacifica,Malacostraca,NA,NA,0.03391,mg,NA,NA,NA,literature,0.001666667,mgC/hr,NA,NA,NA,GrowthRate,NA,NA,NA,8,NA,NA,NA,NA,NA,NA,NA,NA,NA,NA,"Original units of mass in carbon, mass and growth calculated from their Table 2",NA
Pata_excl_845,4,Ross1982b,NA,McConville2017,10.1093/plankt/fbw094,Euphausia pacifica,Malacostraca,NA,NA,0.12429,mg,NA,NA,NA,literature,0.001,mgC/hr,NA,NA,NA,GrowthRate,NA,NA,NA,8,NA,NA,NA,NA,NA,NA,NA,NA,NA,NA,"Original units of mass in carbon, mass and growth calculated from their Table 2",NA
Pata_excl_848,5,Ross1982b,NA,McConville2017,10.1093/plankt/fbw094,Euphausia pacifica,Malacostraca,NA,NA,0.19855,mg,NA,NA,NA,literature,8.333333333333334e-4,mgC/hr,NA,NA,NA,GrowthRate,NA,NA,NA,8,NA,NA,NA,NA,NA,NA,NA,NA,NA,NA,"Original units of mass in carbon, mass and growth calculated from their Table 2",NA
Pata_excl_851,6,Ross1982b,NA,McConville2017,10.1093/plankt/fbw094,Euphausia pacifica,Malacostraca,NA,NA,0.4172,mg,NA,NA,NA,literature,6.25e-4,mgC/hr,NA,NA,NA,GrowthRate,NA,NA,NA,8,NA,NA,NA,NA,NA,NA,NA,NA,NA,NA,"Original units of mass in carbon, mass and growth calculated from their Table 2",NA
Pata_excl_854,7,Ross1982b,NA,McConville2017,10.1093/plankt/fbw094,Euphausia pacifica,Malacostraca,NA,NA,0.00278,mg,NA,NA,NA,literature,0.003458333,mgC/hr,NA,NA,NA,GrowthRate,NA,NA,NA,12,NA,NA,NA,NA,NA,NA,NA,NA,NA,NA,"Original units of mass in carbon, mass and growth calculated from their Table 2",NA
Pata_excl_857,8,Ross1982b,NA,McConville2017,10.1093/plankt/fbw094,Euphausia pacifica,Malacostraca,NA,NA,0.00883,mg,NA,NA,NA,literature,0.00625,mgC/hr,NA,NA,NA,GrowthRate,NA,NA,NA,12,NA,NA,NA,NA,NA,NA,NA,NA,NA,NA,"Original units of mass in carbon, mass and growth calculated from their Table 2",NA
Pata_excl_860,9,Ross1982b,NA,McConville2017,10.1093/plankt/fbw094,Euphausia pacifica,Malacostraca,NA,NA,0.03318,mg,NA,NA,NA,literature,0.00275,mgC/hr,NA,NA,NA,GrowthRate,NA,NA,NA,12,NA,NA,NA,NA,NA,NA,NA,NA,NA,NA,"Original units of mass in carbon, mass and growth calculated from their Table 2",NA
Pata_excl_863,10,Ross1982b,NA,McConville2017,10.1093/plankt/fbw094,Euphausia pacifica,Malacostraca,NA,NA,0.13685,mg,NA,NA,NA,literature,0.001625,mgC/hr,NA,NA,NA,GrowthRate,NA,NA,NA,12,NA,NA,NA,NA,NA,NA,NA,NA,NA,NA,"Original units of mass in carbon, mass and growth calculated from their Table 2",NA
Pata_excl_866,11,Ross1982b,NA,McConville2017,10.1093/plankt/fbw094,Euphausia pacifica,Malacostraca,NA,NA,0.22529,mg,NA,NA,NA,literature,0.001333333,mgC/hr,NA,NA,NA,GrowthRate,NA,NA,NA,12,NA,NA,NA,NA,NA,NA,NA,NA,NA,NA,"Original units of mass in carbon, mass and growth calculated from their Table 2",NA
Pata_excl_869,12,Ross1982b,NA,McConville2017,10.1093/plankt/fbw094,Euphausia pacifica,Malacostraca,NA,NA,0.49174,mg,NA,NA,NA,literature,0.001,mgC/hr,NA,NA,NA,GrowthRate,NA,NA,NA,12,NA,NA,NA,NA,NA,NA,NA,NA,NA,NA,"Original units of mass in carbon, mass and growth calculated from their Table 2",NA
Pata_excl_872,13,Lasker1966b,NA,McConville2017,10.1093/plankt/fbw094,Euphausia pacifica,Malacostraca,NA,NA,0.251,mg,NA,NA,NA,literature,8.333333333333334e-4,mgC/hr,NA,NA,NA,GrowthRate,NA,NA,NA,10,NA,NA,NA,NA,NA,NA,NA,NA,NA,NA,NA,NA
Pata_excl_875,14,Lasker1966b,NA,McConville2017,10.1093/plankt/fbw094,Euphausia pacifica,Malacostraca,NA,NA,0.252,mg,NA,NA,NA,literature,7.916666666666666e-4,mgC/hr,NA,NA,NA,GrowthRate,NA,NA,NA,10,NA,NA,NA,NA,NA,NA,NA,NA,NA,NA,NA,NA
Pata_excl_878,15,Lasker1966b,NA,McConville2017,10.1093/plankt/fbw094,Euphausia pacifica,Malacostraca,NA,NA,0.3637,mg,NA,NA,NA,literature,6.666666666666666e-4,mgC/hr,NA,NA,NA,GrowthRate,NA,NA,NA,10,NA,NA,NA,NA,NA,NA,NA,NA,NA,NA,NA,NA
Pata_excl_881,16,Lasker1966b,NA,McConville2017,10.1093/plankt/fbw094,Euphausia pacifica,Malacostraca,NA,NA,0.7956,mg,NA,NA,NA,literature,3.333333333333333e-4,mgC/hr,NA,NA,NA,GrowthRate,NA,NA,NA,10,NA,NA,NA,NA,NA,NA,NA,NA,NA,NA,NA,NA
Pata_excl_885,17,Lasker1966b,NA,McConville2017,10.1093/plankt/fbw094,Euphausia pacifica,Malacostraca,NA,NA,0.6563,mg,NA,NA,NA,literature,2.0833333333333335e-4,mgC/hr,NA,NA,NA,GrowthRate,NA,NA,NA,10,NA,NA,NA,NA,NA,NA,NA,NA,NA,NA,NA,NA
Pata_excl_888,18,Lasker1966b,NA,McConville2017,10.1093/plankt/fbw094,Euphausia pacifica,Malacostraca,NA,NA,0.8914,mg,NA,NA,NA,literature,2.916666666666667e-4,mgC/hr,NA,NA,NA,GrowthRate,NA,NA,NA,10,NA,NA,NA,NA,NA,NA,NA,NA,NA,NA,NA,NA
Pata_excl_891,19,Lasker1966b,NA,McConville2017,10.1093/plankt/fbw094,Euphausia pacifica,Malacostraca,NA,NA,0.7347,mg,NA,NA,NA,literature,1.6666666666666666e-4,mgC/hr,NA,NA,NA,GrowthRate,NA,NA,NA,10,NA,NA,NA,NA,NA,NA,NA,NA,NA,NA,NA,NA
Pata_excl_894,20,Lasker1966b,NA,McConville2017,10.1093/plankt/fbw094,Euphausia pacifica,Malacostraca,NA,NA,0.7514,mg,NA,NA,NA,literature,1.25e-4,mgC/hr,NA,NA,NA,GrowthRate,NA,NA,NA,10,NA,NA,NA,NA,NA,NA,NA,NA,NA,NA,NA,NA
Pata_excl_897,1,Ikeda1985b,NA,McConville2017,10.1093/plankt/fbw094,Euphausia superba,Malacostraca,NA,NA,15.17868703,mg,NA,NA,NA,literature,3.541666666666667e-4,mgC/hr,NA,NA,NA,GrowthRate,NA,NA,NA,0.75,NA,NA,NA,NA,NA,NA,NA,NA,NA,NA,Data digitized from their Figure 3.,NA
Pata_excl_900,2,Ikeda1985b,NA,McConville2017,10.1093/plankt/fbw094,Euphausia superba,Malacostraca,NA,NA,24.76534855,mg,NA,NA,NA,literature,2.7916666666666666e-4,mgC/hr,NA,NA,NA,GrowthRate,NA,NA,NA,0.75,NA,NA,NA,NA,NA,NA,NA,NA,NA,NA,Data digitized from their Figure 3.,NA
Pata_excl_903,3,Ikeda1985b,NA,McConville2017,10.1093/plankt/fbw094,Euphausia superba,Malacostraca,NA,NA,36.30462203,mg,NA,NA,NA,literature,2.666666666666667e-4,mgC/hr,NA,NA,NA,GrowthRate,NA,NA,NA,0.75,NA,NA,NA,NA,NA,NA,NA,NA,NA,NA,Data digitized from their Figure 3.,NA
Pata_excl_906,4,Ikeda1985b,NA,McConville2017,10.1093/plankt/fbw094,Euphausia superba,Malacostraca,NA,NA,35.90807594,mg,NA,NA,NA,literature,2.0416666666666665e-4,mgC/hr,NA,NA,NA,GrowthRate,NA,NA,NA,0.75,NA,NA,NA,NA,NA,NA,NA,NA,NA,NA,Data digitized from their Figure 3.,NA
Pata_excl_909,5,Ikeda1985b,NA,McConville2017,10.1093/plankt/fbw094,Euphausia superba,Malacostraca,NA,NA,48.19012429,mg,NA,NA,NA,literature,1.9583333333333334e-4,mgC/hr,NA,NA,NA,GrowthRate,NA,NA,NA,0.75,NA,NA,NA,NA,NA,NA,NA,NA,NA,NA,Data digitized from their Figure 3.,NA
Pata_excl_912,6,Ikeda1985b,NA,McConville2017,10.1093/plankt/fbw094,Euphausia superba,Malacostraca,NA,NA,26.21443033,mg,NA,NA,NA,literature,1.75e-4,mgC/hr,NA,NA,NA,GrowthRate,NA,NA,NA,0.75,NA,NA,NA,NA,NA,NA,NA,NA,NA,NA,Data digitized from their Figure 3.,NA
Pata_excl_915,7,Ikeda1985b,NA,McConville2017,10.1093/plankt/fbw094,Euphausia superba,Malacostraca,NA,NA,51.57748347,mg,NA,NA,NA,literature,1.625e-4,mgC/hr,NA,NA,NA,GrowthRate,NA,NA,NA,0.75,NA,NA,NA,NA,NA,NA,NA,NA,NA,NA,Data digitized from their Figure 3.,NA
Pata_excl_918,8,Ikeda1985b,NA,McConville2017,10.1093/plankt/fbw094,Euphausia superba,Malacostraca,NA,NA,51.54514117,mg,NA,NA,NA,literature,1.4166666666666665e-4,mgC/hr,NA,NA,NA,GrowthRate,NA,NA,NA,0.75,NA,NA,NA,NA,NA,NA,NA,NA,NA,NA,Data digitized from their Figure 3.,NA
Pata_excl_921,9,Ikeda1985b,NA,McConville2017,10.1093/plankt/fbw094,Euphausia superba,Malacostraca,NA,NA,64.52996478,mg,NA,NA,NA,literature,1.1250000000000001e-4,mgC/hr,NA,NA,NA,GrowthRate,NA,NA,NA,0.75,NA,NA,NA,NA,NA,NA,NA,NA,NA,NA,Data digitized from their Figure 3.,NA
Pata_excl_924,10,Ikeda1985b,NA,McConville2017,10.1093/plankt/fbw094,Euphausia superba,Malacostraca,NA,NA,60.76689161,mg,NA,NA,NA,literature,8.333333333333333e-5,mgC/hr,NA,NA,NA,GrowthRate,NA,NA,NA,0.75,NA,NA,NA,NA,NA,NA,NA,NA,NA,NA,Data digitized from their Figure 3.,NA
Pata_excl_927,11,Buchholz1991b,NA,McConville2017,10.1093/plankt/fbw094,Euphausia superba,Malacostraca,NA,NA,20.166,mg,NA,NA,NA,literature,2.75e-4,mgC/hr,NA,NA,NA,GrowthRate,NA,NA,NA,2,NA,NA,NA,NA,NA,NA,NA,NA,NA,NA,NA,NA
Pata_excl_930,12,Buchholz1991b,NA,McConville2017,10.1093/plankt/fbw094,Euphausia superba,Malacostraca,NA,NA,18.73,mg,NA,NA,NA,literature,3.8333333333333334e-4,mgC/hr,NA,NA,NA,GrowthRate,NA,NA,NA,2,NA,NA,NA,NA,NA,NA,NA,NA,NA,NA,NA,NA
Pata_excl_933,13,Buchholz1991b,NA,McConville2017,10.1093/plankt/fbw094,Euphausia superba,Malacostraca,NA,NA,20.589,mg,NA,NA,NA,literature,2.625e-4,mgC/hr,NA,NA,NA,GrowthRate,NA,NA,NA,2,NA,NA,NA,NA,NA,NA,NA,NA,NA,NA,NA,NA
Pata_excl_936,1,Logan1978b,NA,McConville2017,10.1093/plankt/fbw094,Homarus americanus,Malacostraca,NA,NA,0.4029,mg,NA,NA,NA,literature,0.008333333,mgC/hr,NA,NA,NA,GrowthRate,NA,NA,NA,22,NA,NA,NA,NA,NA,NA,NA,NA,NA,NA,Decapod value,NA
Pata_excl_939,2,Logan1978b,NA,McConville2017,10.1093/plankt/fbw094,Homarus americanus,Malacostraca,NA,NA,0.5818,mg,NA,NA,NA,literature,0.004666667,mgC/hr,NA,NA,NA,GrowthRate,NA,NA,NA,22,NA,NA,NA,NA,NA,NA,NA,NA,NA,NA,Decapod value,NA
Pata_excl_942,3,Logan1978b,NA,McConville2017,10.1093/plankt/fbw094,Homarus americanus,Malacostraca,NA,NA,0.7344,mg,NA,NA,NA,literature,0.005458333,mgC/hr,NA,NA,NA,GrowthRate,NA,NA,NA,22,NA,NA,NA,NA,NA,NA,NA,NA,NA,NA,Decapod value,NA
Pata_excl_945,4,Logan1978b,NA,McConville2017,10.1093/plankt/fbw094,Homarus americanus,Malacostraca,NA,NA,0.8419,mg,NA,NA,NA,literature,0.002958333,mgC/hr,NA,NA,NA,GrowthRate,NA,NA,NA,22,NA,NA,NA,NA,NA,NA,NA,NA,NA,NA,Decapod value,NA
Pata_excl_948,5,Logan1978b,NA,McConville2017,10.1093/plankt/fbw094,Homarus americanus,Malacostraca,NA,NA,0.9565,mg,NA,NA,NA,literature,0.001583333,mgC/hr,NA,NA,NA,GrowthRate,NA,NA,NA,22,NA,NA,NA,NA,NA,NA,NA,NA,NA,NA,Decapod value,NA
Pata_excl_951,6,Logan1978b,NA,McConville2017,10.1093/plankt/fbw094,Homarus americanus,Malacostraca,NA,NA,1.6395,mg,NA,NA,NA,literature,0.005041667,mgC/hr,NA,NA,NA,GrowthRate,NA,NA,NA,22,NA,NA,NA,NA,NA,NA,NA,NA,NA,NA,Decapod value,NA
Pata_excl_954,1,Anger1983b,NA,McConville2017,10.1093/plankt/fbw094,Hyas araneus,Malacostraca,NA,NA,0.0419,mg,NA,NA,NA,literature,0.004166667,mgC/hr,NA,NA,NA,GrowthRate,NA,NA,NA,12,NA,NA,NA,NA,NA,NA,NA,NA,NA,NA,Decapod value,NA
Pata_excl_957,2,Anger1983b,NA,McConville2017,10.1093/plankt/fbw094,Hyas araneus,Malacostraca,NA,NA,0.0918,mg,NA,NA,NA,literature,0.002583333,mgC/hr,NA,NA,NA,GrowthRate,NA,NA,NA,12,NA,NA,NA,NA,NA,NA,NA,NA,NA,NA,Decapod value,NA
Pata_excl_961,3,Anger1983b,NA,McConville2017,10.1093/plankt/fbw094,Hyas araneus,Malacostraca,NA,NA,0.2171,mg,NA,NA,NA,literature,6.666666666666666e-4,mgC/hr,NA,NA,NA,GrowthRate,NA,NA,NA,12,NA,NA,NA,NA,NA,NA,NA,NA,NA,NA,Decapod value,NA
Pata_excl_964,1,Jacobi1985b,NA,McConville2017,10.1093/plankt/fbw094,Hyas coarctatus,Malacostraca,NA,NA,0.0178,mg,NA,NA,NA,literature,0.009291667,mgC/hr,NA,NA,NA,GrowthRate,NA,NA,NA,12,NA,NA,NA,NA,NA,NA,NA,NA,NA,NA,Decapod value,NA
Pata_excl_967,2,Jacobi1985b,NA,McConville2017,10.1093/plankt/fbw094,Hyas coarctatus,Malacostraca,NA,NA,0.0244,mg,NA,NA,NA,literature,0.003916667,mgC/hr,NA,NA,NA,GrowthRate,NA,NA,NA,12,NA,NA,NA,NA,NA,NA,NA,NA,NA,NA,Decapod value,NA
Pata_excl_970,3,Jacobi1985b,NA,McConville2017,10.1093/plankt/fbw094,Hyas coarctatus,Malacostraca,NA,NA,0.0292,mg,NA,NA,NA,literature,0.003583333,mgC/hr,NA,NA,NA,GrowthRate,NA,NA,NA,12,NA,NA,NA,NA,NA,NA,NA,NA,NA,NA,Decapod value,NA
Pata_excl_973,4,Jacobi1985b,NA,McConville2017,10.1093/plankt/fbw094,Hyas coarctatus,Malacostraca,NA,NA,0.0346,mg,NA,NA,NA,literature,0.003541667,mgC/hr,NA,NA,NA,GrowthRate,NA,NA,NA,12,NA,NA,NA,NA,NA,NA,NA,NA,NA,NA,Decapod value,NA
Pata_excl_976,5,Jacobi1985b,NA,McConville2017,10.1093/plankt/fbw094,Hyas coarctatus,Malacostraca,NA,NA,0.0387,mg,NA,NA,NA,literature,0.001083333,mgC/hr,NA,NA,NA,GrowthRate,NA,NA,NA,12,NA,NA,NA,NA,NA,NA,NA,NA,NA,NA,Decapod value,NA
Pata_excl_979,6,Jacobi1985b,NA,McConville2017,10.1093/plankt/fbw094,Hyas coarctatus,Malacostraca,NA,NA,0.0415,mg,NA,NA,NA,literature,0.001875,mgC/hr,NA,NA,NA,GrowthRate,NA,NA,NA,12,NA,NA,NA,NA,NA,NA,NA,NA,NA,NA,Decapod value,NA
Pata_excl_982,7,Jacobi1985b,NA,McConville2017,10.1093/plankt/fbw094,Hyas coarctatus,Malacostraca,NA,NA,0.0532,mg,NA,NA,NA,literature,0.005333333,mgC/hr,NA,NA,NA,GrowthRate,NA,NA,NA,12,NA,NA,NA,NA,NA,NA,NA,NA,NA,NA,Decapod value,NA
Pata_excl_985,8,Jacobi1985b,NA,McConville2017,10.1093/plankt/fbw094,Hyas coarctatus,Malacostraca,NA,NA,0.0672,mg,NA,NA,NA,literature,0.004416667,mgC/hr,NA,NA,NA,GrowthRate,NA,NA,NA,12,NA,NA,NA,NA,NA,NA,NA,NA,NA,NA,Decapod value,NA
Pata_excl_988,9,Jacobi1985b,NA,McConville2017,10.1093/plankt/fbw094,Hyas coarctatus,Malacostraca,NA,NA,0.0801,mg,NA,NA,NA,literature,0.002875,mgC/hr,NA,NA,NA,GrowthRate,NA,NA,NA,12,NA,NA,NA,NA,NA,NA,NA,NA,NA,NA,Decapod value,NA
Pata_excl_991,10,Jacobi1985b,NA,McConville2017,10.1093/plankt/fbw094,Hyas coarctatus,Malacostraca,NA,NA,0.0914,mg,NA,NA,NA,literature,0.002625,mgC/hr,NA,NA,NA,GrowthRate,NA,NA,NA,12,NA,NA,NA,NA,NA,NA,NA,NA,NA,NA,Decapod value,NA
Pata_excl_994,11,Jacobi1985b,NA,McConville2017,10.1093/plankt/fbw094,Hyas coarctatus,Malacostraca,NA,NA,0.101,mg,NA,NA,NA,literature,0.0015,mgC/hr,NA,NA,NA,GrowthRate,NA,NA,NA,12,NA,NA,NA,NA,NA,NA,NA,NA,NA,NA,Decapod value,NA
Pata_excl_997,12,Jacobi1985b,NA,McConville2017,10.1093/plankt/fbw094,Hyas coarctatus,Malacostraca,NA,NA,0.106,mg,NA,NA,NA,literature,5.416666666666666e-4,mgC/hr,NA,NA,NA,GrowthRate,NA,NA,NA,12,NA,NA,NA,NA,NA,NA,NA,NA,NA,NA,Decapod value,NA
Pata_excl_1000,13,Jacobi1985b,NA,McConville2017,10.1093/plankt/fbw094,Hyas coarctatus,Malacostraca,NA,NA,0.112,mg,NA,NA,NA,literature,0.002916667,mgC/hr,NA,NA,NA,GrowthRate,NA,NA,NA,12,NA,NA,NA,NA,NA,NA,NA,NA,NA,NA,Decapod value,NA
Pata_excl_1003,14,Jacobi1985b,NA,McConville2017,10.1093/plankt/fbw094,Hyas coarctatus,Malacostraca,NA,NA,0.1342,mg,NA,NA,NA,literature,0.004583333,mgC/hr,NA,NA,NA,GrowthRate,NA,NA,NA,12,NA,NA,NA,NA,NA,NA,NA,NA,NA,NA,Decapod value,NA
Pata_excl_1006,15,Jacobi1985b,NA,McConville2017,10.1093/plankt/fbw094,Hyas coarctatus,Malacostraca,NA,NA,0.1558,mg,NA,NA,NA,literature,0.001708333,mgC/hr,NA,NA,NA,GrowthRate,NA,NA,NA,12,NA,NA,NA,NA,NA,NA,NA,NA,NA,NA,Decapod value,NA
Pata_excl_1009,16,Jacobi1985b,NA,McConville2017,10.1093/plankt/fbw094,Hyas coarctatus,Malacostraca,NA,NA,0.1567,mg,NA,NA,NA,literature,0.002041667,mgC/hr,NA,NA,NA,GrowthRate,NA,NA,NA,12,NA,NA,NA,NA,NA,NA,NA,NA,NA,NA,Decapod value,NA
Pata_excl_1012,17,Jacobi1985b,NA,McConville2017,10.1093/plankt/fbw094,Hyas coarctatus,Malacostraca,NA,NA,0.1694,mg,NA,NA,NA,literature,0.001208333,mgC/hr,NA,NA,NA,GrowthRate,NA,NA,NA,12,NA,NA,NA,NA,NA,NA,NA,NA,NA,NA,Decapod value,NA
Pata_excl_1015,18,Jacobi1985b,NA,McConville2017,10.1093/plankt/fbw094,Hyas coarctatus,Malacostraca,NA,NA,0.1346,mg,NA,NA,NA,literature,0.004791667,mgC/hr,NA,NA,NA,GrowthRate,NA,NA,NA,12,NA,NA,NA,NA,NA,NA,NA,NA,NA,NA,Decapod value,NA
Pata_excl_1018,1,Clutter1971b,NA,McConville2017,10.1093/plankt/fbw094,Metamysidopsis elongata,Malacostraca,NA,NA,0.0451,mg,NA,NA,NA,literature,0.003,mgC/hr,NA,NA,NA,GrowthRate,NA,NA,NA,17,NA,NA,NA,NA,NA,NA,NA,NA,NA,NA,Euphausid value,NA
Pata_excl_1021,2,Clutter1971b,NA,McConville2017,10.1093/plankt/fbw094,Metamysidopsis elongata,Malacostraca,NA,NA,0.1528,mg,NA,NA,NA,literature,0.001083333,mgC/hr,NA,NA,NA,GrowthRate,NA,NA,NA,17,NA,NA,NA,NA,NA,NA,NA,NA,NA,NA,Euphausid value,NA
Pata_excl_1024,3,Clutter1971b,NA,McConville2017,10.1093/plankt/fbw094,Metamysidopsis elongata,Malacostraca,NA,NA,0.2396,mg,NA,NA,NA,literature,4.166666666666667e-4,mgC/hr,NA,NA,NA,GrowthRate,NA,NA,NA,17,NA,NA,NA,NA,NA,NA,NA,NA,NA,NA,Euphausid value,NA
Pata_excl_1027,4,Clutter1971b,NA,McConville2017,10.1093/plankt/fbw094,Metamysidopsis elongata,Malacostraca,NA,NA,0.2892,mg,NA,NA,NA,literature,2.0833333333333335e-4,mgC/hr,NA,NA,NA,GrowthRate,NA,NA,NA,17,NA,NA,NA,NA,NA,NA,NA,NA,NA,NA,Euphausid value,NA
Pata_excl_1030,5,Clutter1971b,NA,McConville2017,10.1093/plankt/fbw094,Metamysidopsis elongata,Malacostraca,NA,NA,0.3239,mg,NA,NA,NA,literature,1.6666666666666666e-4,mgC/hr,NA,NA,NA,GrowthRate,NA,NA,NA,17,NA,NA,NA,NA,NA,NA,NA,NA,NA,NA,Euphausid value,NA
Pata_excl_1033,6,Clutter1971b,NA,McConville2017,10.1093/plankt/fbw094,Metamysidopsis elongata,Malacostraca,NA,NA,0.3495,mg,NA,NA,NA,literature,8.333333333333333e-5,mgC/hr,NA,NA,NA,GrowthRate,NA,NA,NA,17,NA,NA,NA,NA,NA,NA,NA,NA,NA,NA,Euphausid value,NA
Pata_excl_1036,7,Clutter1971b,NA,McConville2017,10.1093/plankt/fbw094,Metamysidopsis elongata,Malacostraca,NA,NA,0.3634,mg,NA,NA,NA,literature,4.1666666666666665e-5,mgC/hr,NA,NA,NA,GrowthRate,NA,NA,NA,17,NA,NA,NA,NA,NA,NA,NA,NA,NA,NA,Euphausid value,NA
Pata_excl_1039,8,Clutter1971b,NA,McConville2017,10.1093/plankt/fbw094,Metamysidopsis elongata,Malacostraca,NA,NA,0.0411,mg,NA,NA,NA,literature,0.002666667,mgC/hr,NA,NA,NA,GrowthRate,NA,NA,NA,17,NA,NA,NA,NA,NA,NA,NA,NA,NA,NA,Euphausid value,NA
Pata_excl_1042,9,Clutter1971b,NA,McConville2017,10.1093/plankt/fbw094,Metamysidopsis elongata,Malacostraca,NA,NA,0.1234,mg,NA,NA,NA,literature,0.001,mgC/hr,NA,NA,NA,GrowthRate,NA,NA,NA,17,NA,NA,NA,NA,NA,NA,NA,NA,NA,NA,Euphausid value,NA
Pata_excl_1047,10,Clutter1971b,NA,McConville2017,10.1093/plankt/fbw094,Metamysidopsis elongata,Malacostraca,NA,NA,0.2482,mg,NA,NA,NA,literature,1.25e-4,mgC/hr,NA,NA,NA,GrowthRate,NA,NA,NA,17,NA,NA,NA,NA,NA,NA,NA,NA,NA,NA,Euphausid value,NA
Pata_excl_1052,1,Ikeda1991b,NA,McConville2017,10.1093/plankt/fbw094,Themisto japonica,Malacostraca,NA,NA,0.00604,mg,NA,NA,NA,literature,0.002420833,mgC/hr,NA,NA,NA,GrowthRate,NA,NA,NA,1,NA,NA,NA,NA,NA,NA,NA,NA,NA,NA,NA,NA
Pata_excl_1055,2,Ikeda1991b,NA,McConville2017,10.1093/plankt/fbw094,Themisto japonica,Malacostraca,NA,NA,0.01287,mg,NA,NA,NA,literature,0.001841667,mgC/hr,NA,NA,NA,GrowthRate,NA,NA,NA,1,NA,NA,NA,NA,NA,NA,NA,NA,NA,NA,NA,NA
Pata_excl_1058,3,Ikeda1991b,NA,McConville2017,10.1093/plankt/fbw094,Themisto japonica,Malacostraca,NA,NA,0.02428,mg,NA,NA,NA,literature,0.001470833,mgC/hr,NA,NA,NA,GrowthRate,NA,NA,NA,1,NA,NA,NA,NA,NA,NA,NA,NA,NA,NA,NA,NA
Pata_excl_1061,4,Ikeda1991b,NA,McConville2017,10.1093/plankt/fbw094,Themisto japonica,Malacostraca,NA,NA,0.04224,mg,NA,NA,NA,literature,0.001195833,mgC/hr,NA,NA,NA,GrowthRate,NA,NA,NA,1,NA,NA,NA,NA,NA,NA,NA,NA,NA,NA,NA,NA
Pata_excl_1064,5,Ikeda1991b,NA,McConville2017,10.1093/plankt/fbw094,Themisto japonica,Malacostraca,NA,NA,0.06938,mg,NA,NA,NA,literature,9.958333333333334e-4,mgC/hr,NA,NA,NA,GrowthRate,NA,NA,NA,1,NA,NA,NA,NA,NA,NA,NA,NA,NA,NA,NA,NA
Pata_excl_1067,6,Ikeda1991b,NA,McConville2017,10.1093/plankt/fbw094,Themisto japonica,Malacostraca,NA,NA,0.10938,mg,NA,NA,NA,literature,8.333333333333334e-4,mgC/hr,NA,NA,NA,GrowthRate,NA,NA,NA,1,NA,NA,NA,NA,NA,NA,NA,NA,NA,NA,NA,NA
Pata_excl_1070,7,Ikeda1991b,NA,McConville2017,10.1093/plankt/fbw094,Themisto japonica,Malacostraca,NA,NA,0.16724,mg,NA,NA,NA,literature,7.083333333333334e-4,mgC/hr,NA,NA,NA,GrowthRate,NA,NA,NA,1,NA,NA,NA,NA,NA,NA,NA,NA,NA,NA,NA,NA
Pata_excl_1073,8,Ikeda1991b,NA,McConville2017,10.1093/plankt/fbw094,Themisto japonica,Malacostraca,NA,NA,0.25006,mg,NA,NA,NA,literature,6e-4,mgC/hr,NA,NA,NA,GrowthRate,NA,NA,NA,1,NA,NA,NA,NA,NA,NA,NA,NA,NA,NA,NA,NA
Pata_excl_1076,9,Ikeda1991b,NA,McConville2017,10.1093/plankt/fbw094,Themisto japonica,Malacostraca,NA,NA,0.36802,mg,NA,NA,NA,literature,5.125e-4,mgC/hr,NA,NA,NA,GrowthRate,NA,NA,NA,1,NA,NA,NA,NA,NA,NA,NA,NA,NA,NA,NA,NA
Pata_excl_1079,10,Ikeda1991b,NA,McConville2017,10.1093/plankt/fbw094,Themisto japonica,Malacostraca,NA,NA,0.53634,mg,NA,NA,NA,literature,4.375e-4,mgC/hr,NA,NA,NA,GrowthRate,NA,NA,NA,1,NA,NA,NA,NA,NA,NA,NA,NA,NA,NA,NA,NA
Pata_excl_1082,11,Ikeda1991b,NA,McConville2017,10.1093/plankt/fbw094,Themisto japonica,Malacostraca,NA,NA,0.77804,mg,NA,NA,NA,literature,3.708333333333333e-4,mgC/hr,NA,NA,NA,GrowthRate,NA,NA,NA,1,NA,NA,NA,NA,NA,NA,NA,NA,NA,NA,NA,NA
Pata_excl_1085,12,Ikeda1991b,NA,McConville2017,10.1093/plankt/fbw094,Themisto japonica,Malacostraca,NA,NA,0.00604,mg,NA,NA,NA,literature,0.005154167,mgC/hr,NA,NA,NA,GrowthRate,NA,NA,NA,7,NA,NA,NA,NA,NA,NA,NA,NA,NA,NA,NA,NA
Pata_excl_1088,13,Ikeda1991b,NA,McConville2017,10.1093/plankt/fbw094,Themisto japonica,Malacostraca,NA,NA,0.01287,mg,NA,NA,NA,literature,0.003925,mgC/hr,NA,NA,NA,GrowthRate,NA,NA,NA,7,NA,NA,NA,NA,NA,NA,NA,NA,NA,NA,NA,NA
Pata_excl_1091,14,Ikeda1991b,NA,McConville2017,10.1093/plankt/fbw094,Themisto japonica,Malacostraca,NA,NA,0.02428,mg,NA,NA,NA,literature,0.003133333,mgC/hr,NA,NA,NA,GrowthRate,NA,NA,NA,7,NA,NA,NA,NA,NA,NA,NA,NA,NA,NA,NA,NA
Pata_excl_1094,15,Ikeda1991b,NA,McConville2017,10.1093/plankt/fbw094,Themisto japonica,Malacostraca,NA,NA,0.04224,mg,NA,NA,NA,literature,0.002545833,mgC/hr,NA,NA,NA,GrowthRate,NA,NA,NA,7,NA,NA,NA,NA,NA,NA,NA,NA,NA,NA,NA,NA
Pata_excl_1097,16,Ikeda1991b,NA,McConville2017,10.1093/plankt/fbw094,Themisto japonica,Malacostraca,NA,NA,0.06938,mg,NA,NA,NA,literature,0.002116667,mgC/hr,NA,NA,NA,GrowthRate,NA,NA,NA,7,NA,NA,NA,NA,NA,NA,NA,NA,NA,NA,NA,NA
Pata_excl_1100,17,Ikeda1991b,NA,McConville2017,10.1093/plankt/fbw094,Themisto japonica,Malacostraca,NA,NA,0.10938,mg,NA,NA,NA,literature,0.001775,mgC/hr,NA,NA,NA,GrowthRate,NA,NA,NA,7,NA,NA,NA,NA,NA,NA,NA,NA,NA,NA,NA,NA
Pata_excl_1103,18,Ikeda1991b,NA,McConville2017,10.1093/plankt/fbw094,Themisto japonica,Malacostraca,NA,NA,0.16724,mg,NA,NA,NA,literature,0.001629167,mgC/hr,NA,NA,NA,GrowthRate,NA,NA,NA,7,NA,NA,NA,NA,NA,NA,NA,NA,NA,NA,NA,NA
Pata_excl_1106,19,Ikeda1991b,NA,McConville2017,10.1093/plankt/fbw094,Themisto japonica,Malacostraca,NA,NA,0.25006,mg,NA,NA,NA,literature,0.001279167,mgC/hr,NA,NA,NA,GrowthRate,NA,NA,NA,7,NA,NA,NA,NA,NA,NA,NA,NA,NA,NA,NA,NA
Pata_excl_1109,20,Ikeda1991b,NA,McConville2017,10.1093/plankt/fbw094,Themisto japonica,Malacostraca,NA,NA,0.36802,mg,NA,NA,NA,literature,0.001091667,mgC/hr,NA,NA,NA,GrowthRate,NA,NA,NA,7,NA,NA,NA,NA,NA,NA,NA,NA,NA,NA,NA,NA
Pata_excl_1112,21,Ikeda1991b,NA,McConville2017,10.1093/plankt/fbw094,Themisto japonica,Malacostraca,NA,NA,0.53634,mg,NA,NA,NA,literature,9.291666666666667e-4,mgC/hr,NA,NA,NA,GrowthRate,NA,NA,NA,7,NA,NA,NA,NA,NA,NA,NA,NA,NA,NA,NA,NA
Pata_excl_1115,22,Ikeda1991b,NA,McConville2017,10.1093/plankt/fbw094,Themisto japonica,Malacostraca,NA,NA,0.77804,mg,NA,NA,NA,literature,7.875e-4,mgC/hr,NA,NA,NA,GrowthRate,NA,NA,NA,7,NA,NA,NA,NA,NA,NA,NA,NA,NA,NA,NA,NA
Pata_excl_1118,23,Ikeda1991b,NA,McConville2017,10.1093/plankt/fbw094,Themisto japonica,Malacostraca,NA,NA,0.00604,mg,NA,NA,NA,literature,0.009866667,mgC/hr,NA,NA,NA,GrowthRate,NA,NA,NA,15,NA,NA,NA,NA,NA,NA,NA,NA,NA,NA,NA,NA
Pata_excl_1121,24,Ikeda1991b,NA,McConville2017,10.1093/plankt/fbw094,Themisto japonica,Malacostraca,NA,NA,0.01287,mg,NA,NA,NA,literature,0.007508333,mgC/hr,NA,NA,NA,GrowthRate,NA,NA,NA,15,NA,NA,NA,NA,NA,NA,NA,NA,NA,NA,NA,NA
Pata_excl_1124,25,Ikeda1991b,NA,McConville2017,10.1093/plankt/fbw094,Themisto japonica,Malacostraca,NA,NA,0.02428,mg,NA,NA,NA,literature,0.0059875,mgC/hr,NA,NA,NA,GrowthRate,NA,NA,NA,15,NA,NA,NA,NA,NA,NA,NA,NA,NA,NA,NA,NA
Pata_excl_1127,26,Ikeda1991b,NA,McConville2017,10.1093/plankt/fbw094,Themisto japonica,Malacostraca,NA,NA,0.04224,mg,NA,NA,NA,literature,0.004866667,mgC/hr,NA,NA,NA,GrowthRate,NA,NA,NA,15,NA,NA,NA,NA,NA,NA,NA,NA,NA,NA,NA,NA
Pata_excl_1130,27,Ikeda1991b,NA,McConville2017,10.1093/plankt/fbw094,Themisto japonica,Malacostraca,NA,NA,0.06938,mg,NA,NA,NA,literature,0.004045833,mgC/hr,NA,NA,NA,GrowthRate,NA,NA,NA,15,NA,NA,NA,NA,NA,NA,NA,NA,NA,NA,NA,NA
Pata_excl_1133,28,Ikeda1991b,NA,McConville2017,10.1093/plankt/fbw094,Themisto japonica,Malacostraca,NA,NA,0.10938,mg,NA,NA,NA,literature,0.0034,mgC/hr,NA,NA,NA,GrowthRate,NA,NA,NA,15,NA,NA,NA,NA,NA,NA,NA,NA,NA,NA,NA,NA
Pata_excl_1136,29,Ikeda1991b,NA,McConville2017,10.1093/plankt/fbw094,Themisto japonica,Malacostraca,NA,NA,0.16724,mg,NA,NA,NA,literature,0.002879167,mgC/hr,NA,NA,NA,GrowthRate,NA,NA,NA,15,NA,NA,NA,NA,NA,NA,NA,NA,NA,NA,NA,NA
Pata_excl_1139,30,Ikeda1991b,NA,McConville2017,10.1093/plankt/fbw094,Themisto japonica,Malacostraca,NA,NA,0.25006,mg,NA,NA,NA,literature,0.002445833,mgC/hr,NA,NA,NA,GrowthRate,NA,NA,NA,15,NA,NA,NA,NA,NA,NA,NA,NA,NA,NA,NA,NA
Pata_excl_1142,31,Ikeda1991b,NA,McConville2017,10.1093/plankt/fbw094,Themisto japonica,Malacostraca,NA,NA,0.36802,mg,NA,NA,NA,literature,0.002083333,mgC/hr,NA,NA,NA,GrowthRate,NA,NA,NA,15,NA,NA,NA,NA,NA,NA,NA,NA,NA,NA,NA,NA
Pata_excl_1145,32,Ikeda1991b,NA,McConville2017,10.1093/plankt/fbw094,Themisto japonica,Malacostraca,NA,NA,0.53634,mg,NA,NA,NA,literature,0.001775,mgC/hr,NA,NA,NA,GrowthRate,NA,NA,NA,15,NA,NA,NA,NA,NA,NA,NA,NA,NA,NA,NA,NA
Pata_excl_1148,33,Ikeda1991b,NA,McConville2017,10.1093/plankt/fbw094,Themisto japonica,Malacostraca,NA,NA,0.77804,mg,NA,NA,NA,literature,0.001504167,mgC/hr,NA,NA,NA,GrowthRate,NA,NA,NA,15,NA,NA,NA,NA,NA,NA,NA,NA,NA,NA,NA,NA
Pata_excl_1151,1,Reeve1976b,NA,McConville2017,10.1093/plankt/fbw094,Pleurobrachia bachei,Tentaculata,NA,NA,5.5725026181699e-4,mg,NA,NA,NA,literature,0.031144432347541166,mgC/hr,NA,NA,NA,GrowthRate,NA,NA,NA,20,NA,NA,NA,NA,NA,NA,NA,NA,NA,NA,NA,NA
Pata_excl_1154,2,Reeve1976b,NA,McConville2017,10.1093/plankt/fbw094,Pleurobrachia bachei,Tentaculata,NA,NA,0.010427063,mg,NA,NA,NA,literature,0.041017353034407254,mgC/hr,NA,NA,NA,GrowthRate,NA,NA,NA,20,NA,NA,NA,NA,NA,NA,NA,NA,NA,NA,NA,NA
Pata_excl_1157,3,Reeve1976b,NA,McConville2017,10.1093/plankt/fbw094,Pleurobrachia bachei,Tentaculata,NA,NA,0.081966395,mg,NA,NA,NA,literature,0.012646852,mgC/hr,NA,NA,NA,GrowthRate,NA,NA,NA,20,NA,NA,NA,NA,NA,NA,NA,NA,NA,NA,NA,NA
Pata_excl_1160,4,Reeve1976b,NA,McConville2017,10.1093/plankt/fbw094,Pleurobrachia bachei,Tentaculata,NA,NA,0.180765136,mg,NA,NA,NA,literature,0.003582667,mgC/hr,NA,NA,NA,GrowthRate,NA,NA,NA,20,NA,NA,NA,NA,NA,NA,NA,NA,NA,NA,NA,NA
Pata_excl_1163,5,Reeve1976b,NA,McConville2017,10.1093/plankt/fbw094,Pleurobrachia bachei,Tentaculata,NA,NA,0.304397607,mg,NA,NA,NA,literature,0.004245731,mgC/hr,NA,NA,NA,GrowthRate,NA,NA,NA,20,NA,NA,NA,NA,NA,NA,NA,NA,NA,NA,NA,NA
Pata_excl_1166,6,Reeve1976b,NA,McConville2017,10.1093/plankt/fbw094,Pleurobrachia bachei,Tentaculata,NA,NA,0.48258595,mg,NA,NA,NA,literature,0.001237189,mgC/hr,NA,NA,NA,GrowthRate,NA,NA,NA,20,NA,NA,NA,NA,NA,NA,NA,NA,NA,NA,NA,NA
Pata_excl_1169,7,Reeve1976b,NA,McConville2017,10.1093/plankt/fbw094,Pleurobrachia bachei,Tentaculata,NA,NA,0.720722352,mg,NA,NA,NA,literature,0.003762641,mgC/hr,NA,NA,NA,GrowthRate,NA,NA,NA,20,NA,NA,NA,NA,NA,NA,NA,NA,NA,NA,NA,NA
Pata_excl_1172,8,Reeve1976b,NA,McConville2017,10.1093/plankt/fbw094,Pleurobrachia bachei,Tentaculata,NA,NA,1.013488482,mg,NA,NA,NA,literature,2.992244451157058e-4,mgC/hr,NA,NA,NA,GrowthRate,NA,NA,NA,20,NA,NA,NA,NA,NA,NA,NA,NA,NA,NA,NA,NA
Pata_excl_1175,9,Reeve1976b,NA,McConville2017,10.1093/plankt/fbw094,Pleurobrachia bachei,Tentaculata,NA,NA,4.9481914688367e-5,mg,NA,NA,NA,literature,4.151188744101258e-4,mgC/hr,NA,NA,NA,GrowthRate,NA,NA,NA,13,NA,NA,NA,NA,NA,NA,NA,NA,NA,NA,NA,NA
Pata_excl_1178,10,Reeve1976b,NA,McConville2017,10.1093/plankt/fbw094,Pleurobrachia bachei,Tentaculata,NA,NA,7.18280667366351e-5,mg,NA,NA,NA,literature,0.011090175822593876,mgC/hr,NA,NA,NA,GrowthRate,NA,NA,NA,13,NA,NA,NA,NA,NA,NA,NA,NA,NA,NA,NA,NA
Pata_excl_1181,11,Reeve1976b,NA,McConville2017,10.1093/plankt/fbw094,Pleurobrachia bachei,Tentaculata,NA,NA,2.9241880595405e-4,mg,NA,NA,NA,literature,0.017426856181297832,mgC/hr,NA,NA,NA,GrowthRate,NA,NA,NA,13,NA,NA,NA,NA,NA,NA,NA,NA,NA,NA,NA,NA
Pata_excl_1184,12,Reeve1976b,NA,McConville2017,10.1093/plankt/fbw094,Pleurobrachia bachei,Tentaculata,NA,NA,0.001730027,mg,NA,NA,NA,literature,0.022659969193037668,mgC/hr,NA,NA,NA,GrowthRate,NA,NA,NA,13,NA,NA,NA,NA,NA,NA,NA,NA,NA,NA,NA,NA
Pata_excl_1187,13,Reeve1976b,NA,McConville2017,10.1093/plankt/fbw094,Pleurobrachia bachei,Tentaculata,NA,NA,0.009642971,mg,NA,NA,NA,literature,0.020346023623693293,mgC/hr,NA,NA,NA,GrowthRate,NA,NA,NA,13,NA,NA,NA,NA,NA,NA,NA,NA,NA,NA,NA,NA
Pata_excl_1190,14,Reeve1976b,NA,McConville2017,10.1093/plankt/fbw094,Pleurobrachia bachei,Tentaculata,NA,NA,0.067262116,mg,NA,NA,NA,literature,0.029601863,mgC/hr,NA,NA,NA,GrowthRate,NA,NA,NA,13,NA,NA,NA,NA,NA,NA,NA,NA,NA,NA,NA,NA
Pata_excl_1193,15,Reeve1976b,NA,McConville2017,10.1093/plankt/fbw094,Pleurobrachia bachei,Tentaculata,NA,NA,0.221982969,mg,NA,NA,NA,literature,0.002511597,mgC/hr,NA,NA,NA,GrowthRate,NA,NA,NA,13,NA,NA,NA,NA,NA,NA,NA,NA,NA,NA,NA,NA
Pata_excl_1196,16,Reeve1976b,NA,McConville2017,10.1093/plankt/fbw094,Pleurobrachia bachei,Tentaculata,NA,NA,0.351845416,mg,NA,NA,NA,literature,0.002841594,mgC/hr,NA,NA,NA,GrowthRate,NA,NA,NA,13,NA,NA,NA,NA,NA,NA,NA,NA,NA,NA,NA,NA
Pata_excl_1199,17,Reeve1976b,NA,McConville2017,10.1093/plankt/fbw094,Pleurobrachia bachei,Tentaculata,NA,NA,0.480379509,mg,NA,NA,NA,literature,0.001161188,mgC/hr,NA,NA,NA,GrowthRate,NA,NA,NA,13,NA,NA,NA,NA,NA,NA,NA,NA,NA,NA,NA,NA
Pata_excl_1202,18,Reeve1976b,NA,McConville2017,10.1093/plankt/fbw094,Pleurobrachia bachei,Tentaculata,NA,NA,0.717148558,mg,NA,NA,NA,literature,0.003075465,mgC/hr,NA,NA,NA,GrowthRate,NA,NA,NA,13,NA,NA,NA,NA,NA,NA,NA,NA,NA,NA,NA,NA
Pata_excl_1205,19,Reeve1976b,NA,McConville2017,10.1093/plankt/fbw094,Pleurobrachia bachei,Tentaculata,NA,NA,3.35324080277419e-5,mg,NA,NA,NA,literature,0.009112795,mgC/hr,NA,NA,NA,GrowthRate,NA,NA,NA,13,NA,NA,NA,NA,NA,NA,NA,NA,NA,NA,NA,NA
Pata_excl_1208,20,Reeve1976b,NA,McConville2017,10.1093/plankt/fbw094,Pleurobrachia bachei,Tentaculata,NA,NA,1.4493840067387e-4,mg,NA,NA,NA,literature,0.027114284162442878,mgC/hr,NA,NA,NA,GrowthRate,NA,NA,NA,13,NA,NA,NA,NA,NA,NA,NA,NA,NA,NA,NA,NA
Pata_excl_1211,21,Reeve1976b,NA,McConville2017,10.1093/plankt/fbw094,Pleurobrachia bachei,Tentaculata,NA,NA,0.001011139,mg,NA,NA,NA,literature,0.027195309,mgC/hr,NA,NA,NA,GrowthRate,NA,NA,NA,13,NA,NA,NA,NA,NA,NA,NA,NA,NA,NA,NA,NA
Pata_excl_1214,22,Reeve1976b,NA,McConville2017,10.1093/plankt/fbw094,Pleurobrachia bachei,Tentaculata,NA,NA,0.006844103,mg,NA,NA,NA,literature,0.017530706281575877,mgC/hr,NA,NA,NA,GrowthRate,NA,NA,NA,13,NA,NA,NA,NA,NA,NA,NA,NA,NA,NA,NA,NA
Pata_excl_1217,23,Reeve1976b,NA,McConville2017,10.1093/plankt/fbw094,Pleurobrachia bachei,Tentaculata,NA,NA,0.049894547,mg,NA,NA,NA,literature,0.015175522756571582,mgC/hr,NA,NA,NA,GrowthRate,NA,NA,NA,13,NA,NA,NA,NA,NA,NA,NA,NA,NA,NA,NA,NA
Pata_excl_1220,24,Reeve1976b,NA,McConville2017,10.1093/plankt/fbw094,Pleurobrachia bachei,Tentaculata,NA,NA,0.215426439,mg,NA,NA,NA,literature,0.005236488,mgC/hr,NA,NA,NA,GrowthRate,NA,NA,NA,13,NA,NA,NA,NA,NA,NA,NA,NA,NA,NA,NA,NA
Pata_excl_1223,25,Reeve1976b,NA,McConville2017,10.1093/plankt/fbw094,Pleurobrachia bachei,Tentaculata,NA,NA,0.379407497,mg,NA,NA,NA,literature,0.00271121,mgC/hr,NA,NA,NA,GrowthRate,NA,NA,NA,13,NA,NA,NA,NA,NA,NA,NA,NA,NA,NA,NA,NA
Pata_excl_1226,26,Reeve1976b,NA,McConville2017,10.1093/plankt/fbw094,Pleurobrachia bachei,Tentaculata,NA,NA,0.51087809,mg,NA,NA,NA,literature,0.003870626,mgC/hr,NA,NA,NA,GrowthRate,NA,NA,NA,13,NA,NA,NA,NA,NA,NA,NA,NA,NA,NA,NA,NA
Pata_excl_1229,27,Reeve1976b,NA,McConville2017,10.1093/plankt/fbw094,Pleurobrachia bachei,Tentaculata,NA,NA,0.654012157,mg,NA,NA,NA,literature,5.944062741099833e-4,mgC/hr,NA,NA,NA,GrowthRate,NA,NA,NA,13,NA,NA,NA,NA,NA,NA,NA,NA,NA,NA,NA,NA
Pata_excl_1232,28,Hirota1972b,NA,McConville2017,10.1093/plankt/fbw094,Pleurobrachia bachei,Tentaculata,NA,NA,0.015343204,mg,NA,NA,NA,literature,0.013580614,mgC/hr,NA,NA,NA,GrowthRate,NA,NA,NA,14.2,NA,NA,NA,NA,NA,NA,NA,NA,NA,NA,NA,NA
Pata_excl_1235,29,Hirota1972b,NA,McConville2017,10.1093/plankt/fbw094,Pleurobrachia bachei,Tentaculata,NA,NA,0.142956301,mg,NA,NA,NA,literature,0.009300902,mgC/hr,NA,NA,NA,GrowthRate,NA,NA,NA,14.2,NA,NA,NA,NA,NA,NA,NA,NA,NA,NA,NA,NA
Pata_excl_1238,30,Hirota1972b,NA,McConville2017,10.1093/plankt/fbw094,Pleurobrachia bachei,Tentaculata,NA,NA,0.446889941,mg,NA,NA,NA,literature,0.005176113,mgC/hr,NA,NA,NA,GrowthRate,NA,NA,NA,14.2,NA,NA,NA,NA,NA,NA,NA,NA,NA,NA,NA,NA
Pata_excl_1241,31,Hirota1972b,NA,McConville2017,10.1093/plankt/fbw094,Pleurobrachia bachei,Tentaculata,NA,NA,0.875242064,mg,NA,NA,NA,literature,0.001699501,mgC/hr,NA,NA,NA,GrowthRate,NA,NA,NA,14.2,NA,NA,NA,NA,NA,NA,NA,NA,NA,NA,NA,NA
Pata_excl_1244,32,Hirota1972b,NA,McConville2017,10.1093/plankt/fbw094,Pleurobrachia bachei,Tentaculata,NA,NA,1.515020623,mg,NA,NA,NA,literature,0.002059342,mgC/hr,NA,NA,NA,GrowthRate,NA,NA,NA,14.2,NA,NA,NA,NA,NA,NA,NA,NA,NA,NA,NA,NA
Pata_excl_1247,33,Hirota1972b,NA,McConville2017,10.1093/plankt/fbw094,Pleurobrachia bachei,Tentaculata,NA,NA,2.157564295,mg,NA,NA,NA,literature,0.001021919,mgC/hr,NA,NA,NA,GrowthRate,NA,NA,NA,14.2,NA,NA,NA,NA,NA,NA,NA,NA,NA,NA,NA,NA
Pata_excl_1250,34,Hirota1972b,NA,McConville2017,10.1093/plankt/fbw094,Pleurobrachia bachei,Tentaculata,NA,NA,0.033296053,mg,NA,NA,NA,literature,0.004773627,mgC/hr,NA,NA,NA,GrowthRate,NA,NA,NA,14.2,NA,NA,NA,NA,NA,NA,NA,NA,NA,NA,NA,NA
Pata_excl_1253,35,Hirota1972b,NA,McConville2017,10.1093/plankt/fbw094,Pleurobrachia bachei,Tentaculata,NA,NA,0.130397116,mg,NA,NA,NA,literature,0.009149112,mgC/hr,NA,NA,NA,GrowthRate,NA,NA,NA,14.2,NA,NA,NA,NA,NA,NA,NA,NA,NA,NA,NA,NA
Pata_excl_1256,36,Hirota1972b,NA,McConville2017,10.1093/plankt/fbw094,Pleurobrachia bachei,Tentaculata,NA,NA,0.510605712,mg,NA,NA,NA,literature,0.006116091,mgC/hr,NA,NA,NA,GrowthRate,NA,NA,NA,14.2,NA,NA,NA,NA,NA,NA,NA,NA,NA,NA,NA,NA
Pata_excl_1259,37,Hirota1972b,NA,McConville2017,10.1093/plankt/fbw094,Pleurobrachia bachei,Tentaculata,NA,NA,1.162633895,mg,NA,NA,NA,literature,0.002585212,mgC/hr,NA,NA,NA,GrowthRate,NA,NA,NA,14.2,NA,NA,NA,NA,NA,NA,NA,NA,NA,NA,NA,NA
Pata_excl_1262,38,Hirota1972b,NA,McConville2017,10.1093/plankt/fbw094,Pleurobrachia bachei,Tentaculata,NA,NA,1.656786307,mg,NA,NA,NA,literature,9.90507090474404e-4,mgC/hr,NA,NA,NA,GrowthRate,NA,NA,NA,14.2,NA,NA,NA,NA,NA,NA,NA,NA,NA,NA,NA,NA
Pata_excl_1265,1,Gibson2000,NA,McConville2017,10.1093/plankt/fbw094,Dolioletta gegenbauri,Thaliacea,NA,NA,0.005,mg,NA,NA,NA,literature,0.0035252,mgC/hr,NA,NA,NA,GrowthRate,NA,NA,NA,16.5,NA,NA,NA,NA,NA,NA,NA,NA,NA,NA,"No information on length of incubation, can't calculate masses so used starting masses, used Larson 86 cvol value for thaliaceans",NA
Pata_excl_1268,2,Gibson2000,NA,McConville2017,10.1093/plankt/fbw094,Dolioletta gegenbauri,Thaliacea,NA,NA,0.015,mg,NA,NA,NA,literature,0.010635793926340916,mgC/hr,NA,NA,NA,GrowthRate,NA,NA,NA,16.5,NA,NA,NA,NA,NA,NA,NA,NA,NA,NA,"No information on length of incubation, can't calculate masses so used starting masses, used Larson 86 cvol value for thaliaceans",NA
Pata_excl_1271,3,Gibson2000,NA,McConville2017,10.1093/plankt/fbw094,Dolioletta gegenbauri,Thaliacea,NA,NA,0.035,mg,NA,NA,NA,literature,0.012389028739807377,mgC/hr,NA,NA,NA,GrowthRate,NA,NA,NA,16.5,NA,NA,NA,NA,NA,NA,NA,NA,NA,NA,"No information on length of incubation, can't calculate masses so used starting masses, used Larson 86 cvol value for thaliaceans",NA
Pata_excl_1274,4,Gibson2000,NA,McConville2017,10.1093/plankt/fbw094,Dolioletta gegenbauri,Thaliacea,NA,NA,0.005,mg,NA,NA,NA,literature,0.02908878,mgC/hr,NA,NA,NA,GrowthRate,NA,NA,NA,20,NA,NA,NA,NA,NA,NA,NA,NA,NA,NA,"No information on length of incubation, can't calculate masses so used starting masses, used Larson 86 cvol value for thaliaceans",NA
Pata_excl_1277,5,Gibson2000,NA,McConville2017,10.1093/plankt/fbw094,Dolioletta gegenbauri,Thaliacea,NA,NA,0.015,mg,NA,NA,NA,literature,0.02129663,mgC/hr,NA,NA,NA,GrowthRate,NA,NA,NA,20,NA,NA,NA,NA,NA,NA,NA,NA,NA,NA,"No information on length of incubation, can't calculate masses so used starting masses, used Larson 86 cvol value for thaliaceans",NA
Pata_excl_1280,6,Gibson2000,NA,McConville2017,10.1093/plankt/fbw094,Dolioletta gegenbauri,Thaliacea,NA,NA,0.035,mg,NA,NA,NA,literature,0.013796684469021958,mgC/hr,NA,NA,NA,GrowthRate,NA,NA,NA,20,NA,NA,NA,NA,NA,NA,NA,NA,NA,NA,"No information on length of incubation, can't calculate masses so used starting masses, used Larson 86 cvol value for thaliaceans",NA
Pata_excl_1283,7,Gibson2000,NA,McConville2017,10.1093/plankt/fbw094,Dolioletta gegenbauri,Thaliacea,NA,NA,0.005,mg,NA,NA,NA,literature,0.02328793,mgC/hr,NA,NA,NA,GrowthRate,NA,NA,NA,23.5,NA,NA,NA,NA,NA,NA,NA,NA,NA,NA,"No information on length of incubation, can't calculate masses so used starting masses, used Larson 86 cvol value for thaliaceans",NA
Pata_excl_1286,8,Gibson2000,NA,McConville2017,10.1093/plankt/fbw094,Dolioletta gegenbauri,Thaliacea,NA,NA,0.015,mg,NA,NA,NA,literature,0.020269231,mgC/hr,NA,NA,NA,GrowthRate,NA,NA,NA,23.5,NA,NA,NA,NA,NA,NA,NA,NA,NA,NA,"No information on length of incubation, can't calculate masses so used starting masses, used Larson 86 cvol value for thaliaceans",NA
Pata_excl_1289,9,Gibson2000,NA,McConville2017,10.1093/plankt/fbw094,Dolioletta gegenbauri,Thaliacea,NA,NA,0.035,mg,NA,NA,NA,literature,0.011308258521452834,mgC/hr,NA,NA,NA,GrowthRate,NA,NA,NA,23.5,NA,NA,NA,NA,NA,NA,NA,NA,NA,NA,"No information on length of incubation, can't calculate masses so used starting masses, used Larson 86 cvol value for thaliaceans",NA
Pata_excl_1292,10,Gibson2000,NA,McConville2017,10.1093/plankt/fbw094,Dolioletta gegenbauri,Thaliacea,NA,NA,0.005,mg,NA,NA,NA,literature,0.028683993416209166,mgC/hr,NA,NA,NA,GrowthRate,NA,NA,NA,26.5,NA,NA,NA,NA,NA,NA,NA,NA,NA,NA,"No information on length of incubation, can't calculate masses so used starting masses, used Larson 86 cvol value for thaliaceans",NA
Pata_excl_1295,11,Gibson2000,NA,McConville2017,10.1093/plankt/fbw094,Dolioletta gegenbauri,Thaliacea,NA,NA,0.015,mg,NA,NA,NA,literature,0.024981204741195376,mgC/hr,NA,NA,NA,GrowthRate,NA,NA,NA,26.5,NA,NA,NA,NA,NA,NA,NA,NA,NA,NA,"No information on length of incubation, can't calculate masses so used starting masses, used Larson 86 cvol value for thaliaceans",NA
Pata_excl_1298,12,Gibson2000,NA,McConville2017,10.1093/plankt/fbw094,Dolioletta gegenbauri,Thaliacea,NA,NA,0.035,mg,NA,NA,NA,literature,0.019528218321063332,mgC/hr,NA,NA,NA,GrowthRate,NA,NA,NA,26.5,NA,NA,NA,NA,NA,NA,NA,NA,NA,NA,"No information on length of incubation, can't calculate masses so used starting masses, used Larson 86 cvol value for thaliaceans",NA
Pata_excl_1301,13,Deibel1982,NA,McConville2017,10.1093/plankt/fbw094,Dolioletta gegenbauri,Thaliacea,NA,NA,0.003517146,mg,NA,NA,NA,literature,0.00377094,mgC/hr,NA,NA,NA,GrowthRate,NA,NA,NA,20,NA,NA,NA,NA,NA,NA,NA,NA,NA,NA,Used cvol value for thaliaceans from Larson 86 as could not find reliable doliolid value,NA
Pata_excl_1304,14,Deibel1982,NA,McConville2017,10.1093/plankt/fbw094,Dolioletta gegenbauri,Thaliacea,NA,NA,0.003833754,mg,NA,NA,NA,literature,0.003411946,mgC/hr,NA,NA,NA,GrowthRate,NA,NA,NA,20,NA,NA,NA,NA,NA,NA,NA,NA,NA,NA,Used cvol value for thaliaceans from Larson 86 as could not find reliable doliolid value,NA
Pata_excl_1307,15,Deibel1982,NA,McConville2017,10.1093/plankt/fbw094,Dolioletta gegenbauri,Thaliacea,NA,NA,0.004448749,mg,NA,NA,NA,literature,0.008986267,mgC/hr,NA,NA,NA,GrowthRate,NA,NA,NA,20,NA,NA,NA,NA,NA,NA,NA,NA,NA,NA,Used cvol value for thaliaceans from Larson 86 as could not find reliable doliolid value,NA
Pata_excl_1310,16,Deibel1982,NA,McConville2017,10.1093/plankt/fbw094,Dolioletta gegenbauri,Thaliacea,NA,NA,0.005591488,mg,NA,NA,NA,literature,0.010065601384354958,mgC/hr,NA,NA,NA,GrowthRate,NA,NA,NA,20,NA,NA,NA,NA,NA,NA,NA,NA,NA,NA,Used cvol value for thaliaceans from Larson 86 as could not find reliable doliolid value,NA
Pata_excl_1313,17,Deibel1982,NA,McConville2017,10.1093/plankt/fbw094,Dolioletta gegenbauri,Thaliacea,NA,NA,0.006877697,mg,NA,NA,NA,literature,0.007187597,mgC/hr,NA,NA,NA,GrowthRate,NA,NA,NA,20,NA,NA,NA,NA,NA,NA,NA,NA,NA,NA,Used cvol value for thaliaceans from Larson 86 as could not find reliable doliolid value,NA
Pata_excl_1316,18,Deibel1982,NA,McConville2017,10.1093/plankt/fbw094,Dolioletta gegenbauri,Thaliacea,NA,NA,0.008314976,mg,NA,NA,NA,literature,0.008626935,mgC/hr,NA,NA,NA,GrowthRate,NA,NA,NA,20,NA,NA,NA,NA,NA,NA,NA,NA,NA,NA,Used cvol value for thaliaceans from Larson 86 as could not find reliable doliolid value,NA
Pata_excl_1319,19,Deibel1982,NA,McConville2017,10.1093/plankt/fbw094,Dolioletta gegenbauri,Thaliacea,NA,NA,0.01018362,mg,NA,NA,NA,literature,0.008266594,mgC/hr,NA,NA,NA,GrowthRate,NA,NA,NA,20,NA,NA,NA,NA,NA,NA,NA,NA,NA,NA,Used cvol value for thaliaceans from Larson 86 as could not find reliable doliolid value,NA
Pata_excl_1322,20,Deibel1982,NA,McConville2017,10.1093/plankt/fbw094,Dolioletta gegenbauri,Thaliacea,NA,NA,0.012472159,mg,NA,NA,NA,literature,0.008626596,mgC/hr,NA,NA,NA,GrowthRate,NA,NA,NA,20,NA,NA,NA,NA,NA,NA,NA,NA,NA,NA,Used cvol value for thaliaceans from Larson 86 as could not find reliable doliolid value,NA
Pata_excl_1325,21,Deibel1982,NA,McConville2017,10.1093/plankt/fbw094,Dolioletta gegenbauri,Thaliacea,NA,NA,0.016792194,mg,NA,NA,NA,literature,0.003231602,mgC/hr,NA,NA,NA,GrowthRate,NA,NA,NA,20,NA,NA,NA,NA,NA,NA,NA,NA,NA,NA,Used cvol value for thaliaceans from Larson 86 as could not find reliable doliolid value,NA
Pata_excl_1328,22,Deibel1982,NA,McConville2017,10.1093/plankt/fbw094,Dolioletta gegenbauri,Thaliacea,NA,NA,0.021467486,mg,NA,NA,NA,literature,0.004310768,mgC/hr,NA,NA,NA,GrowthRate,NA,NA,NA,20,NA,NA,NA,NA,NA,NA,NA,NA,NA,NA,Used cvol value for thaliaceans from Larson 86 as could not find reliable doliolid value,NA
Pata_excl_1331,1,Arai1980b,NA,McConville2017,10.1093/plankt/fbw094,Aequorea victoria,Hydrozoa,NA,NA,1.383626732,mg,NA,NA,NA,literature,0.004519505,mgC/hr,NA,NA,NA,GrowthRate,NA,NA,NA,11.6,NA,NA,NA,NA,NA,NA,NA,NA,NA,NA,"Composition (AFDW =23%DW Larson 1986, CW=16% DW Kiorboe 2013)",NA
Pata_excl_1334,2,Arai1980b,NA,McConville2017,10.1093/plankt/fbw094,Aequorea victoria,Hydrozoa,NA,NA,2.808514783,mg,NA,NA,NA,literature,0.003908443,mgC/hr,NA,NA,NA,GrowthRate,NA,NA,NA,11.6,NA,NA,NA,NA,NA,NA,NA,NA,NA,NA,NA,NA
Pata_excl_1337,3,Arai1980b,NA,McConville2017,10.1093/plankt/fbw094,Aequorea victoria,Hydrozoa,NA,NA,5.57674491,mg,NA,NA,NA,literature,0.004257622,mgC/hr,NA,NA,NA,GrowthRate,NA,NA,NA,11.6,NA,NA,NA,NA,NA,NA,NA,NA,NA,NA,NA,NA
Pata_excl_1340,4,Arai1980b,NA,McConville2017,10.1093/plankt/fbw094,Aequorea victoria,Hydrozoa,NA,NA,10.44150505,mg,NA,NA,NA,literature,0.003208848,mgC/hr,NA,NA,NA,GrowthRate,NA,NA,NA,11.6,NA,NA,NA,NA,NA,NA,NA,NA,NA,NA,NA,NA
Pata_excl_1343,5,Arai1980b,NA,McConville2017,10.1093/plankt/fbw094,Aequorea victoria,Hydrozoa,NA,NA,16.6373785,mg,NA,NA,NA,literature,0.002337142,mgC/hr,NA,NA,NA,GrowthRate,NA,NA,NA,11.6,NA,NA,NA,NA,NA,NA,NA,NA,NA,NA,NA,NA
Pata_excl_1346,6,Arai1980b,NA,McConville2017,10.1093/plankt/fbw094,Aequorea victoria,Hydrozoa,NA,NA,23.92712332,mg,NA,NA,NA,literature,0.001988582,mgC/hr,NA,NA,NA,GrowthRate,NA,NA,NA,11.6,NA,NA,NA,NA,NA,NA,NA,NA,NA,NA,NA,NA
Pata_excl_1349,7,Arai1980b,NA,McConville2017,10.1093/plankt/fbw094,Aequorea victoria,Hydrozoa,NA,NA,30.37478554,mg,NA,NA,NA,literature,8.518958759732375e-4,mgC/hr,NA,NA,NA,GrowthRate,NA,NA,NA,11.6,NA,NA,NA,NA,NA,NA,NA,NA,NA,NA,NA,NA
Pata_excl_1352,8,Arai1980b,NA,McConville2017,10.1093/plankt/fbw094,Aequorea victoria,Hydrozoa,NA,NA,33.79022715,mg,NA,NA,NA,literature,4.166610520929179e-4,mgC/hr,NA,NA,NA,GrowthRate,NA,NA,NA,11.6,NA,NA,NA,NA,NA,NA,NA,NA,NA,NA,NA,NA
Pata_excl_1355,1,Moller2007,NA,McConville2017,10.1093/plankt/fbw094,Aequorea vitrina,Hydrozoa,NA,NA,0.16775086,mg,NA,NA,NA,literature,0.007058823,mgC/hr,NA,NA,NA,GrowthRate,NA,NA,NA,15,NA,NA,NA,NA,NA,NA,NA,NA,NA,NA,NA,NA
Pata_excl_1358,2,Moller2007,NA,McConville2017,10.1093/plankt/fbw094,Aequorea vitrina,Hydrozoa,NA,NA,0.796816573,mg,NA,NA,NA,literature,0.004142157,mgC/hr,NA,NA,NA,GrowthRate,NA,NA,NA,15,NA,NA,NA,NA,NA,NA,NA,NA,NA,NA,NA,NA
Pata_excl_1361,3,Moller2007,NA,McConville2017,10.1093/plankt/fbw094,Aequorea vitrina,Hydrozoa,NA,NA,0.796816573,mg,NA,NA,NA,literature,0.002328431,mgC/hr,NA,NA,NA,GrowthRate,NA,NA,NA,15,NA,NA,NA,NA,NA,NA,NA,NA,NA,NA,NA,NA
Pata_excl_1364,4,Moller2007,NA,McConville2017,10.1093/plankt/fbw094,Aequorea vitrina,Hydrozoa,NA,NA,1.677508697,mg,NA,NA,NA,literature,0.002083333,mgC/hr,NA,NA,NA,GrowthRate,NA,NA,NA,15,NA,NA,NA,NA,NA,NA,NA,NA,NA,NA,NA,NA
Pata_excl_1368,5,Moller2007,NA,McConville2017,10.1093/plankt/fbw094,Aequorea vitrina,Hydrozoa,NA,NA,5.147854557,mg,NA,NA,NA,literature,0.0025,mgC/hr,NA,NA,NA,GrowthRate,NA,NA,NA,15,NA,NA,NA,NA,NA,NA,NA,NA,NA,NA,NA,NA
Pata_excl_1371,1,Costello1991,NA,McConville2017,10.1093/plankt/fbw094,Cladonema californicum,Hydrozoa,NA,NA,0.005217455,mg,NA,NA,NA,literature,0.014518579530140666,mgC/hr,NA,NA,NA,GrowthRate,NA,NA,NA,18,NA,NA,NA,NA,NA,NA,NA,NA,NA,NA,NA,NA
Pata_excl_1374,2,Costello1991,NA,McConville2017,10.1093/plankt/fbw094,Cladonema californicum,Hydrozoa,NA,NA,0.018811733,mg,NA,NA,NA,literature,0.00982832,mgC/hr,NA,NA,NA,GrowthRate,NA,NA,NA,18,NA,NA,NA,NA,NA,NA,NA,NA,NA,NA,NA,NA
Pata_excl_1377,3,Costello1991,NA,McConville2017,10.1093/plankt/fbw094,Cladonema californicum,Hydrozoa,NA,NA,0.051517801,mg,NA,NA,NA,literature,0.0050259,mgC/hr,NA,NA,NA,GrowthRate,NA,NA,NA,18,NA,NA,NA,NA,NA,NA,NA,NA,NA,NA,NA,NA
Pata_excl_1380,4,Costello1991,NA,McConville2017,10.1093/plankt/fbw094,Cladonema californicum,Hydrozoa,NA,NA,0.11159625,mg,NA,NA,NA,literature,0.00483829,mgC/hr,NA,NA,NA,GrowthRate,NA,NA,NA,18,NA,NA,NA,NA,NA,NA,NA,NA,NA,NA,NA,NA
Pata_excl_1383,5,Costello1991,NA,McConville2017,10.1093/plankt/fbw094,Cladonema californicum,Hydrozoa,NA,NA,0.18337118,mg,NA,NA,NA,literature,0.001998801,mgC/hr,NA,NA,NA,GrowthRate,NA,NA,NA,18,NA,NA,NA,NA,NA,NA,NA,NA,NA,NA,NA,NA
Pata_excl_1386,1,Daan1986b,NA,McConville2017,10.1093/plankt/fbw094,Sarsia tubulosa,Hydrozoa,NA,NA,0.047434165,mg,NA,NA,NA,literature,0.011992630692677335,mgC/hr,NA,NA,NA,GrowthRate,NA,NA,NA,12,NA,NA,NA,NA,NA,NA,NA,NA,NA,NA,NA,NA
Pata_excl_1389,2,Daan1986b,NA,McConville2017,10.1093/plankt/fbw094,Sarsia tubulosa,Hydrozoa,NA,NA,0.109954536,mg,NA,NA,NA,literature,0.006258092,mgC/hr,NA,NA,NA,GrowthRate,NA,NA,NA,12,NA,NA,NA,NA,NA,NA,NA,NA,NA,NA,NA,NA
Pata_excl_1392,3,Daan1986b,NA,McConville2017,10.1093/plankt/fbw094,Sarsia tubulosa,Hydrozoa,NA,NA,0.169422549,mg,NA,NA,NA,literature,0.005083385,mgC/hr,NA,NA,NA,GrowthRate,NA,NA,NA,12,NA,NA,NA,NA,NA,NA,NA,NA,NA,NA,NA,NA
Pata_excl_1395,4,Daan1986b,NA,McConville2017,10.1093/plankt/fbw094,Sarsia tubulosa,Hydrozoa,NA,NA,0.222647704,mg,NA,NA,NA,literature,0.003312441,mgC/hr,NA,NA,NA,GrowthRate,NA,NA,NA,12,NA,NA,NA,NA,NA,NA,NA,NA,NA,NA,NA,NA
Pata_excl_1398,5,Daan1986b,NA,McConville2017,10.1093/plankt/fbw094,Sarsia tubulosa,Hydrozoa,NA,NA,0.245487271,mg,NA,NA,NA,literature,0.003303553,mgC/hr,NA,NA,NA,GrowthRate,NA,NA,NA,12,NA,NA,NA,NA,NA,NA,NA,NA,NA,NA,NA,NA
Pata_excl_1401,6,Daan1986b,NA,McConville2017,10.1093/plankt/fbw094,Sarsia tubulosa,Hydrozoa,NA,NA,0.364572352,mg,NA,NA,NA,literature,0.003099647,mgC/hr,NA,NA,NA,GrowthRate,NA,NA,NA,12,NA,NA,NA,NA,NA,NA,NA,NA,NA,NA,NA,NA
Pata_excl_1404,7,Daan1986b,NA,McConville2017,10.1093/plankt/fbw094,Sarsia tubulosa,Hydrozoa,NA,NA,0.379684079,mg,NA,NA,NA,literature,0.001839899,mgC/hr,NA,NA,NA,GrowthRate,NA,NA,NA,12,NA,NA,NA,NA,NA,NA,NA,NA,NA,NA,NA,NA
Pata_excl_1407,8,Daan1986b,NA,McConville2017,10.1093/plankt/fbw094,Sarsia tubulosa,Hydrozoa,NA,NA,0.652401717,mg,NA,NA,NA,literature,0.001535217,mgC/hr,NA,NA,NA,GrowthRate,NA,NA,NA,12,NA,NA,NA,NA,NA,NA,NA,NA,NA,NA,NA,NA
Pata_excl_1500,1,Grove2005,NA,McConville2017,10.1093/plankt/fbw094,Mnemiopsis leidyi,Tentaculata,NA,NA,0.185977375,mg,NA,NA,NA,literature,0.012733155537315875,mgC/hr,NA,NA,NA,GrowthRate,NA,NA,NA,25.4,NA,NA,NA,NA,NA,NA,NA,NA,NA,NA,NA,NA
Pata_excl_1503,2,Grove2005,NA,McConville2017,10.1093/plankt/fbw094,Mnemiopsis leidyi,Tentaculata,NA,NA,0.241907191,mg,NA,NA,NA,literature,0.017879926048549332,mgC/hr,NA,NA,NA,GrowthRate,NA,NA,NA,25.4,NA,NA,NA,NA,NA,NA,NA,NA,NA,NA,NA,NA
Pata_excl_1506,3,Grove2005,NA,McConville2017,10.1093/plankt/fbw094,Mnemiopsis leidyi,Tentaculata,NA,NA,0.297809694,mg,NA,NA,NA,literature,0.007059184,mgC/hr,NA,NA,NA,GrowthRate,NA,NA,NA,25.4,NA,NA,NA,NA,NA,NA,NA,NA,NA,NA,NA,NA
Pata_excl_1509,4,Grove2005,NA,McConville2017,10.1093/plankt/fbw094,Mnemiopsis leidyi,Tentaculata,NA,NA,0.4800367,mg,NA,NA,NA,literature,0.081719153,mgC/hr,NA,NA,NA,GrowthRate,NA,NA,NA,25.4,NA,NA,NA,NA,NA,NA,NA,NA,NA,NA,NA,NA
Pata_excl_1512,5,Grove2005,NA,McConville2017,10.1093/plankt/fbw094,Mnemiopsis leidyi,Tentaculata,NA,NA,0.73565276,mg,NA,NA,NA,literature,0.001247779,mgC/hr,NA,NA,NA,GrowthRate,NA,NA,NA,25.4,NA,NA,NA,NA,NA,NA,NA,NA,NA,NA,NA,NA
Pata_excl_1515,6,Grove2005,NA,McConville2017,10.1093/plankt/fbw094,Mnemiopsis leidyi,Tentaculata,NA,NA,0.75863739,mg,NA,NA,NA,literature,0.001710699,mgC/hr,NA,NA,NA,GrowthRate,NA,NA,NA,25.4,NA,NA,NA,NA,NA,NA,NA,NA,NA,NA,NA,NA
Pata_excl_1518,7,Grove2005,NA,McConville2017,10.1093/plankt/fbw094,Mnemiopsis leidyi,Tentaculata,NA,NA,0.841416888,mg,NA,NA,NA,literature,0.002158045,mgC/hr,NA,NA,NA,GrowthRate,NA,NA,NA,25.4,NA,NA,NA,NA,NA,NA,NA,NA,NA,NA,NA,NA
Pata_excl_1521,8,Grove2005,NA,McConville2017,10.1093/plankt/fbw094,Mnemiopsis leidyi,Tentaculata,NA,NA,1.067536499,mg,NA,NA,NA,literature,0.006765736,mgC/hr,NA,NA,NA,GrowthRate,NA,NA,NA,25.4,NA,NA,NA,NA,NA,NA,NA,NA,NA,NA,NA,NA
Pata_excl_1524,9,Grove2005,NA,McConville2017,10.1093/plankt/fbw094,Mnemiopsis leidyi,Tentaculata,NA,NA,1.599935781,mg,NA,NA,NA,literature,0.004779156,mgC/hr,NA,NA,NA,GrowthRate,NA,NA,NA,25.4,NA,NA,NA,NA,NA,NA,NA,NA,NA,NA,NA,NA
Pata_excl_1527,10,Reeve1978,NA,McConville2017,10.1093/plankt/fbw094,Mnemiopsis leidyi,Tentaculata,NA,NA,0.0110481,mg,NA,NA,NA,literature,0.028329742,mgC/hr,NA,NA,NA,GrowthRate,NA,NA,NA,26,NA,NA,NA,NA,NA,NA,NA,NA,NA,NA,5 mm Mnemiopsis leidyi converted used Shiganova (unpublished) in Purcell et al. Hydrobiologia 2001,NA
Pata_excl_1530,11,Reeve1978,NA,McConville2017,10.1093/plankt/fbw094,Mnemiopsis leidyi,Tentaculata,NA,NA,0.0110481,mg,NA,NA,NA,literature,0.0383045,mgC/hr,NA,NA,NA,GrowthRate,NA,NA,NA,26,NA,NA,NA,NA,NA,NA,NA,NA,NA,NA,6 mm Mnemiopsis leidyi converted used Shiganova (unpublished) in Purcell et al. Hydrobiologia 2001,NA
Pata_excl_1533,12,Reeve1975b,NA,McConville2017,10.1093/plankt/fbw094,Mnemiopsis leidyi,Tentaculata,NA,NA,0.004207655,mg,NA,NA,NA,literature,0.020644717,mgC/hr,NA,NA,NA,GrowthRate,NA,NA,NA,26,NA,NA,NA,NA,NA,NA,NA,NA,NA,NA,Used paper value C=10.3% DW,NA
Pata_excl_1536,13,Reeve1975b,NA,McConville2017,10.1093/plankt/fbw094,Mnemiopsis leidyi,Tentaculata,NA,NA,0.0219676,mg,NA,NA,NA,literature,0.03061805,mgC/hr,NA,NA,NA,GrowthRate,NA,NA,NA,26,NA,NA,NA,NA,NA,NA,NA,NA,NA,NA,NA,NA
Pata_excl_1539,14,Reeve1975b,NA,McConville2017,10.1093/plankt/fbw094,Mnemiopsis leidyi,Tentaculata,NA,NA,0.048287176239118997,mg,NA,NA,NA,literature,0.029976181,mgC/hr,NA,NA,NA,GrowthRate,NA,NA,NA,26,NA,NA,NA,NA,NA,NA,NA,NA,NA,NA,NA,NA
Pata_excl_1542,15,Reeve1975b,NA,McConville2017,10.1093/plankt/fbw094,Mnemiopsis leidyi,Tentaculata,NA,NA,0.095724277,mg,NA,NA,NA,literature,0.022611259455277335,mgC/hr,NA,NA,NA,GrowthRate,NA,NA,NA,26,NA,NA,NA,NA,NA,NA,NA,NA,NA,NA,NA,NA
Pata_excl_1545,16,Reeve1975b,NA,McConville2017,10.1093/plankt/fbw094,Mnemiopsis leidyi,Tentaculata,NA,NA,0.343677496,mg,NA,NA,NA,literature,0.00586724,mgC/hr,NA,NA,NA,GrowthRate,NA,NA,NA,26,NA,NA,NA,NA,NA,NA,NA,NA,NA,NA,NA,NA
Pata_excl_1548,17,Reeve1975b,NA,McConville2017,10.1093/plankt/fbw094,Mnemiopsis leidyi,Tentaculata,NA,NA,0.837643394,mg,NA,NA,NA,literature,0.013677564,mgC/hr,NA,NA,NA,GrowthRate,NA,NA,NA,26,NA,NA,NA,NA,NA,NA,NA,NA,NA,NA,NA,NA
Pata_excl_1551,18,Reeve1975b,NA,McConville2017,10.1093/plankt/fbw094,Mnemiopsis leidyi,Tentaculata,NA,NA,1.28263228,mg,NA,NA,NA,literature,0.019804123614718044,mgC/hr,NA,NA,NA,GrowthRate,NA,NA,NA,26,NA,NA,NA,NA,NA,NA,NA,NA,NA,NA,NA,NA
Pata_excl_1554,19,Reeve1975b,NA,McConville2017,10.1093/plankt/fbw094,Mnemiopsis leidyi,Tentaculata,NA,NA,1.536757179,mg,NA,NA,NA,literature,0.009813654,mgC/hr,NA,NA,NA,GrowthRate,NA,NA,NA,26,NA,NA,NA,NA,NA,NA,NA,NA,NA,NA,NA,NA
Pata_excl_1557,20,Reeve1975b,NA,McConville2017,10.1093/plankt/fbw094,Mnemiopsis leidyi,Tentaculata,NA,NA,2.510065362,mg,NA,NA,NA,literature,0.004596464,mgC/hr,NA,NA,NA,GrowthRate,NA,NA,NA,26,NA,NA,NA,NA,NA,NA,NA,NA,NA,NA,NA,NA
Pata_excl_1560,21,Reeve1975b,NA,McConville2017,10.1093/plankt/fbw094,Mnemiopsis leidyi,Tentaculata,NA,NA,3.207930531,mg,NA,NA,NA,literature,0.002437095,mgC/hr,NA,NA,NA,GrowthRate,NA,NA,NA,26,NA,NA,NA,NA,NA,NA,NA,NA,NA,NA,NA,NA
Pata_excl_1563,22,Reeve1975b,NA,McConville2017,10.1093/plankt/fbw094,Mnemiopsis leidyi,Tentaculata,NA,NA,4.975941057,mg,NA,NA,NA,literature,0.015619632,mgC/hr,NA,NA,NA,GrowthRate,NA,NA,NA,26,NA,NA,NA,NA,NA,NA,NA,NA,NA,NA,NA,NA
Pata_excl_1566,23,Reeve1975b,NA,McConville2017,10.1093/plankt/fbw094,Mnemiopsis leidyi,Tentaculata,NA,NA,6.960919535,mg,NA,NA,NA,literature,0.003795709,mgC/hr,NA,NA,NA,GrowthRate,NA,NA,NA,26,NA,NA,NA,NA,NA,NA,NA,NA,NA,NA,NA,NA
Pata_excl_1569,24,Reeve1975b,NA,McConville2017,10.1093/plankt/fbw094,Mnemiopsis leidyi,Tentaculata,NA,NA,8.127462,mg,NA,NA,NA,literature,0.001873728,mgC/hr,NA,NA,NA,GrowthRate,NA,NA,NA,26,NA,NA,NA,NA,NA,NA,NA,NA,NA,NA,NA,NA
Pata_excl_1572,25,Reeve1975b,NA,McConville2017,10.1093/plankt/fbw094,Mnemiopsis leidyi,Tentaculata,NA,NA,9.61281603,mg,NA,NA,NA,literature,0.003904543,mgC/hr,NA,NA,NA,GrowthRate,NA,NA,NA,26,NA,NA,NA,NA,NA,NA,NA,NA,NA,NA,NA,NA
Pata_excl_1575,26,Reeve1975b,NA,McConville2017,10.1093/plankt/fbw094,Mnemiopsis leidyi,Tentaculata,NA,NA,9.737736072,mg,NA,NA,NA,literature,0.006851203,mgC/hr,NA,NA,NA,GrowthRate,NA,NA,NA,26,NA,NA,NA,NA,NA,NA,NA,NA,NA,NA,NA,NA
Pata_excl_1578,27,Reeve1975b,NA,McConville2017,10.1093/plankt/fbw094,Mnemiopsis leidyi,Tentaculata,NA,NA,12.60680919,mg,NA,NA,NA,literature,0.003337695,mgC/hr,NA,NA,NA,GrowthRate,NA,NA,NA,26,NA,NA,NA,NA,NA,NA,NA,NA,NA,NA,NA,NA
Pata_excl_1581,28,Reeve1975b,NA,McConville2017,10.1093/plankt/fbw094,Mnemiopsis leidyi,Tentaculata,NA,NA,19.05639097,mg,NA,NA,NA,literature,0.003708656,mgC/hr,NA,NA,NA,GrowthRate,NA,NA,NA,26,NA,NA,NA,NA,NA,NA,NA,NA,NA,NA,NA,NA
Pata_excl_1584,29,Reeve1975b,NA,McConville2017,10.1093/plankt/fbw094,Mnemiopsis leidyi,Tentaculata,NA,NA,0.007522662,mg,NA,NA,NA,literature,0.027415798844788206,mgC/hr,NA,NA,NA,GrowthRate,NA,NA,NA,31,NA,NA,NA,NA,NA,NA,NA,NA,NA,NA,NA,NA
Pata_excl_1587,30,Reeve1975b,NA,McConville2017,10.1093/plankt/fbw094,Mnemiopsis leidyi,Tentaculata,NA,NA,0.035880837,mg,NA,NA,NA,literature,0.018126542,mgC/hr,NA,NA,NA,GrowthRate,NA,NA,NA,31,NA,NA,NA,NA,NA,NA,NA,NA,NA,NA,NA,NA
Pata_excl_1590,31,Reeve1975b,NA,McConville2017,10.1093/plankt/fbw094,Mnemiopsis leidyi,Tentaculata,NA,NA,0.054942138,mg,NA,NA,NA,literature,0.056234301,mgC/hr,NA,NA,NA,GrowthRate,NA,NA,NA,31,NA,NA,NA,NA,NA,NA,NA,NA,NA,NA,NA,NA
Pata_excl_1593,32,Reeve1975b,NA,McConville2017,10.1093/plankt/fbw094,Mnemiopsis leidyi,Tentaculata,NA,NA,0.162526469,mg,NA,NA,NA,literature,0.020476549220753874,mgC/hr,NA,NA,NA,GrowthRate,NA,NA,NA,31,NA,NA,NA,NA,NA,NA,NA,NA,NA,NA,NA,NA
Pata_excl_1596,33,Reeve1975b,NA,McConville2017,10.1093/plankt/fbw094,Mnemiopsis leidyi,Tentaculata,NA,NA,0.480775878,mg,NA,NA,NA,literature,0.009813654,mgC/hr,NA,NA,NA,GrowthRate,NA,NA,NA,31,NA,NA,NA,NA,NA,NA,NA,NA,NA,NA,NA,NA
Pata_excl_1599,34,Reeve1975b,NA,McConville2017,10.1093/plankt/fbw094,Mnemiopsis leidyi,Tentaculata,NA,NA,0.882041002,mg,NA,NA,NA,literature,0.009432966,mgC/hr,NA,NA,NA,GrowthRate,NA,NA,NA,31,NA,NA,NA,NA,NA,NA,NA,NA,NA,NA,NA,NA
Pata_excl_1602,35,Reeve1975b,NA,McConville2017,10.1093/plankt/fbw094,Mnemiopsis leidyi,Tentaculata,NA,NA,1.385946579,mg,NA,NA,NA,literature,0.009813653,mgC/hr,NA,NA,NA,GrowthRate,NA,NA,NA,31,NA,NA,NA,NA,NA,NA,NA,NA,NA,NA,NA,NA
Pata_excl_1605,36,Reeve1975b,NA,McConville2017,10.1093/plankt/fbw094,Mnemiopsis leidyi,Tentaculata,NA,NA,1.865158849,mg,NA,NA,NA,literature,0.012792011612707667,mgC/hr,NA,NA,NA,GrowthRate,NA,NA,NA,31,NA,NA,NA,NA,NA,NA,NA,NA,NA,NA,NA,NA
Pata_excl_1608,37,Reeve1975b,NA,McConville2017,10.1093/plankt/fbw094,Mnemiopsis leidyi,Tentaculata,NA,NA,2.930714314,mg,NA,NA,NA,literature,0.008292468,mgC/hr,NA,NA,NA,GrowthRate,NA,NA,NA,31,NA,NA,NA,NA,NA,NA,NA,NA,NA,NA,NA,NA
Pata_excl_1611,38,Reeve1975b,NA,McConville2017,10.1093/plankt/fbw094,Mnemiopsis leidyi,Tentaculata,NA,NA,0.001517255,mg,NA,NA,NA,literature,0.01378831,mgC/hr,NA,NA,NA,GrowthRate,NA,NA,NA,21,NA,NA,NA,NA,NA,NA,NA,NA,NA,NA,NA,NA
Pata_excl_1614,39,Reeve1975b,NA,McConville2017,10.1093/plankt/fbw094,Mnemiopsis leidyi,Tentaculata,NA,NA,0.003894,mg,NA,NA,NA,literature,0.060548888,mgC/hr,NA,NA,NA,GrowthRate,NA,NA,NA,21,NA,NA,NA,NA,NA,NA,NA,NA,NA,NA,NA,NA
Pata_excl_1617,40,Reeve1975b,NA,McConville2017,10.1093/plankt/fbw094,Mnemiopsis leidyi,Tentaculata,NA,NA,0.009865661,mg,NA,NA,NA,literature,0.016036641,mgC/hr,NA,NA,NA,GrowthRate,NA,NA,NA,21,NA,NA,NA,NA,NA,NA,NA,NA,NA,NA,NA,NA
Pata_excl_1620,41,Reeve1975b,NA,McConville2017,10.1093/plankt/fbw094,Mnemiopsis leidyi,Tentaculata,NA,NA,0.017638335,mg,NA,NA,NA,literature,0.015786388661455958,mgC/hr,NA,NA,NA,GrowthRate,NA,NA,NA,21,NA,NA,NA,NA,NA,NA,NA,NA,NA,NA,NA,NA
Pata_excl_1623,42,Reeve1975b,NA,McConville2017,10.1093/plankt/fbw094,Mnemiopsis leidyi,Tentaculata,NA,NA,0.029947427,mg,NA,NA,NA,literature,0.045585823,mgC/hr,NA,NA,NA,GrowthRate,NA,NA,NA,21,NA,NA,NA,NA,NA,NA,NA,NA,NA,NA,NA,NA
Pata_excl_1626,43,Reeve1975b,NA,McConville2017,10.1093/plankt/fbw094,Mnemiopsis leidyi,Tentaculata,NA,NA,0.0452684,mg,NA,NA,NA,literature,0.038595268,mgC/hr,NA,NA,NA,GrowthRate,NA,NA,NA,21,NA,NA,NA,NA,NA,NA,NA,NA,NA,NA,NA,NA
Pata_excl_1629,44,Reeve1975b,NA,McConville2017,10.1093/plankt/fbw094,Mnemiopsis leidyi,Tentaculata,NA,NA,0.076859417,mg,NA,NA,NA,literature,0.008824408,mgC/hr,NA,NA,NA,GrowthRate,NA,NA,NA,21,NA,NA,NA,NA,NA,NA,NA,NA,NA,NA,NA,NA
Pata_excl_1632,45,Reeve1975b,NA,McConville2017,10.1093/plankt/fbw094,Mnemiopsis leidyi,Tentaculata,NA,NA,0.294349197,mg,NA,NA,NA,literature,0.014786486922550917,mgC/hr,NA,NA,NA,GrowthRate,NA,NA,NA,21,NA,NA,NA,NA,NA,NA,NA,NA,NA,NA,NA,NA
Pata_excl_1635,46,Reeve1975b,NA,McConville2017,10.1093/plankt/fbw094,Mnemiopsis leidyi,Tentaculata,NA,NA,0.366596279,mg,NA,NA,NA,literature,0.006113068,mgC/hr,NA,NA,NA,GrowthRate,NA,NA,NA,21,NA,NA,NA,NA,NA,NA,NA,NA,NA,NA,NA,NA
Pata_excl_1638,47,Reeve1975b,NA,McConville2017,10.1093/plankt/fbw094,Mnemiopsis leidyi,Tentaculata,NA,NA,0.406487307,mg,NA,NA,NA,literature,0.002925813,mgC/hr,NA,NA,NA,GrowthRate,NA,NA,NA,21,NA,NA,NA,NA,NA,NA,NA,NA,NA,NA,NA,NA
Pata_excl_1641,48,Reeve1975b,NA,McConville2017,10.1093/plankt/fbw094,Mnemiopsis leidyi,Tentaculata,NA,NA,0.614444475,mg,NA,NA,NA,literature,0.010167383152687458,mgC/hr,NA,NA,NA,GrowthRate,NA,NA,NA,21,NA,NA,NA,NA,NA,NA,NA,NA,NA,NA,NA,NA
Pata_excl_1644,49,Reeve1975b,NA,McConville2017,10.1093/plankt/fbw094,Mnemiopsis leidyi,Tentaculata,NA,NA,1.187020355,mg,NA,NA,NA,literature,0.01201831,mgC/hr,NA,NA,NA,GrowthRate,NA,NA,NA,21,NA,NA,NA,NA,NA,NA,NA,NA,NA,NA,NA,NA
Pata_excl_1647,50,Reeve1975b,NA,McConville2017,10.1093/plankt/fbw094,Mnemiopsis leidyi,Tentaculata,NA,NA,1.726122792,mg,NA,NA,NA,literature,0.004272019,mgC/hr,NA,NA,NA,GrowthRate,NA,NA,NA,21,NA,NA,NA,NA,NA,NA,NA,NA,NA,NA,NA,NA
Pata_excl_1650,51,Reeve1975b,NA,McConville2017,10.1093/plankt/fbw094,Mnemiopsis leidyi,Tentaculata,NA,NA,2.068115379,mg,NA,NA,NA,literature,0.008577373,mgC/hr,NA,NA,NA,GrowthRate,NA,NA,NA,21,NA,NA,NA,NA,NA,NA,NA,NA,NA,NA,NA,NA
Pata_excl_1653,52,Reeve1975b,NA,McConville2017,10.1093/plankt/fbw094,Mnemiopsis leidyi,Tentaculata,NA,NA,2.643106289,mg,NA,NA,NA,literature,0.019804122928854417,mgC/hr,NA,NA,NA,GrowthRate,NA,NA,NA,21,NA,NA,NA,NA,NA,NA,NA,NA,NA,NA,NA,NA
Pata_excl_1656,53,Reeve1975b,NA,McConville2017,10.1093/plankt/fbw094,Mnemiopsis leidyi,Tentaculata,NA,NA,3.377959935,mg,NA,NA,NA,literature,0.002844327,mgC/hr,NA,NA,NA,GrowthRate,NA,NA,NA,21,NA,NA,NA,NA,NA,NA,NA,NA,NA,NA,NA,NA
Pata_excl_1659,54,Reeve1975b,NA,McConville2017,10.1093/plankt/fbw094,Mnemiopsis leidyi,Tentaculata,NA,NA,4.545940963,mg,NA,NA,NA,literature,0.00981365,mgC/hr,NA,NA,NA,GrowthRate,NA,NA,NA,21,NA,NA,NA,NA,NA,NA,NA,NA,NA,NA,NA,NA
Pata_excl_1662,55,Reeve1975b,NA,McConville2017,10.1093/plankt/fbw094,Mnemiopsis leidyi,Tentaculata,NA,NA,6.871622769,mg,NA,NA,NA,literature,0.002889593,mgC/hr,NA,NA,NA,GrowthRate,NA,NA,NA,21,NA,NA,NA,NA,NA,NA,NA,NA,NA,NA,NA,NA
Pata_excl_1665,56,Reeve1975b,NA,McConville2017,10.1093/plankt/fbw094,Mnemiopsis leidyi,Tentaculata,NA,NA,9.737736401,mg,NA,NA,NA,literature,0.005976478,mgC/hr,NA,NA,NA,GrowthRate,NA,NA,NA,21,NA,NA,NA,NA,NA,NA,NA,NA,NA,NA,NA,NA
Pata_excl_1668,57,Reeve1975b,NA,McConville2017,10.1093/plankt/fbw094,Mnemiopsis leidyi,Tentaculata,NA,NA,12.12783036,mg,NA,NA,NA,literature,0.002659182,mgC/hr,NA,NA,NA,GrowthRate,NA,NA,NA,21,NA,NA,NA,NA,NA,NA,NA,NA,NA,NA,NA,NA
Pata_excl_1671,58,Reeve1989a,NA,McConville2017,10.1093/plankt/fbw094,Mnemiopsis leidyi,Tentaculata,NA,NA,0.157321327,mg,NA,NA,NA,literature,0.032537142,mgC/hr,NA,NA,NA,GrowthRate,NA,NA,NA,26,NA,NA,NA,NA,NA,NA,NA,NA,NA,NA,NA,NA
Pata_excl_1674,59,Reeve1989a,NA,McConville2017,10.1093/plankt/fbw094,Mnemiopsis leidyi,Tentaculata,NA,NA,0.326848589,mg,NA,NA,NA,literature,0.026868486711243793,mgC/hr,NA,NA,NA,GrowthRate,NA,NA,NA,26,NA,NA,NA,NA,NA,NA,NA,NA,NA,NA,NA,NA
Pata_excl_1677,60,Reeve1989a,NA,McConville2017,10.1093/plankt/fbw094,Mnemiopsis leidyi,Tentaculata,NA,NA,0.599486447,mg,NA,NA,NA,literature,0.016695041400986998,mgC/hr,NA,NA,NA,GrowthRate,NA,NA,NA,26,NA,NA,NA,NA,NA,NA,NA,NA,NA,NA,NA,NA
Pata_excl_1680,61,Reeve1989a,NA,McConville2017,10.1093/plankt/fbw094,Mnemiopsis leidyi,Tentaculata,NA,NA,0.413376342,mg,NA,NA,NA,literature,0.015997104662967127,mgC/hr,NA,NA,NA,GrowthRate,NA,NA,NA,26,NA,NA,NA,NA,NA,NA,NA,NA,NA,NA,NA,NA
Pata_excl_1683,62,Reeve1989a,NA,McConville2017,10.1093/plankt/fbw094,Mnemiopsis leidyi,Tentaculata,NA,NA,2.558408881,mg,NA,NA,NA,literature,0.021884766902728375,mgC/hr,NA,NA,NA,GrowthRate,NA,NA,NA,26,NA,NA,NA,NA,NA,NA,NA,NA,NA,NA,NA,NA
Pata_excl_1686,63,Reeve1989a,NA,McConville2017,10.1093/plankt/fbw094,Mnemiopsis leidyi,Tentaculata,NA,NA,1.817055035,mg,NA,NA,NA,literature,0.014024937507654793,mgC/hr,NA,NA,NA,GrowthRate,NA,NA,NA,26,NA,NA,NA,NA,NA,NA,NA,NA,NA,NA,NA,NA
Pata_excl_1689,64,Kremer1989,NA,McConville2017,10.1093/plankt/fbw094,Mnemiopsis leidyi,Tentaculata,NA,NA,3.685298742,mg,NA,NA,NA,literature,0.009935313,mgC/hr,NA,NA,NA,GrowthRate,NA,NA,NA,21,NA,NA,NA,NA,NA,NA,NA,NA,NA,NA,Used C=5.64%DW Kiorboe composition average,NA
Pata_excl_1773,1,Deibel1982,NA,McConville2017,10.1093/plankt/fbw094,Thalia democratica,Thaliacea,NA,NA,0.006286558,mg,NA,NA,NA,literature,0.014021427337154292,mgC/hr,NA,NA,NA,GrowthRate,NA,NA,NA,20,NA,NA,NA,NA,NA,NA,NA,NA,NA,NA,NA,NA
Pata_excl_1776,2,Deibel1982,NA,McConville2017,10.1093/plankt/fbw094,Thalia democratica,Thaliacea,NA,NA,0.008038915,mg,NA,NA,NA,literature,0.006468605,mgC/hr,NA,NA,NA,GrowthRate,NA,NA,NA,20,NA,NA,NA,NA,NA,NA,NA,NA,NA,NA,NA,NA
Pata_excl_1779,3,Deibel1982,NA,McConville2017,10.1093/plankt/fbw094,Thalia democratica,Thaliacea,NA,NA,0.01014747,mg,NA,NA,NA,literature,0.012942258569674542,mgC/hr,NA,NA,NA,GrowthRate,NA,NA,NA,20,NA,NA,NA,NA,NA,NA,NA,NA,NA,NA,NA,NA
Pata_excl_1782,4,Deibel1982,NA,McConville2017,10.1093/plankt/fbw094,Thalia democratica,Thaliacea,NA,NA,0.013230553,mg,NA,NA,NA,literature,0.009166436,mgC/hr,NA,NA,NA,GrowthRate,NA,NA,NA,20,NA,NA,NA,NA,NA,NA,NA,NA,NA,NA,NA,NA
Pata_excl_1785,5,Deibel1982,NA,McConville2017,10.1093/plankt/fbw094,Thalia democratica,Thaliacea,NA,NA,0.015253871,mg,NA,NA,NA,literature,0.002692275,mgC/hr,NA,NA,NA,GrowthRate,NA,NA,NA,20,NA,NA,NA,NA,NA,NA,NA,NA,NA,NA,NA,NA
Pata_excl_1788,6,Deibel1982,NA,McConville2017,10.1093/plankt/fbw094,Thalia democratica,Thaliacea,NA,NA,0.015958984,mg,NA,NA,NA,literature,0.00107344,mgC/hr,NA,NA,NA,GrowthRate,NA,NA,NA,20,NA,NA,NA,NA,NA,NA,NA,NA,NA,NA,NA,NA
Pata_excl_1791,7,Deibel1982,NA,McConville2017,10.1093/plankt/fbw094,Thalia democratica,Thaliacea,NA,NA,0.003533294,mg,NA,NA,NA,literature,0.001613112,mgC/hr,NA,NA,NA,GrowthRate,NA,NA,NA,20,NA,NA,NA,NA,NA,NA,NA,NA,NA,NA,NA,NA
Pata_excl_1794,8,Deibel1982,NA,McConville2017,10.1093/plankt/fbw094,Thalia democratica,Thaliacea,NA,NA,0.003680701,mg,NA,NA,NA,literature,0.001792944,mgC/hr,NA,NA,NA,GrowthRate,NA,NA,NA,20,NA,NA,NA,NA,NA,NA,NA,NA,NA,NA,NA,NA
Pata_excl_1797,9,Deibel1982,NA,McConville2017,10.1093/plankt/fbw094,Thalia democratica,Thaliacea,NA,NA,0.004152961,mg,NA,NA,NA,literature,0.008266936,mgC/hr,NA,NA,NA,GrowthRate,NA,NA,NA,20,NA,NA,NA,NA,NA,NA,NA,NA,NA,NA,NA,NA
Pata_excl_1800,10,Deibel1982,NA,McConville2017,10.1093/plankt/fbw094,Thalia democratica,Thaliacea,NA,NA,0.005020845,mg,NA,NA,NA,literature,0.007547771,mgC/hr,NA,NA,NA,GrowthRate,NA,NA,NA,20,NA,NA,NA,NA,NA,NA,NA,NA,NA,NA,NA,NA
Pata_excl_1803,11,Deibel1982,NA,McConville2017,10.1093/plankt/fbw094,Thalia democratica,Thaliacea,NA,NA,0.005864098,mg,NA,NA,NA,literature,0.005389773,mgC/hr,NA,NA,NA,GrowthRate,NA,NA,NA,20,NA,NA,NA,NA,NA,NA,NA,NA,NA,NA,NA,NA
Pata_excl_1806,12,Deibel1982,NA,McConville2017,10.1093/plankt/fbw094,Thalia democratica,Thaliacea,NA,NA,0.00673171,mg,NA,NA,NA,literature,0.0061086,mgC/hr,NA,NA,NA,GrowthRate,NA,NA,NA,20,NA,NA,NA,NA,NA,NA,NA,NA,NA,NA,NA,NA
Pata_excl_1809,1,Olesen1994b,NA,McConville2017,10.1093/plankt/fbw094,Aurelia aurita,Scyphozoa,NA,NA,0.01988,mg,NA,NA,NA,literature,0.010439691404128084,mgC/hr,NA,NA,NA,GrowthRate,NA,NA,NA,15,NA,NA,NA,NA,NA,NA,NA,NA,NA,NA,"Growth data from Table 3, carbon weights calculated as 1mg DW = 0.071 mg CW, incubated for 10 days, chose highest mu value, mass is for 4mm newly liberated aurelia",NA
Pata_excl_1812,2,Bamstedt1999b,NA,McConville2017,10.1093/plankt/fbw094,Aurelia aurita,Scyphozoa,NA,NA,0.001236151,mg,NA,NA,NA,literature,0.009869318,mgC/hr,NA,NA,NA,GrowthRate,NA,NA,NA,6,NA,NA,NA,NA,NA,NA,NA,NA,NA,NA,"Calculated dw from diameter following Olesen Frandsen, 1 mg DW = 0.0071 mg CW Schneider",NA
Pata_excl_1815,3,Bamstedt1999b,NA,McConville2017,10.1093/plankt/fbw094,Aurelia aurita,Scyphozoa,NA,NA,0.001993107,mg,NA,NA,NA,literature,0.008460345,mgC/hr,NA,NA,NA,GrowthRate,NA,NA,NA,9.5,NA,NA,NA,NA,NA,NA,NA,NA,NA,NA,NA,NA
Pata_excl_1818,4,Bamstedt1999b,NA,McConville2017,10.1093/plankt/fbw094,Aurelia aurita,Scyphozoa,NA,NA,0.003033773,mg,NA,NA,NA,literature,0.013223202651254208,mgC/hr,NA,NA,NA,GrowthRate,NA,NA,NA,12,NA,NA,NA,NA,NA,NA,NA,NA,NA,NA,NA,NA
Pata_excl_1821,5,Bamstedt1999b,NA,McConville2017,10.1093/plankt/fbw094,Aurelia aurita,Scyphozoa,NA,NA,0.001768581,mg,NA,NA,NA,literature,0.010332801177967041,mgC/hr,NA,NA,NA,GrowthRate,NA,NA,NA,15,NA,NA,NA,NA,NA,NA,NA,NA,NA,NA,NA,NA
Pata_excl_1824,6,Bamstedt1999b,NA,McConville2017,10.1093/plankt/fbw094,Aurelia aurita,Scyphozoa,NA,NA,0.004785007,mg,NA,NA,NA,literature,0.016355511,mgC/hr,NA,NA,NA,GrowthRate,NA,NA,NA,18,NA,NA,NA,NA,NA,NA,NA,NA,NA,NA,NA,NA
Pata_excl_1827,7,Bamstedt2001b,NA,McConville2017,10.1093/plankt/fbw094,Aurelia aurita,Scyphozoa,NA,NA,0.001480707,mg,NA,NA,NA,literature,0.010579305295548708,mgC/hr,NA,NA,NA,GrowthRate,NA,NA,NA,15,NA,NA,NA,NA,NA,NA,NA,NA,NA,NA,NA,NA
Pata_excl_1830,8,Bamstedt2001b,NA,McConville2017,10.1093/plankt/fbw094,Aurelia aurita,Scyphozoa,NA,NA,0.004653435,mg,NA,NA,NA,literature,0.016875656,mgC/hr,NA,NA,NA,GrowthRate,NA,NA,NA,18,NA,NA,NA,NA,NA,NA,NA,NA,NA,NA,NA,NA
Pata_excl_1833,9,Frandsen1997,NA,McConville2017,10.1093/plankt/fbw094,Aurelia aurita,Scyphozoa,NA,NA,0.038173988,mg,NA,NA,NA,literature,0.009916758,mgC/hr,NA,NA,NA,GrowthRate,NA,NA,NA,15,NA,NA,NA,NA,NA,NA,NA,NA,NA,NA,Used average C (% of DW) = 5.39% from Kiorboe Composition,NA
Pata_excl_1836,10,Frandsen1997,NA,McConville2017,10.1093/plankt/fbw094,Aurelia aurita,Scyphozoa,NA,NA,0.038401622,mg,NA,NA,NA,literature,0.008666496,mgC/hr,NA,NA,NA,GrowthRate,NA,NA,NA,15,NA,NA,NA,NA,NA,NA,NA,NA,NA,NA,Used average C (% of DW) = 5.39% from Kiorboe Composition,NA
Pata_excl_1839,1,Widmer2005b,NA,McConville2017,10.1093/plankt/fbw094,Aurelia labiata,Scyphozoa,NA,NA,0.009784232,mg,NA,NA,NA,literature,0.002787952,mgC/hr,NA,NA,NA,GrowthRate,NA,NA,NA,10,NA,NA,NA,NA,NA,NA,NA,NA,NA,NA,Converted using diameter to C (mg) in Olesen Purcell Stoecker,NA
Pata_excl_1842,2,Widmer2005b,NA,McConville2017,10.1093/plankt/fbw094,Aurelia labiata,Scyphozoa,NA,NA,0.012238747,mg,NA,NA,NA,literature,0.004120303,mgC/hr,NA,NA,NA,GrowthRate,NA,NA,NA,12,NA,NA,NA,NA,NA,NA,NA,NA,NA,NA,Converted using diameter to C (mg) in Olesen Purcell Stoecker,NA
Pata_excl_1845,3,Widmer2005b,NA,McConville2017,10.1093/plankt/fbw094,Aurelia labiata,Scyphozoa,NA,NA,0.020657216,mg,NA,NA,NA,literature,0.007236123,mgC/hr,NA,NA,NA,GrowthRate,NA,NA,NA,15,NA,NA,NA,NA,NA,NA,NA,NA,NA,NA,Converted using diameter to C (mg) in Olesen Purcell Stoecker,NA
Pata_excl_1848,4,Widmer2005b,NA,McConville2017,10.1093/plankt/fbw094,Aurelia labiata,Scyphozoa,NA,NA,0.024825582,mg,NA,NA,NA,literature,0.00833023,mgC/hr,NA,NA,NA,GrowthRate,NA,NA,NA,17,NA,NA,NA,NA,NA,NA,NA,NA,NA,NA,Converted using diameter to C (mg) in Olesen Purcell Stoecker,NA
Pata_excl_1851,5,Widmer2005b,NA,McConville2017,10.1093/plankt/fbw094,Aurelia labiata,Scyphozoa,NA,NA,0.03294436,mg,NA,NA,NA,literature,0.010014428411076125,mgC/hr,NA,NA,NA,GrowthRate,NA,NA,NA,21,NA,NA,NA,NA,NA,NA,NA,NA,NA,NA,Converted using diameter to C (mg) in Olesen Purcell Stoecker,NA
Pata_excl_1854,6,Widmer2005b,NA,McConville2017,10.1093/plankt/fbw094,Aurelia labiata,Scyphozoa,NA,NA,0.026593551,mg,NA,NA,NA,literature,0.008739718,mgC/hr,NA,NA,NA,GrowthRate,NA,NA,NA,22.5,NA,NA,NA,NA,NA,NA,NA,NA,NA,NA,Converted using diameter to C (mg) in Olesen Purcell Stoecker,NA
Pata_excl_1857,7,Widmer2005b,NA,McConville2017,10.1093/plankt/fbw094,Aurelia labiata,Scyphozoa,NA,NA,0.020657216,mg,NA,NA,NA,literature,0.007236123,mgC/hr,NA,NA,NA,GrowthRate,NA,NA,NA,24.5,NA,NA,NA,NA,NA,NA,NA,NA,NA,NA,Converted using diameter to C (mg) in Olesen Purcell Stoecker,NA
Pata_excl_1860,8,Widmer2005b,NA,McConville2017,10.1093/plankt/fbw094,Aurelia labiata,Scyphozoa,NA,NA,0.010838413,mg,NA,NA,NA,literature,0.003397027,mgC/hr,NA,NA,NA,GrowthRate,NA,NA,NA,26,NA,NA,NA,NA,NA,NA,NA,NA,NA,NA,Converted using diameter to C (mg) in Olesen Purcell Stoecker,NA
Pata_excl_1863,9,Widmer2005b,NA,McConville2017,10.1093/plankt/fbw094,Aurelia labiata,Scyphozoa,NA,NA,0.011688307,mg,NA,NA,NA,literature,0.003846386,mgC/hr,NA,NA,NA,GrowthRate,NA,NA,NA,28,NA,NA,NA,NA,NA,NA,NA,NA,NA,NA,Converted using diameter to C (mg) in Olesen Purcell Stoecker,NA
Pata_excl_1866,1,Olesen1996b,NA,McConville2017,10.1093/plankt/fbw094,Chrysaora quinquecirrha,Scyphozoa,NA,NA,0.009319041,mg,NA,NA,NA,literature,0.030839276933290957,mgC/hr,NA,NA,NA,GrowthRate,NA,NA,NA,23,NA,NA,NA,NA,NA,NA,NA,NA,NA,NA,"Maximum growth rate from figure 2, incubation was 4 d, c converted from diameter C = 0.000215 Diam ^2.903",NA
Pata_excl_1869,2,Larson1986b,10.1016/0022-0981(86)90231-5,McConville2017,10.1093/plankt/fbw094,Chrysaora quinquecirrha,Scyphozoa,NA,NA,2.389943547,mg,NA,NA,NA,literature,0.003883083,mgC/hr,NA,NA,NA,GrowthRate,NA,NA,NA,27.5,NA,NA,NA,NA,NA,NA,NA,NA,NA,NA,NA,NA
Pata_excl_1872,3,Larson1986b,10.1016/0022-0981(86)90231-5,McConville2017,10.1093/plankt/fbw094,Chrysaora quinquecirrha,Scyphozoa,NA,NA,6.391563994,mg,NA,NA,NA,literature,0.001594517,mgC/hr,NA,NA,NA,GrowthRate,NA,NA,NA,27.5,NA,NA,NA,NA,NA,NA,NA,NA,NA,NA,NA,NA
Pata_excl_1875,4,Larson1986b,10.1016/0022-0981(86)90231-5,McConville2017,10.1093/plankt/fbw094,Chrysaora quinquecirrha,Scyphozoa,NA,NA,10.64116925,mg,NA,NA,NA,literature,0.002131885,mgC/hr,NA,NA,NA,GrowthRate,NA,NA,NA,27.5,NA,NA,NA,NA,NA,NA,NA,NA,NA,NA,NA,NA
Pata_excl_1878,5,Larson1986b,10.1016/0022-0981(86)90231-5,McConville2017,10.1093/plankt/fbw094,Chrysaora quinquecirrha,Scyphozoa,NA,NA,14.99206946,mg,NA,NA,NA,literature,4.1999945008885e-4,mgC/hr,NA,NA,NA,GrowthRate,NA,NA,NA,27.5,NA,NA,NA,NA,NA,NA,NA,NA,NA,NA,NA,NA
Pata_excl_1881,6,Larson1986b,10.1016/0022-0981(86)90231-5,McConville2017,10.1093/plankt/fbw094,Chrysaora quinquecirrha,Scyphozoa,NA,NA,17.17162613,mg,NA,NA,NA,literature,4.4093270258381665e-4,mgC/hr,NA,NA,NA,GrowthRate,NA,NA,NA,27.5,NA,NA,NA,NA,NA,NA,NA,NA,NA,NA,NA,NA
Pata_excl_1884,7,Larson1986b,10.1016/0022-0981(86)90231-5,McConville2017,10.1093/plankt/fbw094,Chrysaora quinquecirrha,Scyphozoa,NA,NA,19.25023639,mg,NA,NA,NA,literature,1.9783496070090333e-4,mgC/hr,NA,NA,NA,GrowthRate,NA,NA,NA,27.5,NA,NA,NA,NA,NA,NA,NA,NA,NA,NA,NA,NA
Pata_excl_1887,8,Larson1986b,10.1016/0022-0981(86)90231-5,McConville2017,10.1093/plankt/fbw094,Chrysaora quinquecirrha,Scyphozoa,NA,NA,20.20779804,mg,NA,NA,NA,literature,1.284382155603246e-4,mgC/hr,NA,NA,NA,GrowthRate,NA,NA,NA,27.5,NA,NA,NA,NA,NA,NA,NA,NA,NA,NA,NA,NA
Pata_excl_1890,1,Kawahara2006,NA,McConville2017,10.1093/plankt/fbw094,Nemopilema nomurai,Scyphozoa,NA,NA,10.84509453,mg,NA,NA,NA,literature,0.003071711,mgC/hr,NA,NA,NA,GrowthRate,NA,NA,NA,25,NA,NA,NA,NA,NA,NA,NA,NA,NA,NA,"Used value from Pitt el a. 2013, c=0.55%WW, temperature varied 22-28C used mean",NA
Pata_excl_1893,2,Kawahara2006,NA,McConville2017,10.1093/plankt/fbw094,Nemopilema nomurai,Scyphozoa,NA,NA,21.69020109,mg,NA,NA,NA,literature,0.002179408,mgC/hr,NA,NA,NA,GrowthRate,NA,NA,NA,25,NA,NA,NA,NA,NA,NA,NA,NA,NA,NA,NA,NA
Pata_excl_1896,3,Kawahara2006,NA,McConville2017,10.1093/plankt/fbw094,Nemopilema nomurai,Scyphozoa,NA,NA,47.41067213,mg,NA,NA,NA,literature,0.003744734,mgC/hr,NA,NA,NA,GrowthRate,NA,NA,NA,25,NA,NA,NA,NA,NA,NA,NA,NA,NA,NA,NA,NA
Pata_excl_1899,4,Kawahara2006,NA,McConville2017,10.1093/plankt/fbw094,Nemopilema nomurai,Scyphozoa,NA,NA,109.9169917,mg,NA,NA,NA,literature,0.002625555,mgC/hr,NA,NA,NA,GrowthRate,NA,NA,NA,25,NA,NA,NA,NA,NA,NA,NA,NA,NA,NA,NA,NA
Pata_excl_1902,1,Larson1987b,NA,McConville2017,10.1093/plankt/fbw094,Pelagia noctiluca,Scyphozoa,NA,NA,0.19473445,mg,NA,NA,NA,literature,0.003527286,mgC/hr,NA,NA,NA,GrowthRate,NA,NA,NA,27.5,NA,NA,NA,NA,NA,NA,NA,NA,NA,NA,NA,NA
Pata_excl_1905,2,Larson1987b,NA,McConville2017,10.1093/plankt/fbw094,Pelagia noctiluca,Scyphozoa,NA,NA,0.280179179,mg,NA,NA,NA,literature,8.0357702468685e-4,mgC/hr,NA,NA,NA,GrowthRate,NA,NA,NA,27.5,NA,NA,NA,NA,NA,NA,NA,NA,NA,NA,NA,NA
Pata_excl_1908,3,Larson1987b,NA,McConville2017,10.1093/plankt/fbw094,Pelagia noctiluca,Scyphozoa,NA,NA,0.185185882,mg,NA,NA,NA,literature,0.003643998,mgC/hr,NA,NA,NA,GrowthRate,NA,NA,NA,27.5,NA,NA,NA,NA,NA,NA,NA,NA,NA,NA,NA,NA
Pata_excl_1911,4,Larson1987b,NA,McConville2017,10.1093/plankt/fbw094,Pelagia noctiluca,Scyphozoa,NA,NA,0.13275297,mg,NA,NA,NA,literature,0.004256416,mgC/hr,NA,NA,NA,GrowthRate,NA,NA,NA,27.5,NA,NA,NA,NA,NA,NA,NA,NA,NA,NA,NA,NA
Pata_excl_1914,5,Larson1987b,NA,McConville2017,10.1093/plankt/fbw094,Pelagia noctiluca,Scyphozoa,NA,NA,0.22081661,mg,NA,NA,NA,literature,0.001801233,mgC/hr,NA,NA,NA,GrowthRate,NA,NA,NA,27.5,NA,NA,NA,NA,NA,NA,NA,NA,NA,NA,NA,NA
Pata_excl_1917,6,Larson1987b,NA,McConville2017,10.1093/plankt/fbw094,Pelagia noctiluca,Scyphozoa,NA,NA,0.140048269,mg,NA,NA,NA,literature,0.002421317,mgC/hr,NA,NA,NA,GrowthRate,NA,NA,NA,27.5,NA,NA,NA,NA,NA,NA,NA,NA,NA,NA,NA,NA