,IDENTIFIERS,,,,,CORE TRAIT INFORMATION,,,,,,,,,,,,,,,,,,,,,DATA PROVENANCE,,,,,,,,,,,,,,
ref_no,obsNum,primRef,primRef_URL,secRef,secRef_URL,taxa,life_stage,sex,n_indiv,no_groups,n_measurements_sampled,rate_name,rate_value,rate_min,rate_max,data_type,rate_unit,rate_error,rate_error_type,temp_C,body_length_mm,BM_wet,BM_dry,BM_C,weight_unit,weight_calc,depth_m,depth_min,depth_max,food_type,food_conc,food_conc_unit,method,treatment,locality,lat,lon,source,sourceNotes,verbatimComments,comments
Pata_excl_7539,1,Almeda2011,10.4319/lo.2011.56.1.0403,Brun2016,10.1594/PANGAEA.862968,Oithona davisae,N1,Unknown,NA,NA,NA,RespirationRate,24.734982332155475,NA,NA,Replicate,ulO2/mgC/hr,NA,NA,20,NA,NA,NA,2.83e-5,mg,NA,NA,NA,NA,NA,NA,NA,NA,NA,Laboratory culture,41.3855193,2.196125161,Pata2023,https://onlinelibrary.wiley.com/doi/abs/10.1002/lno.12478,NA,NA
Pata_excl_7541,2,Almeda2011,10.4319/lo.2011.56.1.0403,Brun2016,10.1594/PANGAEA.862968,Oithona davisae,N2,Unknown,NA,NA,NA,RespirationRate,22.190201729106626,NA,NA,Replicate,ulO2/mgC/hr,NA,NA,20,NA,NA,NA,3.47e-5,mg,NA,NA,NA,NA,NA,NA,NA,NA,NA,Laboratory culture,41.3855193,2.196125161,Pata2023,https://onlinelibrary.wiley.com/doi/abs/10.1002/lno.12478,NA,NA
Pata_excl_7543,3,Almeda2011,10.4319/lo.2011.56.1.0403,Brun2016,10.1594/PANGAEA.862968,Oithona davisae,N3,Unknown,NA,NA,NA,RespirationRate,21.91142191142191,NA,NA,Replicate,ulO2/mgC/hr,NA,NA,20,NA,NA,NA,4.29e-5,mg,NA,NA,NA,NA,NA,NA,NA,NA,NA,Laboratory culture,41.3855193,2.196125161,Pata2023,https://onlinelibrary.wiley.com/doi/abs/10.1002/lno.12478,NA,NA
Pata_excl_7545,4,Almeda2011,10.4319/lo.2011.56.1.0403,Brun2016,10.1594/PANGAEA.862968,Oithona davisae,N4,Unknown,NA,NA,NA,RespirationRate,19.005847953216374,NA,NA,Replicate,ulO2/mgC/hr,NA,NA,20,NA,NA,NA,6.84e-5,mg,NA,NA,NA,NA,NA,NA,NA,NA,NA,Laboratory culture,41.3855193,2.196125161,Pata2023,https://onlinelibrary.wiley.com/doi/abs/10.1002/lno.12478,NA,NA
Pata_excl_7547,5,Almeda2011,10.4319/lo.2011.56.1.0403,Brun2016,10.1594/PANGAEA.862968,Oithona davisae,C1,Unknown,NA,NA,NA,RespirationRate,15.90909090909091,NA,NA,Replicate,ulO2/mgC/hr,NA,NA,20,NA,NA,NA,1.76e-4,mg,NA,NA,NA,NA,NA,NA,NA,NA,NA,Laboratory culture,41.3855193,2.196125161,Pata2023,https://onlinelibrary.wiley.com/doi/abs/10.1002/lno.12478,NA,NA
Pata_excl_7549,6,Almeda2011,10.4319/lo.2011.56.1.0403,Brun2016,10.1594/PANGAEA.862968,Oithona davisae,N3,Unknown,NA,NA,NA,RespirationRate,9.306569343065695,NA,NA,Replicate,ulO2/mgC/hr,NA,NA,16,NA,NA,NA,5.48e-5,mg,NA,NA,NA,NA,NA,NA,NA,NA,NA,Laboratory culture,41.3855193,2.196125161,Pata2023,https://onlinelibrary.wiley.com/doi/abs/10.1002/lno.12478,NA,NA
Pata_excl_7551,7,Almeda2011,10.4319/lo.2011.56.1.0403,Brun2016,10.1594/PANGAEA.862968,Oithona davisae,N3,Unknown,NA,NA,NA,RespirationRate,17.335766423357665,NA,NA,Replicate,ulO2/mgC/hr,NA,NA,19.3,NA,NA,NA,5.48e-5,mg,NA,NA,NA,NA,NA,NA,NA,NA,NA,Laboratory culture,41.3855193,2.196125161,Pata2023,https://onlinelibrary.wiley.com/doi/abs/10.1002/lno.12478,NA,NA
Pata_excl_7553,8,Almeda2011,10.4319/lo.2011.56.1.0403,Brun2016,10.1594/PANGAEA.862968,Oithona davisae,N3,Unknown,NA,NA,NA,RespirationRate,25,NA,NA,Replicate,ulO2/mgC/hr,NA,NA,24.5,NA,NA,NA,5.48e-5,mg,NA,NA,NA,NA,NA,NA,NA,NA,NA,Laboratory culture,41.3855193,2.196125161,Pata2023,https://onlinelibrary.wiley.com/doi/abs/10.1002/lno.12478,NA,NA
Pata_excl_7555,9,Almeda2011,10.4319/lo.2011.56.1.0403,Brun2016,10.1594/PANGAEA.862968,Oithona davisae,N3,Unknown,NA,NA,NA,RespirationRate,29.927007299270073,NA,NA,Replicate,ulO2/mgC/hr,NA,NA,28,NA,NA,NA,5.48e-5,mg,NA,NA,NA,NA,NA,NA,NA,NA,NA,Laboratory culture,41.3855193,2.196125161,Pata2023,https://onlinelibrary.wiley.com/doi/abs/10.1002/lno.12478,NA,NA
Pata_excl_7557,10,Almeda2011,10.4319/lo.2011.56.1.0403,Brun2016,10.1594/PANGAEA.862968,Oithona davisae,N3,Unknown,NA,NA,NA,RespirationRate,20.68230277185501,NA,NA,Replicate,ulO2/mgC/hr,NA,NA,20,NA,NA,NA,4.69e-5,mg,NA,NA,NA,NA,NA,NA,NA,NA,NA,Laboratory culture,41.3855193,2.196125161,Pata2023,https://onlinelibrary.wiley.com/doi/abs/10.1002/lno.12478,NA,NA
Pata_excl_7559,11,Almeda2011,10.4319/lo.2011.56.1.0403,Brun2016,10.1594/PANGAEA.862968,Oithona davisae,N3,Unknown,NA,NA,NA,RespirationRate,47.54797441364606,NA,NA,Replicate,ulO2/mgC/hr,NA,NA,20,NA,NA,NA,4.69e-5,mg,NA,NA,NA,NA,NA,NA,NA,NA,NA,Laboratory culture,41.3855193,2.196125161,Pata2023,https://onlinelibrary.wiley.com/doi/abs/10.1002/lno.12478,NA,NA
Pata_25143,1,Castellani2005,10.3354/meps285129,Brun2016,10.1594/PANGAEA.862968,Oithona similis,Unknown,Unknown,NA,NA,NA,RespirationRate,1.5950072727272726,NA,NA,Replicate,ulO2/mgC/hr,NA,NA,4.511538462,NA,NA,NA,5.5e-4,mg,NA,NA,NA,NA,NA,NA,NA,NA,NA,English Channel,50.25,-4.216667,Pata2023,https://onlinelibrary.wiley.com/doi/abs/10.1002/lno.12478,NA,NA
Pata_25145,2,Castellani2005,10.3354/meps285129,Brun2016,10.1594/PANGAEA.862968,Oithona similis,Unknown,Unknown,NA,NA,NA,RespirationRate,3.2809963636363633,NA,NA,Replicate,ulO2/mgC/hr,NA,NA,6.630769231,NA,NA,NA,5.5e-4,mg,NA,NA,NA,NA,NA,NA,NA,NA,NA,English Channel,50.25,-4.216667,Pata2023,https://onlinelibrary.wiley.com/doi/abs/10.1002/lno.12478,NA,NA
Pata_25147,3,Castellani2005,10.3354/meps285129,Brun2016,10.1594/PANGAEA.862968,Oithona similis,Unknown,Unknown,NA,NA,NA,RespirationRate,2.278881818181818,NA,NA,Replicate,ulO2/mgC/hr,NA,NA,8.4,NA,NA,NA,5.5e-4,mg,NA,NA,NA,NA,NA,NA,NA,NA,NA,English Channel,50.25,-4.216667,Pata2023,https://onlinelibrary.wiley.com/doi/abs/10.1002/lno.12478,NA,NA
Pata_25149,4,Castellani2005,10.3354/meps285129,Brun2016,10.1594/PANGAEA.862968,Oithona similis,Unknown,Unknown,NA,NA,NA,RespirationRate,3.5050454545454546,NA,NA,Replicate,ulO2/mgC/hr,NA,NA,10.42153846,NA,NA,NA,5.5e-4,mg,NA,NA,NA,NA,NA,NA,NA,NA,NA,English Channel,50.25,-4.216667,Pata2023,https://onlinelibrary.wiley.com/doi/abs/10.1002/lno.12478,NA,NA
Pata_25151,5,Castellani2005,10.3354/meps285129,Brun2016,10.1594/PANGAEA.862968,Oithona similis,Unknown,Unknown,NA,NA,NA,RespirationRate,7.942289090909091,NA,NA,Replicate,ulO2/mgC/hr,NA,NA,15.10769231,NA,NA,NA,5.5e-4,mg,NA,NA,NA,NA,NA,NA,NA,NA,NA,English Channel,50.25,-4.216667,Pata2023,https://onlinelibrary.wiley.com/doi/abs/10.1002/lno.12478,NA,NA
Pata_25153,6,Castellani2005,10.3354/meps285129,Brun2016,10.1594/PANGAEA.862968,Oithona similis,Unknown,Unknown,NA,NA,NA,RespirationRate,9.896803636363636,NA,NA,Replicate,ulO2/mgC/hr,NA,NA,18.29230769,NA,NA,NA,5.5e-4,mg,NA,NA,NA,NA,NA,NA,NA,NA,NA,English Channel,50.25,-4.216667,Pata2023,https://onlinelibrary.wiley.com/doi/abs/10.1002/lno.12478,NA,NA
Pata_25155,7,Castellani2005,10.3354/meps285129,Brun2016,10.1594/PANGAEA.862968,Oithona similis,Unknown,Unknown,NA,NA,NA,RespirationRate,13.038849090909089,NA,NA,Replicate,ulO2/mgC/hr,NA,NA,20.4,NA,NA,NA,5.5e-4,mg,NA,NA,NA,NA,NA,NA,NA,NA,NA,English Channel,50.25,-4.216667,Pata2023,https://onlinelibrary.wiley.com/doi/abs/10.1002/lno.12478,NA,NA
Pata_25157,8,Castellani2005,10.3354/meps285129,Brun2016,10.1594/PANGAEA.862968,Oithona similis,Unknown,Unknown,NA,NA,NA,RespirationRate,14.655741818181818,NA,NA,Replicate,ulO2/mgC/hr,NA,NA,24.92307692,NA,NA,NA,5.5e-4,mg,NA,NA,NA,NA,NA,NA,NA,NA,NA,English Channel,50.25,-4.216667,Pata2023,https://onlinelibrary.wiley.com/doi/abs/10.1002/lno.12478,NA,NA
Pata_excl_11841,1,Ikeda1970,NA,Brun2016,10.1594/PANGAEA.862968,Acartia (Odontacartia) spinicauda,Adult,Female,NA,NA,NA,RespirationRate,247.46450304259633,NA,NA,Replicate,ulO2/mgC/hr,NA,NA,30,NA,NA,NA,0.00986,mg,NA,NA,NA,NA,NA,NA,NA,NA,NA,NA,NA,NA,Pata2023,https://onlinelibrary.wiley.com/doi/abs/10.1002/lno.12478,NA,NA
Pata_excl_7504,2,Ikeda1970,NA,Brun2016,10.1594/PANGAEA.862968,Calanus pacificus,Adult,Male,NA,NA,NA,RespirationRate,9.939148073022313,NA,NA,Replicate,ulO2/mgC/hr,NA,NA,17,NA,NA,NA,0.04437,mg,NA,NA,NA,NA,NA,NA,NA,NA,NA,NA,NA,NA,Pata2023,https://onlinelibrary.wiley.com/doi/abs/10.1002/lno.12478,NA,NA
Pata_24829,3,Ikeda1970,NA,Brun2016,10.1594/PANGAEA.862968,Candacia ethiopica,Adult,Female,NA,NA,NA,RespirationRate,54.92276486191294,NA,NA,Replicate,ulO2/mgC/hr,NA,NA,28.8,NA,NA,NA,0.032045,mg,NA,NA,NA,NA,NA,NA,NA,NA,NA,NA,NA,NA,Pata2023,https://onlinelibrary.wiley.com/doi/abs/10.1002/lno.12478,NA,NA
Pata_24944,4,Ikeda1970,NA,Brun2016,10.1594/PANGAEA.862968,Euchaeta plana,Unknown,Unknown,NA,NA,NA,RespirationRate,33.63545330834211,NA,NA,Replicate,ulO2/mgC/hr,NA,NA,28,NA,NA,NA,0.077894,mg,NA,NA,NA,NA,NA,NA,NA,NA,NA,NA,NA,NA,Pata2023,https://onlinelibrary.wiley.com/doi/abs/10.1002/lno.12478,NA,NA
Pata_24951,5,Ikeda1970,NA,Brun2016,10.1594/PANGAEA.862968,Euchirella amoena,Adult,Female,NA,NA,NA,RespirationRate,19.595769342219647,NA,NA,Replicate,ulO2/mgC/hr,NA,NA,28,NA,NA,NA,0.27608,mg,NA,NA,NA,NA,NA,NA,NA,NA,NA,NA,NA,NA,Pata2023,https://onlinelibrary.wiley.com/doi/abs/10.1002/lno.12478,NA,NA
Pata_24995,6,Ikeda1970,NA,Brun2016,10.1594/PANGAEA.862968,Labidocera,Adult,Female,NA,NA,NA,RespirationRate,30.200585981519048,NA,NA,Replicate,ulO2/mgC/hr,NA,NA,30,NA,NA,NA,0.08874,mg,NA,NA,NA,NA,NA,NA,NA,NA,NA,NA,NA,NA,Pata2023,https://onlinelibrary.wiley.com/doi/abs/10.1002/lno.12478,NA,NA
Pata_25005,7,Ikeda1970,NA,Brun2016,10.1594/PANGAEA.862968,Labidocera detruncata,Adult,Female,NA,NA,NA,RespirationRate,15.686274509803921,NA,NA,Replicate,ulO2/mgC/hr,NA,NA,28,NA,NA,NA,0.07395,mg,NA,NA,NA,NA,NA,NA,NA,NA,NA,NA,NA,NA,Pata2023,https://onlinelibrary.wiley.com/doi/abs/10.1002/lno.12478,NA,NA
Pata_25191,8,Ikeda1970,NA,Brun2016,10.1594/PANGAEA.862968,Paraeuchaeta elongata,Adult,Female,NA,NA,NA,RespirationRate,1.1302513800167522,NA,NA,Replicate,ulO2/mgC/hr,NA,NA,6.7,NA,NA,NA,0.99093,mg,NA,NA,NA,NA,NA,NA,NA,NA,NA,NA,NA,NA,Pata2023,https://onlinelibrary.wiley.com/doi/abs/10.1002/lno.12478,NA,NA
Pata_excl_7597,9,Ikeda1970,NA,Brun2016,10.1594/PANGAEA.862968,Sapphirina gemma,Adult,Male,NA,NA,NA,RespirationRate,37.09069834830484,NA,NA,Replicate,ulO2/mgC/hr,NA,NA,29,NA,NA,NA,0.03451,mg,NA,NA,NA,NA,NA,NA,NA,NA,NA,NA,NA,NA,Pata2023,https://onlinelibrary.wiley.com/doi/abs/10.1002/lno.12478,NA,NA
Pata_25339,10,Ikeda1970,NA,Brun2016,10.1594/PANGAEA.862968,Subeucalanus crassus,Adult,Female,NA,NA,NA,RespirationRate,32.51070543159793,NA,NA,Replicate,ulO2/mgC/hr,NA,NA,30.2,NA,NA,NA,0.17748,mg,NA,NA,NA,NA,NA,NA,NA,NA,NA,NA,NA,NA,Pata2023,https://onlinelibrary.wiley.com/doi/abs/10.1002/lno.12478,NA,NA
Pata_25341,11,Ikeda1970,NA,Brun2016,10.1594/PANGAEA.862968,Subeucalanus monachus,Adult,Female,NA,NA,NA,RespirationRate,98.90403635391607,NA,NA,Replicate,ulO2/mgC/hr,NA,NA,30.2,NA,NA,NA,0.063597,mg,NA,NA,NA,NA,NA,NA,NA,NA,NA,NA,NA,NA,Pata2023,https://onlinelibrary.wiley.com/doi/abs/10.1002/lno.12478,NA,NA
Pata_25343,12,Ikeda1970,NA,Brun2016,10.1594/PANGAEA.862968,Subeucalanus mucronatus,Adult,Female,NA,NA,NA,RespirationRate,10.06954505940307,NA,NA,Replicate,ulO2/mgC/hr,NA,NA,30,NA,NA,NA,0.06902,mg,NA,NA,NA,NA,NA,NA,NA,NA,NA,NA,NA,NA,Pata2023,https://onlinelibrary.wiley.com/doi/abs/10.1002/lno.12478,NA,NA
Pata_24792,13,Ikeda1970,NA,Brun2016,10.1594/PANGAEA.862968,Calanus glacialis,Unknown,Unknown,NA,NA,NA,RespirationRate,0.825643516,NA,NA,Replicate,ulO2/mgC/hr,NA,NA,5.8,NA,NA,NA,0.35003,mg,NA,NA,NA,NA,NA,NA,NA,NA,NA,NA,NA,NA,Pata2023,https://onlinelibrary.wiley.com/doi/abs/10.1002/lno.12478,NA,NA
Pata_24823,14,Ikeda1970,NA,Brun2016,10.1594/PANGAEA.862968,Candacia columbiae,Adult,Female,NA,NA,NA,RespirationRate,0.6278373418332851,NA,NA,Replicate,ulO2/mgC/hr,NA,NA,6.3,NA,NA,NA,0.20706,mg,NA,NA,NA,NA,NA,NA,NA,NA,NA,NA,NA,NA,Pata2023,https://onlinelibrary.wiley.com/doi/abs/10.1002/lno.12478,NA,NA
Pata_24898,15,Ikeda1970,NA,Brun2016,10.1594/PANGAEA.862968,Eucalanus bungii,Adult,Female,NA,NA,NA,RespirationRate,1.6336234159959868,NA,NA,Replicate,ulO2/mgC/hr,NA,NA,6.3,NA,NA,NA,0.45849,mg,NA,NA,NA,NA,NA,NA,NA,NA,NA,NA,NA,NA,Pata2023,https://onlinelibrary.wiley.com/doi/abs/10.1002/lno.12478,NA,NA
Pata_25087,16,Ikeda1970,NA,Brun2016,10.1594/PANGAEA.862968,Neocalanus gracilis,Adult,Female,NA,NA,NA,RespirationRate,15.186976647422895,NA,NA,Replicate,ulO2/mgC/hr,NA,NA,28,NA,NA,NA,0.19227,mg,NA,NA,NA,NA,NA,NA,NA,NA,NA,NA,NA,NA,Pata2023,https://onlinelibrary.wiley.com/doi/abs/10.1002/lno.12478,NA,NA
Pata_25278,17,Ikeda1970,NA,Brun2016,10.1594/PANGAEA.862968,Pseudocalanus elongatus,Adult,Unknown,NA,NA,NA,RespirationRate,7.860040567951318,NA,NA,Replicate,ulO2/mgC/hr,NA,NA,11.2,NA,NA,NA,0.005916,mg,NA,NA,NA,NA,NA,NA,NA,NA,NA,NA,NA,NA,Pata2023,https://onlinelibrary.wiley.com/doi/abs/10.1002/lno.12478,NA,NA
Pata_excl_7599,18,Ikeda1970,NA,Brun2016,10.1594/PANGAEA.862968,Sapphirina gemma,Adult,Male,NA,NA,NA,RespirationRate,193.45841784989855,NA,NA,Replicate,ulO2/mgC/hr,NA,NA,30,NA,NA,NA,0.03944,mg,NA,NA,NA,NA,NA,NA,NA,NA,NA,NA,NA,NA,Pata2023,https://onlinelibrary.wiley.com/doi/abs/10.1002/lno.12478,NA,NA
Pata_25376,19,Ikeda1970,NA,Brun2016,10.1594/PANGAEA.862968,Tortanus (Boreotortanus) discaudatus,Adult,Unknown,NA,NA,NA,RespirationRate,9.290060852,NA,NA,Replicate,ulO2/mgC/hr,NA,NA,11.2,NA,NA,NA,0.02465,mg,NA,NA,NA,NA,NA,NA,NA,NA,NA,NA,NA,NA,Pata2023,https://onlinelibrary.wiley.com/doi/abs/10.1002/lno.12478,NA,NA
Pata_24794,20,Ikeda1970,NA,Brun2016,10.1594/PANGAEA.862968,Calanus glacialis,Adult,Unknown,NA,NA,NA,RespirationRate,1.0601247655861303,NA,NA,Replicate,ulO2/mgC/hr,NA,NA,5.8,NA,NA,NA,0.26129,mg,NA,NA,NA,NA,NA,NA,NA,NA,NA,NA,NA,NA,Pata2023,https://onlinelibrary.wiley.com/doi/abs/10.1002/lno.12478,NA,NA
Pata_24825,21,Ikeda1970,NA,Brun2016,10.1594/PANGAEA.862968,Candacia columbiae,Adult,Female,NA,NA,NA,RespirationRate,1.0480054090601758,NA,NA,Replicate,ulO2/mgC/hr,NA,NA,6.7,NA,NA,NA,0.2958,mg,NA,NA,NA,NA,NA,NA,NA,NA,NA,NA,NA,NA,Pata2023,https://onlinelibrary.wiley.com/doi/abs/10.1002/lno.12478,NA,NA
Pata_24900,22,Ikeda1970,NA,Brun2016,10.1594/PANGAEA.862968,Eucalanus bungii,Adult,Female,NA,NA,NA,RespirationRate,2.1360779305336437,NA,NA,Replicate,ulO2/mgC/hr,NA,NA,5.8,NA,NA,NA,0.39933,mg,NA,NA,NA,NA,NA,NA,NA,NA,NA,NA,NA,NA,Pata2023,https://onlinelibrary.wiley.com/doi/abs/10.1002/lno.12478,NA,NA
Pata_25001,23,Ikeda1970,NA,Brun2016,10.1594/PANGAEA.862968,Labidocera acuta,Adult,Unknown,NA,NA,NA,RespirationRate,34.24412361293402,NA,NA,Replicate,ulO2/mgC/hr,NA,NA,30,NA,NA,NA,0.08381,mg,NA,NA,NA,NA,NA,NA,NA,NA,NA,NA,NA,NA,Pata2023,https://onlinelibrary.wiley.com/doi/abs/10.1002/lno.12478,NA,NA
Pata_25071,24,Ikeda1970,NA,Brun2016,10.1594/PANGAEA.862968,Neocalanus cristatus,Unknown,Unknown,NA,NA,NA,RespirationRate,1.365787694,NA,NA,Replicate,ulO2/mgC/hr,NA,NA,12.1,NA,NA,NA,0.7395,mg,NA,NA,NA,NA,NA,NA,NA,NA,NA,NA,NA,NA,Pata2023,https://onlinelibrary.wiley.com/doi/abs/10.1002/lno.12478,NA,NA
Pata_25390,25,Ikeda1970,NA,Brun2016,10.1594/PANGAEA.862968,Undinula vulgaris,Adult,Female,NA,NA,NA,RespirationRate,41.67434999078001,NA,NA,Replicate,ulO2/mgC/hr,NA,NA,30,NA,NA,NA,0.10846,mg,NA,NA,NA,NA,NA,NA,NA,NA,NA,NA,NA,NA,Pata2023,https://onlinelibrary.wiley.com/doi/abs/10.1002/lno.12478,NA,NA
Pata_25073,26,Ikeda1970,NA,Brun2016,10.1594/PANGAEA.862968,Neocalanus cristatus,Unknown,Unknown,NA,NA,NA,RespirationRate,1.196250614188704,NA,NA,Replicate,ulO2/mgC/hr,NA,NA,11.5,NA,NA,NA,1.58746,mg,NA,NA,NA,NA,NA,NA,NA,NA,NA,NA,NA,NA,Pata2023,https://onlinelibrary.wiley.com/doi/abs/10.1002/lno.12478,NA,NA
Pata_25075,27,Ikeda1970,NA,Brun2016,10.1594/PANGAEA.862968,Neocalanus cristatus,Unknown,Unknown,NA,NA,NA,RespirationRate,2.2210386755357123,NA,NA,Replicate,ulO2/mgC/hr,NA,NA,7.8,NA,NA,NA,0.88247,mg,NA,NA,NA,NA,NA,NA,NA,NA,NA,NA,NA,NA,Pata2023,https://onlinelibrary.wiley.com/doi/abs/10.1002/lno.12478,NA,NA
Pata_24919,28,Ikeda1970,NA,Brun2016,10.1594/PANGAEA.862968,Euchaeta marina,Adult,Female,NA,NA,NA,RespirationRate,23.317903642447252,NA,NA,Replicate,ulO2/mgC/hr,NA,NA,28,NA,NA,NA,0.115362,mg,NA,NA,NA,NA,NA,NA,NA,NA,NA,NA,NA,NA,Pata2023,https://onlinelibrary.wiley.com/doi/abs/10.1002/lno.12478,NA,NA
Pata_25105,29,Ikeda1970,NA,Brun2016,10.1594/PANGAEA.862968,Neocalanus plumchrus,Unknown,Unknown,NA,NA,NA,RespirationRate,1.7658990573917195,NA,NA,Replicate,ulO2/mgC/hr,NA,NA,10.1,NA,NA,NA,0.41905,mg,NA,NA,NA,NA,NA,NA,NA,NA,NA,NA,NA,NA,Pata2023,https://onlinelibrary.wiley.com/doi/abs/10.1002/lno.12478,NA,NA
Pata_24921,30,Ikeda1970,NA,Brun2016,10.1594/PANGAEA.862968,Euchaeta marina,Adult,Female,NA,NA,NA,RespirationRate,38.18160124090205,NA,NA,Replicate,ulO2/mgC/hr,NA,NA,28.8,NA,NA,NA,0.058667,mg,NA,NA,NA,NA,NA,NA,NA,NA,NA,NA,NA,NA,Pata2023,https://onlinelibrary.wiley.com/doi/abs/10.1002/lno.12478,NA,NA
Pata_25107,31,Ikeda1970,NA,Brun2016,10.1594/PANGAEA.862968,Neocalanus plumchrus,Unknown,Unknown,NA,NA,NA,RespirationRate,2.1351553325504433,NA,NA,Replicate,ulO2/mgC/hr,NA,NA,6.7,NA,NA,NA,0.28101,mg,NA,NA,NA,NA,NA,NA,NA,NA,NA,NA,NA,NA,Pata2023,https://onlinelibrary.wiley.com/doi/abs/10.1002/lno.12478,NA,NA
Pata_25109,32,Ikeda1970,NA,Brun2016,10.1594/PANGAEA.862968,Neocalanus plumchrus,Unknown,Unknown,NA,NA,NA,RespirationRate,1.8509127789046653,NA,NA,Replicate,ulO2/mgC/hr,NA,NA,10.1,NA,NA,NA,0.35496,mg,NA,NA,NA,NA,NA,NA,NA,NA,NA,NA,NA,NA,Pata2023,https://onlinelibrary.wiley.com/doi/abs/10.1002/lno.12478,NA,NA
Pata_25111,33,Ikeda1970,NA,Brun2016,10.1594/PANGAEA.862968,Neocalanus plumchrus,Unknown,Unknown,NA,NA,NA,RespirationRate,1.9752728677677966,NA,NA,Replicate,ulO2/mgC/hr,NA,NA,5.8,NA,NA,NA,0.20706,mg,NA,NA,NA,NA,NA,NA,NA,NA,NA,NA,NA,NA,Pata2023,https://onlinelibrary.wiley.com/doi/abs/10.1002/lno.12478,NA,NA
Pata_24743,1,Ikeda1974,NA,Brun2016,10.1594/PANGAEA.862968,Acartia (Acartiura) longiremis,Unknown,Unknown,NA,NA,NA,RespirationRate,7.547525826689938,NA,NA,Replicate,ulO2/mgC/hr,NA,NA,7.25,NA,NA,NA,0.0042398,mg,NA,NA,NA,NA,NA,NA,NA,NA,NA,NA,NA,NA,Pata2023,https://onlinelibrary.wiley.com/doi/abs/10.1002/lno.12478,NA,NA
Pata_24745,2,Ikeda1974,NA,Brun2016,10.1594/PANGAEA.862968,Acartia (Acartiura) longiremis,Unknown,Unknown,NA,NA,NA,RespirationRate,5.936773363676841,NA,NA,Replicate,ulO2/mgC/hr,NA,NA,7.25,NA,NA,NA,0.0040426,mg,NA,NA,NA,NA,NA,NA,NA,NA,NA,NA,NA,NA,Pata2023,https://onlinelibrary.wiley.com/doi/abs/10.1002/lno.12478,NA,NA
Pata_25280,3,Ikeda1974,NA,Brun2016,10.1594/PANGAEA.862968,Pseudocalanus elongatus,Unknown,Unknown,NA,NA,NA,RespirationRate,5.859815190443994,NA,NA,Replicate,ulO2/mgC/hr,NA,NA,6.75,NA,NA,NA,0.0066555,mg,NA,NA,NA,NA,NA,NA,NA,NA,NA,NA,NA,NA,Pata2023,https://onlinelibrary.wiley.com/doi/abs/10.1002/lno.12478,NA,NA
Pata_24747,4,Ikeda1974,NA,Brun2016,10.1594/PANGAEA.862968,Acartia (Acartiura) longiremis,Unknown,Unknown,NA,NA,NA,RespirationRate,6.672360414220135,NA,NA,Replicate,ulO2/mgC/hr,NA,NA,7.25,NA,NA,NA,0.0037468,mg,NA,NA,NA,NA,NA,NA,NA,NA,NA,NA,NA,NA,Pata2023,https://onlinelibrary.wiley.com/doi/abs/10.1002/lno.12478,NA,NA
Pata_excl_7521,5,Ikeda1974,NA,Brun2016,10.1594/PANGAEA.862968,Eucalanus bungii,Adult,Male,NA,NA,NA,RespirationRate,1.6869841142329243,NA,NA,Replicate,ulO2/mgC/hr,NA,NA,6,NA,NA,NA,0.49793,mg,NA,NA,NA,NA,NA,NA,NA,NA,NA,NA,NA,NA,Pata2023,https://onlinelibrary.wiley.com/doi/abs/10.1002/lno.12478,NA,NA
Pata_25282,6,Ikeda1974,NA,Brun2016,10.1594/PANGAEA.862968,Pseudocalanus elongatus,Unknown,Unknown,NA,NA,NA,RespirationRate,4.958305161144918,NA,NA,Replicate,ulO2/mgC/hr,NA,NA,6.75,NA,NA,NA,0.0066555,mg,NA,NA,NA,NA,NA,NA,NA,NA,NA,NA,NA,NA,Pata2023,https://onlinelibrary.wiley.com/doi/abs/10.1002/lno.12478,NA,NA
Pata_24749,7,Ikeda1974,NA,Brun2016,10.1594/PANGAEA.862968,Acartia (Acartiura) longiremis,Unknown,Unknown,NA,NA,NA,RespirationRate,8.033257686823449,NA,NA,Replicate,ulO2/mgC/hr,NA,NA,9,NA,NA,NA,0.0049793,mg,NA,NA,NA,NA,NA,NA,NA,NA,NA,NA,NA,NA,Pata2023,https://onlinelibrary.wiley.com/doi/abs/10.1002/lno.12478,NA,NA
Pata_excl_7523,8,Ikeda1974,NA,Brun2016,10.1594/PANGAEA.862968,Eucalanus bungii,Adult,Male,NA,NA,NA,RespirationRate,1.5062358162793967,NA,NA,Replicate,ulO2/mgC/hr,NA,NA,6,NA,NA,NA,0.49793,mg,NA,NA,NA,NA,NA,NA,NA,NA,NA,NA,NA,NA,Pata2023,https://onlinelibrary.wiley.com/doi/abs/10.1002/lno.12478,NA,NA
Pata_25044,9,Ikeda1974,NA,Brun2016,10.1594/PANGAEA.862968,Metridia pacifica,Unknown,Unknown,NA,NA,NA,RespirationRate,4.203587060958685,NA,NA,Replicate,ulO2/mgC/hr,NA,NA,6.9,NA,NA,NA,0.014987199999999999,mg,NA,NA,NA,NA,NA,NA,NA,NA,NA,NA,NA,NA,Pata2023,https://onlinelibrary.wiley.com/doi/abs/10.1002/lno.12478,NA,NA
Pata_25284,10,Ikeda1974,NA,Brun2016,10.1594/PANGAEA.862968,Pseudocalanus elongatus,Unknown,Unknown,NA,NA,NA,RespirationRate,11.769714271404602,NA,NA,Replicate,ulO2/mgC/hr,NA,NA,12.2,NA,NA,NA,0.0039933,mg,NA,NA,NA,NA,NA,NA,NA,NA,NA,NA,NA,NA,Pata2023,https://onlinelibrary.wiley.com/doi/abs/10.1002/lno.12478,NA,NA
Pata_24751,11,Ikeda1974,NA,Brun2016,10.1594/PANGAEA.862968,Acartia (Acartiura) longiremis,Unknown,Unknown,NA,NA,NA,RespirationRate,6.631299734748011,NA,NA,Replicate,ulO2/mgC/hr,NA,NA,9,NA,NA,NA,0.0051272,mg,NA,NA,NA,NA,NA,NA,NA,NA,NA,NA,NA,NA,Pata2023,https://onlinelibrary.wiley.com/doi/abs/10.1002/lno.12478,NA,NA
Pata_25046,12,Ikeda1974,NA,Brun2016,10.1594/PANGAEA.862968,Metridia pacifica,Adult,Female,NA,NA,NA,RespirationRate,3.3213527395229114,NA,NA,Replicate,ulO2/mgC/hr,NA,NA,5,NA,NA,NA,0.084303,mg,NA,NA,NA,NA,NA,NA,NA,NA,NA,NA,NA,NA,Pata2023,https://onlinelibrary.wiley.com/doi/abs/10.1002/lno.12478,NA,NA
Pata_25077,13,Ikeda1974,NA,Brun2016,10.1594/PANGAEA.862968,Neocalanus cristatus,Unknown,Unknown,NA,NA,NA,RespirationRate,2.0820115985023815,NA,NA,Replicate,ulO2/mgC/hr,NA,NA,6,NA,NA,NA,1.11911,mg,NA,NA,NA,NA,NA,NA,NA,NA,NA,NA,NA,NA,Pata2023,https://onlinelibrary.wiley.com/doi/abs/10.1002/lno.12478,NA,NA
Pata_24753,14,Ikeda1974,NA,Brun2016,10.1594/PANGAEA.862968,Acartia (Acartiura) longiremis,Unknown,Unknown,NA,NA,NA,RespirationRate,8.297990042411948,NA,NA,Replicate,ulO2/mgC/hr,NA,NA,10,NA,NA,NA,0.0043384,mg,NA,NA,NA,NA,NA,NA,NA,NA,NA,NA,NA,NA,Pata2023,https://onlinelibrary.wiley.com/doi/abs/10.1002/lno.12478,NA,NA
Pata_25048,15,Ikeda1974,NA,Brun2016,10.1594/PANGAEA.862968,Metridia pacifica,Adult,Female,NA,NA,NA,RespirationRate,8.576446084103626,NA,NA,Replicate,ulO2/mgC/hr,NA,NA,9.3,NA,NA,NA,0.073457,mg,NA,NA,NA,NA,NA,NA,NA,NA,NA,NA,NA,NA,Pata2023,https://onlinelibrary.wiley.com/doi/abs/10.1002/lno.12478,NA,NA
Pata_25079,16,Ikeda1974,NA,Brun2016,10.1594/PANGAEA.862968,Neocalanus cristatus,Unknown,Unknown,NA,NA,NA,RespirationRate,2.2058823529411766,NA,NA,Replicate,ulO2/mgC/hr,NA,NA,6,NA,NA,NA,0.7888,mg,NA,NA,NA,NA,NA,NA,NA,NA,NA,NA,NA,NA,Pata2023,https://onlinelibrary.wiley.com/doi/abs/10.1002/lno.12478,NA,NA
Pata_24755,17,Ikeda1974,NA,Brun2016,10.1594/PANGAEA.862968,Acartia (Acartiura) longiremis,Unknown,Unknown,NA,NA,NA,RespirationRate,5.667581434196396,NA,NA,Replicate,ulO2/mgC/hr,NA,NA,9.5,NA,NA,NA,0.0033524,mg,NA,NA,NA,NA,NA,NA,NA,NA,NA,NA,NA,NA,Pata2023,https://onlinelibrary.wiley.com/doi/abs/10.1002/lno.12478,NA,NA
Pata_25050,18,Ikeda1974,NA,Brun2016,10.1594/PANGAEA.862968,Metridia pacifica,Adult,Female,NA,NA,NA,RespirationRate,5.7048681541582145,NA,NA,Replicate,ulO2/mgC/hr,NA,NA,9.3,NA,NA,NA,0.07888,mg,NA,NA,NA,NA,NA,NA,NA,NA,NA,NA,NA,NA,Pata2023,https://onlinelibrary.wiley.com/doi/abs/10.1002/lno.12478,NA,NA
Pata_25081,19,Ikeda1974,NA,Brun2016,10.1594/PANGAEA.862968,Neocalanus cristatus,Unknown,Unknown,NA,NA,NA,RespirationRate,2.137549004447921,NA,NA,Replicate,ulO2/mgC/hr,NA,NA,6.9,NA,NA,NA,0.439756,mg,NA,NA,NA,NA,NA,NA,NA,NA,NA,NA,NA,NA,Pata2023,https://onlinelibrary.wiley.com/doi/abs/10.1002/lno.12478,NA,NA
Pata_24757,20,Ikeda1974,NA,Brun2016,10.1594/PANGAEA.862968,Acartia (Acartiura) longiremis,Unknown,Unknown,NA,NA,NA,RespirationRate,5.070993914807302,NA,NA,Replicate,ulO2/mgC/hr,NA,NA,9.5,NA,NA,NA,0.0033524,mg,NA,NA,NA,NA,NA,NA,NA,NA,NA,NA,NA,NA,Pata2023,https://onlinelibrary.wiley.com/doi/abs/10.1002/lno.12478,NA,NA
Pata_25052,21,Ikeda1974,NA,Brun2016,10.1594/PANGAEA.862968,Metridia pacifica,Adult,Female,NA,NA,NA,RespirationRate,4.639419964610936,NA,NA,Replicate,ulO2/mgC/hr,NA,NA,9.1,NA,NA,NA,0.092684,mg,NA,NA,NA,NA,NA,NA,NA,NA,NA,NA,NA,NA,Pata2023,https://onlinelibrary.wiley.com/doi/abs/10.1002/lno.12478,NA,NA
Pata_25054,22,Ikeda1974,NA,Brun2016,10.1594/PANGAEA.862968,Metridia pacifica,Adult,Female,NA,NA,NA,RespirationRate,4.772700155112755,NA,NA,Replicate,ulO2/mgC/hr,NA,NA,9.1,NA,NA,NA,0.092191,mg,NA,NA,NA,NA,NA,NA,NA,NA,NA,NA,NA,NA,Pata2023,https://onlinelibrary.wiley.com/doi/abs/10.1002/lno.12478,NA,NA
Pata_25113,23,Ikeda1974,NA,Brun2016,10.1594/PANGAEA.862968,Neocalanus plumchrus,Unknown,Unknown,NA,NA,NA,RespirationRate,1.785561237608205,NA,NA,Replicate,ulO2/mgC/hr,NA,NA,5,NA,NA,NA,0.140012,mg,NA,NA,NA,NA,NA,NA,NA,NA,NA,NA,NA,NA,Pata2023,https://onlinelibrary.wiley.com/doi/abs/10.1002/lno.12478,NA,NA
Pata_25115,24,Ikeda1974,NA,Brun2016,10.1594/PANGAEA.862968,Neocalanus plumchrus,Unknown,Unknown,NA,NA,NA,RespirationRate,2.1056030096085685,NA,NA,Replicate,ulO2/mgC/hr,NA,NA,5,NA,NA,NA,0.142477,mg,NA,NA,NA,NA,NA,NA,NA,NA,NA,NA,NA,NA,Pata2023,https://onlinelibrary.wiley.com/doi/abs/10.1002/lno.12478,NA,NA
Pata_25117,25,Ikeda1974,NA,Brun2016,10.1594/PANGAEA.862968,Neocalanus plumchrus,Unknown,Unknown,NA,NA,NA,RespirationRate,2.710761724044456,NA,NA,Replicate,ulO2/mgC/hr,NA,NA,6.9,NA,NA,NA,0.106981,mg,NA,NA,NA,NA,NA,NA,NA,NA,NA,NA,NA,NA,Pata2023,https://onlinelibrary.wiley.com/doi/abs/10.1002/lno.12478,NA,NA
Pata_25119,26,Ikeda1974,NA,Brun2016,10.1594/PANGAEA.862968,Neocalanus plumchrus,Unknown,Unknown,NA,NA,NA,RespirationRate,1.8616268291453195,NA,NA,Replicate,ulO2/mgC/hr,NA,NA,5,NA,NA,NA,0.257839,mg,NA,NA,NA,NA,NA,NA,NA,NA,NA,NA,NA,NA,Pata2023,https://onlinelibrary.wiley.com/doi/abs/10.1002/lno.12478,NA,NA
Pata_25121,27,Ikeda1974,NA,Brun2016,10.1594/PANGAEA.862968,Neocalanus plumchrus,Unknown,Unknown,NA,NA,NA,RespirationRate,2.1695933217851278,NA,NA,Replicate,ulO2/mgC/hr,NA,NA,5,NA,NA,NA,0.290377,mg,NA,NA,NA,NA,NA,NA,NA,NA,NA,NA,NA,NA,Pata2023,https://onlinelibrary.wiley.com/doi/abs/10.1002/lno.12478,NA,NA
Pata_25123,28,Ikeda1974,NA,Brun2016,10.1594/PANGAEA.862968,Neocalanus plumchrus,Unknown,Unknown,NA,NA,NA,RespirationRate,1.4965779142514306,NA,NA,Replicate,ulO2/mgC/hr,NA,NA,7,NA,NA,NA,0.374187,mg,NA,NA,NA,NA,NA,NA,NA,NA,NA,NA,NA,NA,Pata2023,https://onlinelibrary.wiley.com/doi/abs/10.1002/lno.12478,NA,NA
Pata_25125,29,Ikeda1974,NA,Brun2016,10.1594/PANGAEA.862968,Neocalanus plumchrus,Unknown,Unknown,NA,NA,NA,RespirationRate,1.7278942228232288,NA,NA,Replicate,ulO2/mgC/hr,NA,NA,9.3,NA,NA,NA,0.53244,mg,NA,NA,NA,NA,NA,NA,NA,NA,NA,NA,NA,NA,Pata2023,https://onlinelibrary.wiley.com/doi/abs/10.1002/lno.12478,NA,NA
Pata_25127,30,Ikeda1974,NA,Brun2016,10.1594/PANGAEA.862968,Neocalanus plumchrus,Unknown,Unknown,NA,NA,NA,RespirationRate,1.6851302855359651,NA,NA,Replicate,ulO2/mgC/hr,NA,NA,10.1,NA,NA,NA,0.480675,mg,NA,NA,NA,NA,NA,NA,NA,NA,NA,NA,NA,NA,Pata2023,https://onlinelibrary.wiley.com/doi/abs/10.1002/lno.12478,NA,NA
Pata_24762,1,Ikeda2007,10.3354/meps339215,Brun2016,10.1594/PANGAEA.862968,Acartia (Acanthacartia) tonsa,Unknown,Unknown,NA,NA,NA,RespirationRate,18.8,NA,NA,Replicate,ulO2/mgC/hr,NA,NA,22,NA,NA,NA,0.003,mg,NA,NA,NA,NA,NA,NA,NA,NA,NA,Literature,NA,NA,Pata2023,https://onlinelibrary.wiley.com/doi/abs/10.1002/lno.12478,NA,NA
Pata_24732,2,Ikeda2007,10.3354/meps339215,Brun2016,10.1594/PANGAEA.862968,Acartia (Acartiura) clausii,Unknown,Unknown,NA,NA,NA,RespirationRate,8.714285714285714,NA,NA,Replicate,ulO2/mgC/hr,NA,NA,14.8,NA,NA,NA,0.0035,mg,NA,NA,NA,NA,NA,NA,NA,NA,NA,Literature,NA,NA,Pata2023,https://onlinelibrary.wiley.com/doi/abs/10.1002/lno.12478,NA,NA
Pata_24741,3,Ikeda2007,10.3354/meps339215,Brun2016,10.1594/PANGAEA.862968,Acartia (Acartiura) longiremis,Unknown,Unknown,NA,NA,NA,RespirationRate,8,NA,NA,Replicate,ulO2/mgC/hr,NA,NA,9.6,NA,NA,NA,0.0035,mg,NA,NA,NA,NA,NA,NA,NA,NA,NA,Literature,NA,NA,Pata2023,https://onlinelibrary.wiley.com/doi/abs/10.1002/lno.12478,NA,NA
Pata_24730,4,Ikeda2007,10.3354/meps339215,Brun2016,10.1594/PANGAEA.862968,Acartia (Odontacartia) australis,Unknown,Unknown,NA,NA,NA,RespirationRate,14.552631578947368,NA,NA,Replicate,ulO2/mgC/hr,NA,NA,25,NA,NA,NA,0.0038,mg,NA,NA,NA,NA,NA,NA,NA,NA,NA,Literature,NA,NA,Pata2023,https://onlinelibrary.wiley.com/doi/abs/10.1002/lno.12478,NA,NA
Pata_24759,5,Ikeda2007,10.3354/meps339215,Brun2016,10.1594/PANGAEA.862968,Acartia (Odontacartia) pacifica,Unknown,Unknown,NA,NA,NA,RespirationRate,14.499999999999998,NA,NA,Replicate,ulO2/mgC/hr,NA,NA,26,NA,NA,NA,0.0032,mg,NA,NA,NA,NA,NA,NA,NA,NA,NA,Literature,NA,NA,Pata2023,https://onlinelibrary.wiley.com/doi/abs/10.1002/lno.12478,NA,NA
Pata_24776,6,Ikeda2007,10.3354/meps339215,Brun2016,10.1594/PANGAEA.862968,Calanoides acutus,C5,Unknown,NA,NA,NA,RespirationRate,1.0899689762150981,NA,NA,Replicate,ulO2/mgC/hr,NA,NA,-0.2,NA,NA,NA,0.1934,mg,NA,NA,NA,NA,NA,NA,NA,NA,NA,Literature,NA,NA,Pata2023,https://onlinelibrary.wiley.com/doi/abs/10.1002/lno.12478,NA,NA
Pata_24784,7,Ikeda2007,10.3354/meps339215,Brun2016,10.1594/PANGAEA.862968,Calanopia elliptica,Unknown,Unknown,NA,NA,NA,RespirationRate,11.978632478632479,NA,NA,Replicate,ulO2/mgC/hr,NA,NA,26,NA,NA,NA,0.0234,mg,NA,NA,NA,NA,NA,NA,NA,NA,NA,Literature,NA,NA,Pata2023,https://onlinelibrary.wiley.com/doi/abs/10.1002/lno.12478,NA,NA
Pata_24788,8,Ikeda2007,10.3354/meps339215,Brun2016,10.1594/PANGAEA.862968,Calanus finmarchicus,Adult,Female,NA,NA,NA,RespirationRate,1.527958993476235,NA,NA,Replicate,ulO2/mgC/hr,NA,NA,0.1,NA,NA,NA,0.2146,mg,NA,NA,NA,NA,NA,NA,NA,NA,NA,Literature,NA,NA,Pata2023,https://onlinelibrary.wiley.com/doi/abs/10.1002/lno.12478,NA,NA
Pata_24790,9,Ikeda2007,10.3354/meps339215,Brun2016,10.1594/PANGAEA.862968,Calanus glacialis,Adult,Female,NA,NA,NA,RespirationRate,2.7651549169286036,NA,NA,Replicate,ulO2/mgC/hr,NA,NA,1.9,NA,NA,NA,0.2227,mg,NA,NA,NA,NA,NA,NA,NA,NA,NA,Literature,NA,NA,Pata2023,https://onlinelibrary.wiley.com/doi/abs/10.1002/lno.12478,NA,NA
Pata_24796,10,Ikeda2007,10.3354/meps339215,Brun2016,10.1594/PANGAEA.862968,Calanus hyperboreus,Adult,Female,NA,NA,NA,RespirationRate,0.6352941176470589,NA,NA,Replicate,ulO2/mgC/hr,NA,NA,1.3,NA,NA,NA,2.3375,mg,NA,NA,NA,NA,NA,NA,NA,NA,NA,Literature,NA,NA,Pata2023,https://onlinelibrary.wiley.com/doi/abs/10.1002/lno.12478,NA,NA
Pata_24802,11,Ikeda2007,10.3354/meps339215,Brun2016,10.1594/PANGAEA.862968,Calanus marshallae,C5,Unknown,NA,NA,NA,RespirationRate,1.602092050209205,NA,NA,Replicate,ulO2/mgC/hr,NA,NA,8,NA,NA,NA,0.239,mg,NA,NA,NA,NA,NA,NA,NA,NA,NA,Literature,NA,NA,Pata2023,https://onlinelibrary.wiley.com/doi/abs/10.1002/lno.12478,NA,NA
Pata_24804,12,Ikeda2007,10.3354/meps339215,Brun2016,10.1594/PANGAEA.862968,Calanus propinquus,Unknown,Unknown,NA,NA,NA,RespirationRate,2.590989010989011,NA,NA,Replicate,ulO2/mgC/hr,NA,NA,-1,NA,NA,NA,0.455,mg,NA,NA,NA,NA,NA,NA,NA,NA,NA,Literature,NA,NA,Pata2023,https://onlinelibrary.wiley.com/doi/abs/10.1002/lno.12478,NA,NA
Pata_24813,13,Ikeda2007,10.3354/meps339215,Brun2016,10.1594/PANGAEA.862968,Candacia bipinnata,Adult,Female,NA,NA,NA,RespirationRate,4.929068150208622,NA,NA,Replicate,ulO2/mgC/hr,NA,NA,11.3,NA,NA,NA,0.1438,mg,NA,NA,NA,NA,NA,NA,NA,NA,NA,Literature,NA,NA,Pata2023,https://onlinelibrary.wiley.com/doi/abs/10.1002/lno.12478,NA,NA
Pata_24821,14,Ikeda2007,10.3354/meps339215,Brun2016,10.1594/PANGAEA.862968,Candacia columbiae,Adult,Female,NA,NA,NA,RespirationRate,2.992129083038174,NA,NA,Replicate,ulO2/mgC/hr,NA,NA,4.7,NA,NA,NA,0.2541,mg,NA,NA,NA,NA,NA,NA,NA,NA,NA,Literature,NA,NA,Pata2023,https://onlinelibrary.wiley.com/doi/abs/10.1002/lno.12478,NA,NA
Pata_24840,15,Ikeda2007,10.3354/meps339215,Brun2016,10.1594/PANGAEA.862968,Centropages abdominalis,Unknown,Unknown,NA,NA,NA,RespirationRate,12.761194029850747,NA,NA,Replicate,ulO2/mgC/hr,NA,NA,15.9,NA,NA,NA,0.0067,mg,NA,NA,NA,NA,NA,NA,NA,NA,NA,Literature,NA,NA,Pata2023,https://onlinelibrary.wiley.com/doi/abs/10.1002/lno.12478,NA,NA
Pata_24843,16,Ikeda2007,10.3354/meps339215,Brun2016,10.1594/PANGAEA.862968,Centropages brachiatus,Unknown,Unknown,NA,NA,NA,RespirationRate,13.855421686746988,NA,NA,Replicate,ulO2/mgC/hr,NA,NA,17.3,NA,NA,NA,0.0083,mg,NA,NA,NA,NA,NA,NA,NA,NA,NA,Literature,NA,NA,Pata2023,https://onlinelibrary.wiley.com/doi/abs/10.1002/lno.12478,NA,NA
Pata_24896,17,Ikeda2007,10.3354/meps339215,Brun2016,10.1594/PANGAEA.862968,Eucalanus bungii,Unknown,Unknown,NA,NA,NA,RespirationRate,1.9678217821782178,NA,NA,Replicate,ulO2/mgC/hr,NA,NA,6,NA,NA,NA,0.404,mg,NA,NA,NA,NA,NA,NA,NA,NA,NA,Literature,NA,NA,Pata2023,https://onlinelibrary.wiley.com/doi/abs/10.1002/lno.12478,NA,NA
Pata_24909,18,Ikeda2007,10.3354/meps339215,Brun2016,10.1594/PANGAEA.862968,Euchaeta marina,Unknown,Unknown,NA,NA,NA,RespirationRate,11.062861869313481,NA,NA,Replicate,ulO2/mgC/hr,NA,NA,24,NA,NA,NA,0.1209,mg,NA,NA,NA,NA,NA,NA,NA,NA,NA,Literature,NA,NA,Pata2023,https://onlinelibrary.wiley.com/doi/abs/10.1002/lno.12478,NA,NA
Pata_24986,19,Ikeda2007,10.3354/meps339215,Brun2016,10.1594/PANGAEA.862968,Gaetanus simplex,Adult,Female,NA,NA,NA,RespirationRate,1.670496323529412,NA,NA,Replicate,ulO2/mgC/hr,NA,NA,6,NA,NA,NA,0.2176,mg,NA,NA,NA,NA,NA,NA,NA,NA,NA,Literature,NA,NA,Pata2023,https://onlinelibrary.wiley.com/doi/abs/10.1002/lno.12478,NA,NA
Pata_24997,20,Ikeda2007,10.3354/meps339215,Brun2016,10.1594/PANGAEA.862968,Labidocera acuta,Unknown,Unknown,NA,NA,NA,RespirationRate,19.464469618949533,NA,NA,Replicate,ulO2/mgC/hr,NA,NA,24,NA,NA,NA,0.0971,mg,NA,NA,NA,NA,NA,NA,NA,NA,NA,Literature,NA,NA,Pata2023,https://onlinelibrary.wiley.com/doi/abs/10.1002/lno.12478,NA,NA
Pata_25007,21,Ikeda2007,10.3354/meps339215,Brun2016,10.1594/PANGAEA.862968,Labidocera nerii,Unknown,Unknown,NA,NA,NA,RespirationRate,15.89716684155299,NA,NA,Replicate,ulO2/mgC/hr,NA,NA,26.4,NA,NA,NA,0.0953,mg,NA,NA,NA,NA,NA,NA,NA,NA,NA,Literature,NA,NA,Pata2023,https://onlinelibrary.wiley.com/doi/abs/10.1002/lno.12478,NA,NA
Pata_25024,22,Ikeda2007,10.3354/meps339215,Brun2016,10.1594/PANGAEA.862968,Mesocalanus tenuicornis,Unknown,Unknown,NA,NA,NA,RespirationRate,17.88617886178862,NA,NA,Replicate,ulO2/mgC/hr,NA,NA,15.8,NA,NA,NA,0.0123,mg,NA,NA,NA,NA,NA,NA,NA,NA,NA,Literature,NA,NA,Pata2023,https://onlinelibrary.wiley.com/doi/abs/10.1002/lno.12478,NA,NA
Pata_25028,23,Ikeda2007,10.3354/meps339215,Brun2016,10.1594/PANGAEA.862968,Metridia gerlachei,Unknown,Unknown,NA,NA,NA,RespirationRate,2.6625,NA,NA,Replicate,ulO2/mgC/hr,NA,NA,-1.4,NA,NA,NA,0.12,mg,NA,NA,NA,NA,NA,NA,NA,NA,NA,Literature,NA,NA,Pata2023,https://onlinelibrary.wiley.com/doi/abs/10.1002/lno.12478,NA,NA
Pata_25031,24,Ikeda2007,10.3354/meps339215,Brun2016,10.1594/PANGAEA.862968,Metridia longa,Adult,Female,NA,NA,NA,RespirationRate,2.422686567164179,NA,NA,Replicate,ulO2/mgC/hr,NA,NA,0.1,NA,NA,NA,0.1675,mg,NA,NA,NA,NA,NA,NA,NA,NA,NA,Literature,NA,NA,Pata2023,https://onlinelibrary.wiley.com/doi/abs/10.1002/lno.12478,NA,NA
Pata_25036,25,Ikeda2007,10.3354/meps339215,Brun2016,10.1594/PANGAEA.862968,Metridia pacifica,Unknown,Unknown,NA,NA,NA,RespirationRate,5.844036697247706,NA,NA,Replicate,ulO2/mgC/hr,NA,NA,8.2,NA,NA,NA,0.0654,mg,NA,NA,NA,NA,NA,NA,NA,NA,NA,Literature,NA,NA,Pata2023,https://onlinelibrary.wiley.com/doi/abs/10.1002/lno.12478,NA,NA
Pata_25058,26,Ikeda2007,10.3354/meps339215,Brun2016,10.1594/PANGAEA.862968,Nannocalanus minor,Unknown,Unknown,NA,NA,NA,RespirationRate,12.352941176470587,NA,NA,Replicate,ulO2/mgC/hr,NA,NA,26.9,NA,NA,NA,0.017,mg,NA,NA,NA,NA,NA,NA,NA,NA,NA,Literature,NA,NA,Pata2023,https://onlinelibrary.wiley.com/doi/abs/10.1002/lno.12478,NA,NA
Pata_25067,27,Ikeda2007,10.3354/meps339215,Brun2016,10.1594/PANGAEA.862968,Neocalanus cristatus,C5,Unknown,NA,NA,NA,RespirationRate,2.1125869702719795,NA,NA,Replicate,ulO2/mgC/hr,NA,NA,6.3,NA,NA,NA,0.7905,mg,NA,NA,NA,NA,NA,NA,NA,NA,NA,Literature,NA,NA,Pata2023,https://onlinelibrary.wiley.com/doi/abs/10.1002/lno.12478,NA,NA
Pata_25085,28,Ikeda2007,10.3354/meps339215,Brun2016,10.1594/PANGAEA.862968,Neocalanus gracilis,Unknown,Unknown,NA,NA,NA,RespirationRate,7.023554603854389,NA,NA,Replicate,ulO2/mgC/hr,NA,NA,19.7,NA,NA,NA,0.2335,mg,NA,NA,NA,NA,NA,NA,NA,NA,NA,Literature,NA,NA,Pata2023,https://onlinelibrary.wiley.com/doi/abs/10.1002/lno.12478,NA,NA
Pata_excl_7537,29,Ikeda2007,10.3354/meps339215,Brun2016,10.1594/PANGAEA.862968,Neocalanus plumchrus,C4,Unknown,NA,NA,NA,RespirationRate,1.891891891891892,NA,NA,Replicate,ulO2/mgC/hr,NA,NA,5.6,NA,NA,NA,0.148,mg,NA,NA,NA,NA,NA,NA,NA,NA,NA,Literature,NA,NA,Pata2023,https://onlinelibrary.wiley.com/doi/abs/10.1002/lno.12478,NA,NA
Pata_25175,30,Ikeda2007,10.3354/meps339215,Brun2016,10.1594/PANGAEA.862968,Paracalanus parvus parvus,Unknown,Unknown,NA,NA,NA,RespirationRate,19.375,NA,NA,Replicate,ulO2/mgC/hr,NA,NA,13.9,NA,NA,NA,0.0016,mg,NA,NA,NA,NA,NA,NA,NA,NA,NA,Literature,NA,NA,Pata2023,https://onlinelibrary.wiley.com/doi/abs/10.1002/lno.12478,NA,NA
Pata_25218,31,Ikeda2007,10.3354/meps339215,Brun2016,10.1594/PANGAEA.862968,Pareucalanus attenuatus,Unknown,Unknown,NA,NA,NA,RespirationRate,16.728280961182993,NA,NA,Replicate,ulO2/mgC/hr,NA,NA,27.4,NA,NA,NA,0.0541,mg,NA,NA,NA,NA,NA,NA,NA,NA,NA,Literature,NA,NA,Pata2023,https://onlinelibrary.wiley.com/doi/abs/10.1002/lno.12478,NA,NA
Pata_25226,32,Ikeda2007,10.3354/meps339215,Brun2016,10.1594/PANGAEA.862968,Pleuromamma abdominalis abdominalis,Adult,Female,NA,NA,NA,RespirationRate,4.423948220064725,NA,NA,Replicate,ulO2/mgC/hr,NA,NA,13.6,NA,NA,NA,0.1545,mg,NA,NA,NA,NA,NA,NA,NA,NA,NA,Literature,NA,NA,Pata2023,https://onlinelibrary.wiley.com/doi/abs/10.1002/lno.12478,NA,NA
Pata_25245,33,Ikeda2007,10.3354/meps339215,Brun2016,10.1594/PANGAEA.862968,Pleuromamma scutullata,Adult,Female,NA,NA,NA,RespirationRate,2.9610655737704916,NA,NA,Replicate,ulO2/mgC/hr,NA,NA,6,NA,NA,NA,0.1464,mg,NA,NA,NA,NA,NA,NA,NA,NA,NA,Literature,NA,NA,Pata2023,https://onlinelibrary.wiley.com/doi/abs/10.1002/lno.12478,NA,NA
Pata_25253,34,Ikeda2007,10.3354/meps339215,Brun2016,10.1594/PANGAEA.862968,Pleuromamma xiphias,Adult,Female,NA,NA,NA,RespirationRate,3.432145090681676,NA,NA,Replicate,ulO2/mgC/hr,NA,NA,12,NA,NA,NA,0.1599,mg,NA,NA,NA,NA,NA,NA,NA,NA,NA,Literature,NA,NA,Pata2023,https://onlinelibrary.wiley.com/doi/abs/10.1002/lno.12478,NA,NA
Pata_25269,35,Ikeda2007,10.3354/meps339215,Brun2016,10.1594/PANGAEA.862968,Pontella danae,Unknown,Unknown,NA,NA,NA,RespirationRate,11.448598130841123,NA,NA,Replicate,ulO2/mgC/hr,NA,NA,26.4,NA,NA,NA,0.2996,mg,NA,NA,NA,NA,NA,NA,NA,NA,NA,Literature,NA,NA,Pata2023,https://onlinelibrary.wiley.com/doi/abs/10.1002/lno.12478,NA,NA
Pata_25276,36,Ikeda2007,10.3354/meps339215,Brun2016,10.1594/PANGAEA.862968,Pseudocalanus elongatus,Unknown,Unknown,NA,NA,NA,RespirationRate,7.4905660377358485,NA,NA,Replicate,ulO2/mgC/hr,NA,NA,8.6,NA,NA,NA,0.0053,mg,NA,NA,NA,NA,NA,NA,NA,NA,NA,Literature,NA,NA,Pata2023,https://onlinelibrary.wiley.com/doi/abs/10.1002/lno.12478,NA,NA
Pata_25294,37,Ikeda2007,10.3354/meps339215,Brun2016,10.1594/PANGAEA.862968,Pseudodiaptomus marinus,Unknown,Unknown,NA,NA,NA,RespirationRate,9.877192982,NA,NA,Replicate,ulO2/mgC/hr,NA,NA,14.3,NA,NA,NA,0.0057,mg,NA,NA,NA,NA,NA,NA,NA,NA,NA,Literature,NA,NA,Pata2023,https://onlinelibrary.wiley.com/doi/abs/10.1002/lno.12478,NA,NA
Pata_25312,38,Ikeda2007,10.3354/meps339215,Brun2016,10.1594/PANGAEA.862968,Rhincalanus gigas,Unknown,Unknown,NA,NA,NA,RespirationRate,0.8682694218160144,NA,NA,Replicate,ulO2/mgC/hr,NA,NA,-1.7,NA,NA,NA,0.5033,mg,NA,NA,NA,NA,NA,NA,NA,NA,NA,Literature,NA,NA,Pata2023,https://onlinelibrary.wiley.com/doi/abs/10.1002/lno.12478,NA,NA
Pata_25345,39,Ikeda2007,10.3354/meps339215,Brun2016,10.1594/PANGAEA.862968,Subeucalanus subcrassus,Unknown,Unknown,NA,NA,NA,RespirationRate,15.197215777262182,NA,NA,Replicate,ulO2/mgC/hr,NA,NA,24,NA,NA,NA,0.0431,mg,NA,NA,NA,NA,NA,NA,NA,NA,NA,Literature,NA,NA,Pata2023,https://onlinelibrary.wiley.com/doi/abs/10.1002/lno.12478,NA,NA
Pata_25374,40,Ikeda2007,10.3354/meps339215,Brun2016,10.1594/PANGAEA.862968,Tortanus (Boreotortanus) discaudatus,Unknown,Unknown,NA,NA,NA,RespirationRate,4.8,NA,NA,Replicate,ulO2/mgC/hr,NA,NA,7,NA,NA,NA,0.025,mg,NA,NA,NA,NA,NA,NA,NA,NA,NA,Literature,NA,NA,Pata2023,https://onlinelibrary.wiley.com/doi/abs/10.1002/lno.12478,NA,NA
Pata_25378,41,Ikeda2007,10.3354/meps339215,Brun2016,10.1594/PANGAEA.862968,Tortanus (Tortanus) gracilis,Unknown,Unknown,NA,NA,NA,RespirationRate,14.622448979591839,NA,NA,Replicate,ulO2/mgC/hr,NA,NA,26,NA,NA,NA,0.0098,mg,NA,NA,NA,NA,NA,NA,NA,NA,NA,Literature,NA,NA,Pata2023,https://onlinelibrary.wiley.com/doi/abs/10.1002/lno.12478,NA,NA
Pata_25386,42,Ikeda2007,10.3354/meps339215,Brun2016,10.1594/PANGAEA.862968,Undinula vulgaris,Unknown,Unknown,NA,NA,NA,RespirationRate,12.53307392996109,NA,NA,Replicate,ulO2/mgC/hr,NA,NA,23.5,NA,NA,NA,0.0771,mg,NA,NA,NA,NA,NA,NA,NA,NA,NA,Literature,NA,NA,Pata2023,https://onlinelibrary.wiley.com/doi/abs/10.1002/lno.12478,NA,NA
Pata_excl_7501,43,Ikeda2007,10.3354/meps339215,Brun2016,10.1594/PANGAEA.862968,Calanoides acutus,Copepodite,Unknown,NA,NA,NA,RespirationRate,1.3451986754966887,NA,NA,Replicate,ulO2/mgC/hr,NA,NA,-0.6,NA,NA,NA,0.1208,mg,NA,NA,NA,NA,NA,NA,NA,NA,NA,Literature,NA,NA,Pata2023,https://onlinelibrary.wiley.com/doi/abs/10.1002/lno.12478,NA,NA
Pata_24798,44,Ikeda2007,10.3354/meps339215,Brun2016,10.1594/PANGAEA.862968,Calanus hyperboreus,C5,Unknown,NA,NA,NA,RespirationRate,0.920053715,NA,NA,Replicate,ulO2/mgC/hr,NA,NA,0.9,NA,NA,NA,1.117,mg,NA,NA,NA,NA,NA,NA,NA,NA,NA,Literature,NA,NA,Pata2023,https://onlinelibrary.wiley.com/doi/abs/10.1002/lno.12478,NA,NA
Pata_24815,45,Ikeda2007,10.3354/meps339215,Brun2016,10.1594/PANGAEA.862968,Candacia bipinnata,Adult,Female,NA,NA,NA,RespirationRate,10.727477477477477,NA,NA,Replicate,ulO2/mgC/hr,NA,NA,20.2,NA,NA,NA,0.0444,mg,NA,NA,NA,NA,NA,NA,NA,NA,NA,Literature,NA,NA,Pata2023,https://onlinelibrary.wiley.com/doi/abs/10.1002/lno.12478,NA,NA
Pata_24911,46,Ikeda2007,10.3354/meps339215,Brun2016,10.1594/PANGAEA.862968,Euchaeta marina,Adult,Female,NA,NA,NA,RespirationRate,2.940487804878049,NA,NA,Replicate,ulO2/mgC/hr,NA,NA,11.3,NA,NA,NA,0.205,mg,NA,NA,NA,NA,NA,NA,NA,NA,NA,Literature,NA,NA,Pata2023,https://onlinelibrary.wiley.com/doi/abs/10.1002/lno.12478,NA,NA
Pata_24953,47,Ikeda2007,10.3354/meps339215,Brun2016,10.1594/PANGAEA.862968,Euchirella amoena,Adult,Female,NA,NA,NA,RespirationRate,1.007905138339921,NA,NA,Replicate,ulO2/mgC/hr,NA,NA,3,NA,NA,NA,0.506,mg,NA,NA,NA,NA,NA,NA,NA,NA,NA,Literature,NA,NA,Pata2023,https://onlinelibrary.wiley.com/doi/abs/10.1002/lno.12478,NA,NA
Pata_24988,48,Ikeda2007,10.3354/meps339215,Brun2016,10.1594/PANGAEA.862968,Gaetanus simplex,Adult,Female,NA,NA,NA,RespirationRate,1.1864923747276688,NA,NA,Replicate,ulO2/mgC/hr,NA,NA,3,NA,NA,NA,0.2295,mg,NA,NA,NA,NA,NA,NA,NA,NA,NA,Literature,NA,NA,Pata2023,https://onlinelibrary.wiley.com/doi/abs/10.1002/lno.12478,NA,NA
Pata_24999,49,Ikeda2007,10.3354/meps339215,Brun2016,10.1594/PANGAEA.862968,Labidocera acuta,Unknown,Unknown,NA,NA,NA,RespirationRate,20.741482965931862,NA,NA,Replicate,ulO2/mgC/hr,NA,NA,28.5,NA,NA,NA,0.0998,mg,NA,NA,NA,NA,NA,NA,NA,NA,NA,Literature,NA,NA,Pata2023,https://onlinelibrary.wiley.com/doi/abs/10.1002/lno.12478,NA,NA
Pata_25026,50,Ikeda2007,10.3354/meps339215,Brun2016,10.1594/PANGAEA.862968,Mesocalanus tenuicornis,Adult,Female,NA,NA,NA,RespirationRate,4.888254486133769,NA,NA,Replicate,ulO2/mgC/hr,NA,NA,22,NA,NA,NA,0.1226,mg,NA,NA,NA,NA,NA,NA,NA,NA,NA,Literature,NA,NA,Pata2023,https://onlinelibrary.wiley.com/doi/abs/10.1002/lno.12478,NA,NA
Pata_25038,51,Ikeda2007,10.3354/meps339215,Brun2016,10.1594/PANGAEA.862968,Metridia pacifica,Unknown,Unknown,NA,NA,NA,RespirationRate,6.321016166281756,NA,NA,Replicate,ulO2/mgC/hr,NA,NA,13,NA,NA,NA,0.0433,mg,NA,NA,NA,NA,NA,NA,NA,NA,NA,Literature,NA,NA,Pata2023,https://onlinelibrary.wiley.com/doi/abs/10.1002/lno.12478,NA,NA
Pata_25069,52,Ikeda2007,10.3354/meps339215,Brun2016,10.1594/PANGAEA.862968,Neocalanus cristatus,C5,Unknown,NA,NA,NA,RespirationRate,1.4792899408284024,NA,NA,Replicate,ulO2/mgC/hr,NA,NA,5,NA,NA,NA,0.676,mg,NA,NA,NA,NA,NA,NA,NA,NA,NA,Literature,NA,NA,Pata2023,https://onlinelibrary.wiley.com/doi/abs/10.1002/lno.12478,NA,NA
Pata_25097,53,Ikeda2007,10.3354/meps339215,Brun2016,10.1594/PANGAEA.862968,Neocalanus plumchrus,C5,Unknown,NA,NA,NA,RespirationRate,1.5034269290294053,NA,NA,Replicate,ulO2/mgC/hr,NA,NA,7.3,NA,NA,NA,0.4523,mg,NA,NA,NA,NA,NA,NA,NA,NA,NA,Literature,NA,NA,Pata2023,https://onlinelibrary.wiley.com/doi/abs/10.1002/lno.12478,NA,NA
Pata_excl_7567,54,Ikeda2007,10.3354/meps339215,Brun2016,10.1594/PANGAEA.862968,Paraeuchaeta elongata,C4,Unknown,NA,NA,NA,RespirationRate,0.43243243243243246,NA,NA,Replicate,ulO2/mgC/hr,NA,NA,3,NA,NA,NA,0.407,mg,NA,NA,NA,NA,NA,NA,NA,NA,NA,Literature,NA,NA,Pata2023,https://onlinelibrary.wiley.com/doi/abs/10.1002/lno.12478,NA,NA
Pata_25247,55,Ikeda2007,10.3354/meps339215,Brun2016,10.1594/PANGAEA.862968,Pleuromamma scutullata,Adult,Female,NA,NA,NA,RespirationRate,2.1559633027522933,NA,NA,Replicate,ulO2/mgC/hr,NA,NA,5.8,NA,NA,NA,0.1962,mg,NA,NA,NA,NA,NA,NA,NA,NA,NA,Literature,NA,NA,Pata2023,https://onlinelibrary.wiley.com/doi/abs/10.1002/lno.12478,NA,NA
Pata_25255,56,Ikeda2007,10.3354/meps339215,Brun2016,10.1594/PANGAEA.862968,Pleuromamma xiphias,Adult,Female,NA,NA,NA,RespirationRate,1.9666666666666666,NA,NA,Replicate,ulO2/mgC/hr,NA,NA,3,NA,NA,NA,0.24,mg,NA,NA,NA,NA,NA,NA,NA,NA,NA,Literature,NA,NA,Pata2023,https://onlinelibrary.wiley.com/doi/abs/10.1002/lno.12478,NA,NA
Pata_25388,57,Ikeda2007,10.3354/meps339215,Brun2016,10.1594/PANGAEA.862968,Undinula vulgaris,Unknown,Unknown,NA,NA,NA,RespirationRate,20.041547277936964,NA,NA,Replicate,ulO2/mgC/hr,NA,NA,27.6,NA,NA,NA,0.0698,mg,NA,NA,NA,NA,NA,NA,NA,NA,NA,Literature,NA,NA,Pata2023,https://onlinelibrary.wiley.com/doi/abs/10.1002/lno.12478,NA,NA
Pata_24800,58,Ikeda2007,10.3354/meps339215,Brun2016,10.1594/PANGAEA.862968,Calanus hyperboreus,C5,Unknown,NA,NA,NA,RespirationRate,0.6450428396572828,NA,NA,Replicate,ulO2/mgC/hr,NA,NA,-0.3,NA,NA,NA,1.634,mg,NA,NA,NA,NA,NA,NA,NA,NA,NA,Literature,NA,NA,Pata2023,https://onlinelibrary.wiley.com/doi/abs/10.1002/lno.12478,NA,NA
Pata_24817,59,Ikeda2007,10.3354/meps339215,Brun2016,10.1594/PANGAEA.862968,Candacia bipinnata,Adult,Female,NA,NA,NA,RespirationRate,5.772857142857142,NA,NA,Replicate,ulO2/mgC/hr,NA,NA,13,NA,NA,NA,0.07,mg,NA,NA,NA,NA,NA,NA,NA,NA,NA,Literature,NA,NA,Pata2023,https://onlinelibrary.wiley.com/doi/abs/10.1002/lno.12478,NA,NA
Pata_24913,60,Ikeda2007,10.3354/meps339215,Brun2016,10.1594/PANGAEA.862968,Euchaeta marina,Adult,Female,NA,NA,NA,RespirationRate,8.619489559164734,NA,NA,Replicate,ulO2/mgC/hr,NA,NA,20.2,NA,NA,NA,0.0862,mg,NA,NA,NA,NA,NA,NA,NA,NA,NA,Literature,NA,NA,Pata2023,https://onlinelibrary.wiley.com/doi/abs/10.1002/lno.12478,NA,NA
Pata_24965,61,Ikeda2007,10.3354/meps339215,Brun2016,10.1594/PANGAEA.862968,Euchirella rostrata,Adult,Female,NA,NA,NA,RespirationRate,1.2263736263736265,NA,NA,Replicate,ulO2/mgC/hr,NA,NA,3,NA,NA,NA,0.455,mg,NA,NA,NA,NA,NA,NA,NA,NA,NA,Literature,NA,NA,Pata2023,https://onlinelibrary.wiley.com/doi/abs/10.1002/lno.12478,NA,NA
Pata_25040,62,Ikeda2007,10.3354/meps339215,Brun2016,10.1594/PANGAEA.862968,Metridia pacifica,Adult,Female,NA,NA,NA,RespirationRate,4.201902748414376,NA,NA,Replicate,ulO2/mgC/hr,NA,NA,4.7,NA,NA,NA,0.0946,mg,NA,NA,NA,NA,NA,NA,NA,NA,NA,Literature,NA,NA,Pata2023,https://onlinelibrary.wiley.com/doi/abs/10.1002/lno.12478,NA,NA
Pata_25099,63,Ikeda2007,10.3354/meps339215,Brun2016,10.1594/PANGAEA.862968,Neocalanus plumchrus,Unknown,Unknown,NA,NA,NA,RespirationRate,4.101995565,NA,NA,Replicate,ulO2/mgC/hr,NA,NA,15.1,NA,NA,NA,0.1353,mg,NA,NA,NA,NA,NA,NA,NA,NA,NA,Literature,NA,NA,Pata2023,https://onlinelibrary.wiley.com/doi/abs/10.1002/lno.12478,NA,NA
Pata_excl_7569,64,Ikeda2007,10.3354/meps339215,Brun2016,10.1594/PANGAEA.862968,Paraeuchaeta elongata,C4,Unknown,NA,NA,NA,RespirationRate,0.4436363636363636,NA,NA,Replicate,ulO2/mgC/hr,NA,NA,3,NA,NA,NA,0.55,mg,NA,NA,NA,NA,NA,NA,NA,NA,NA,Literature,NA,NA,Pata2023,https://onlinelibrary.wiley.com/doi/abs/10.1002/lno.12478,NA,NA
Pata_25249,65,Ikeda2007,10.3354/meps339215,Brun2016,10.1594/PANGAEA.862968,Pleuromamma scutullata,Adult,Female,NA,NA,NA,RespirationRate,1.867704280155642,NA,NA,Replicate,ulO2/mgC/hr,NA,NA,3,NA,NA,NA,0.1799,mg,NA,NA,NA,NA,NA,NA,NA,NA,NA,Literature,NA,NA,Pata2023,https://onlinelibrary.wiley.com/doi/abs/10.1002/lno.12478,NA,NA
Pata_24915,66,Ikeda2007,10.3354/meps339215,Brun2016,10.1594/PANGAEA.862968,Euchaeta marina,Adult,Female,NA,NA,NA,RespirationRate,8.735576923076923,NA,NA,Replicate,ulO2/mgC/hr,NA,NA,20,NA,NA,NA,0.104,mg,NA,NA,NA,NA,NA,NA,NA,NA,NA,Literature,NA,NA,Pata2023,https://onlinelibrary.wiley.com/doi/abs/10.1002/lno.12478,NA,NA
Pata_24967,67,Ikeda2007,10.3354/meps339215,Brun2016,10.1594/PANGAEA.862968,Euchirella rostrata,Adult,Female,NA,NA,NA,RespirationRate,0.6797752808988764,NA,NA,Replicate,ulO2/mgC/hr,NA,NA,2,NA,NA,NA,0.356,mg,NA,NA,NA,NA,NA,NA,NA,NA,NA,Literature,NA,NA,Pata2023,https://onlinelibrary.wiley.com/doi/abs/10.1002/lno.12478,NA,NA
Pata_25042,68,Ikeda2007,10.3354/meps339215,Brun2016,10.1594/PANGAEA.862968,Metridia pacifica,Adult,Female,NA,NA,NA,RespirationRate,3.367718446601942,NA,NA,Replicate,ulO2/mgC/hr,NA,NA,5.8,NA,NA,NA,0.0824,mg,NA,NA,NA,NA,NA,NA,NA,NA,NA,Literature,NA,NA,Pata2023,https://onlinelibrary.wiley.com/doi/abs/10.1002/lno.12478,NA,NA
Pata_25101,69,Ikeda2007,10.3354/meps339215,Brun2016,10.1594/PANGAEA.862968,Neocalanus plumchrus,C5,Unknown,NA,NA,NA,RespirationRate,2.2551662174303684,NA,NA,Replicate,ulO2/mgC/hr,NA,NA,5.8,NA,NA,NA,0.1113,mg,NA,NA,NA,NA,NA,NA,NA,NA,NA,Literature,NA,NA,Pata2023,https://onlinelibrary.wiley.com/doi/abs/10.1002/lno.12478,NA,NA
Pata_25193,70,Ikeda2007,10.3354/meps339215,Brun2016,10.1594/PANGAEA.862968,Paraeuchaeta elongata,C5,Unknown,NA,NA,NA,RespirationRate,0.4757575757575757,NA,NA,Replicate,ulO2/mgC/hr,NA,NA,3,NA,NA,NA,0.66,mg,NA,NA,NA,NA,NA,NA,NA,NA,NA,Literature,NA,NA,Pata2023,https://onlinelibrary.wiley.com/doi/abs/10.1002/lno.12478,NA,NA
Pata_excl_7573,71,Ikeda2007,10.3354/meps339215,Brun2016,10.1594/PANGAEA.862968,Pleuromamma scutullata,Adult,Male,NA,NA,NA,RespirationRate,1.2589641434262948,NA,NA,Replicate,ulO2/mgC/hr,NA,NA,3,NA,NA,NA,0.251,mg,NA,NA,NA,NA,NA,NA,NA,NA,NA,Literature,NA,NA,Pata2023,https://onlinelibrary.wiley.com/doi/abs/10.1002/lno.12478,NA,NA
Pata_24917,72,Ikeda2007,10.3354/meps339215,Brun2016,10.1594/PANGAEA.862968,Euchaeta marina,Adult,Female,NA,NA,NA,RespirationRate,5.9682959048877144,NA,NA,Replicate,ulO2/mgC/hr,NA,NA,16,NA,NA,NA,0.1514,mg,NA,NA,NA,NA,NA,NA,NA,NA,NA,Literature,NA,NA,Pata2023,https://onlinelibrary.wiley.com/doi/abs/10.1002/lno.12478,NA,NA
Pata_24969,73,Ikeda2007,10.3354/meps339215,Brun2016,10.1594/PANGAEA.862968,Euchirella rostrata,Adult,Female,NA,NA,NA,RespirationRate,1.485465116,NA,NA,Replicate,ulO2/mgC/hr,NA,NA,2,NA,NA,NA,0.344,mg,NA,NA,NA,NA,NA,NA,NA,NA,NA,Literature,NA,NA,Pata2023,https://onlinelibrary.wiley.com/doi/abs/10.1002/lno.12478,NA,NA
Pata_25103,74,Ikeda2007,10.3354/meps339215,Brun2016,10.1594/PANGAEA.862968,Neocalanus plumchrus,C5,Unknown,NA,NA,NA,RespirationRate,1.1754672473235348,NA,NA,Replicate,ulO2/mgC/hr,NA,NA,8,NA,NA,NA,0.5511,mg,NA,NA,NA,NA,NA,NA,NA,NA,NA,Literature,NA,NA,Pata2023,https://onlinelibrary.wiley.com/doi/abs/10.1002/lno.12478,NA,NA
Pata_25195,75,Ikeda2007,10.3354/meps339215,Brun2016,10.1594/PANGAEA.862968,Paraeuchaeta elongata,C5,Unknown,NA,NA,NA,RespirationRate,0.381578947,NA,NA,Replicate,ulO2/mgC/hr,NA,NA,3,NA,NA,NA,0.684,mg,NA,NA,NA,NA,NA,NA,NA,NA,NA,Literature,NA,NA,Pata2023,https://onlinelibrary.wiley.com/doi/abs/10.1002/lno.12478,NA,NA
Pata_25251,76,Ikeda2007,10.3354/meps339215,Brun2016,10.1594/PANGAEA.862968,Pleuromamma scutullata,Adult,Female,NA,NA,NA,RespirationRate,1.2660550458715598,NA,NA,Replicate,ulO2/mgC/hr,NA,NA,3,NA,NA,NA,0.218,mg,NA,NA,NA,NA,NA,NA,NA,NA,NA,Literature,NA,NA,Pata2023,https://onlinelibrary.wiley.com/doi/abs/10.1002/lno.12478,NA,NA
Pata_25197,77,Ikeda2007,10.3354/meps339215,Brun2016,10.1594/PANGAEA.862968,Paraeuchaeta elongata,C5,Unknown,NA,NA,NA,RespirationRate,0.4379785604900459,NA,NA,Replicate,ulO2/mgC/hr,NA,NA,3,NA,NA,NA,0.653,mg,NA,NA,NA,NA,NA,NA,NA,NA,NA,Literature,NA,NA,Pata2023,https://onlinelibrary.wiley.com/doi/abs/10.1002/lno.12478,NA,NA
Pata_25199,78,Ikeda2007,10.3354/meps339215,Brun2016,10.1594/PANGAEA.862968,Paraeuchaeta elongata,C5,Unknown,NA,NA,NA,RespirationRate,0.39768618944323936,NA,NA,Replicate,ulO2/mgC/hr,NA,NA,3,NA,NA,NA,1.383,mg,NA,NA,NA,NA,NA,NA,NA,NA,NA,Literature,NA,NA,Pata2023,https://onlinelibrary.wiley.com/doi/abs/10.1002/lno.12478,NA,NA
Pata_25201,79,Ikeda2007,10.3354/meps339215,Brun2016,10.1594/PANGAEA.862968,Paraeuchaeta elongata,Adult,Female,NA,NA,NA,RespirationRate,0.24794841735052756,NA,NA,Replicate,ulO2/mgC/hr,NA,NA,3,NA,NA,NA,3.412,mg,NA,NA,NA,NA,NA,NA,NA,NA,NA,Literature,NA,NA,Pata2023,https://onlinelibrary.wiley.com/doi/abs/10.1002/lno.12478,NA,NA
Pata_25203,80,Ikeda2007,10.3354/meps339215,Brun2016,10.1594/PANGAEA.862968,Paraeuchaeta elongata,Adult,Female,NA,NA,NA,RespirationRate,1.031031031031031,NA,NA,Replicate,ulO2/mgC/hr,NA,NA,3,NA,NA,NA,0.999,mg,NA,NA,NA,NA,NA,NA,NA,NA,NA,Literature,NA,NA,Pata2023,https://onlinelibrary.wiley.com/doi/abs/10.1002/lno.12478,NA,NA
Pata_25205,81,Ikeda2007,10.3354/meps339215,Brun2016,10.1594/PANGAEA.862968,Paraeuchaeta elongata,C5,Unknown,NA,NA,NA,RespirationRate,0.35345512311358224,NA,NA,Replicate,ulO2/mgC/hr,NA,NA,2,NA,NA,NA,1.259,mg,NA,NA,NA,NA,NA,NA,NA,NA,NA,Literature,NA,NA,Pata2023,https://onlinelibrary.wiley.com/doi/abs/10.1002/lno.12478,NA,NA
Pata_25207,82,Ikeda2007,10.3354/meps339215,Brun2016,10.1594/PANGAEA.862968,Paraeuchaeta elongata,C5,Unknown,NA,NA,NA,RespirationRate,0.6577777777777778,NA,NA,Replicate,ulO2/mgC/hr,NA,NA,2,NA,NA,NA,1.125,mg,NA,NA,NA,NA,NA,NA,NA,NA,NA,Literature,NA,NA,Pata2023,https://onlinelibrary.wiley.com/doi/abs/10.1002/lno.12478,NA,NA
Pata_25177,1,Isari2015,10.1093/plankt/fbv057,Brun2016,10.1594/PANGAEA.862968,Paracartia grani grani,Adult,Female,NA,NA,NA,RespirationRate,6.481481481481482,NA,NA,Replicate,ulO2/mgC/hr,NA,NA,18.1,NA,NA,NA,0.0054,mg,NA,NA,NA,NA,NA,NA,NA,NA,NA,Laboratory culture,41.3855193,2.196125161,Pata2023,https://onlinelibrary.wiley.com/doi/abs/10.1002/lno.12478,NA,NA
Pata_25141,2,Isari2015,10.1093/plankt/fbv057,Brun2016,10.1594/PANGAEA.862968,Oithona davisae,Adult,Female,NA,NA,NA,RespirationRate,20.25663716814159,NA,NA,Replicate,ulO2/mgC/hr,NA,NA,18.1,NA,NA,NA,2.26e-4,mg,NA,NA,NA,NA,NA,NA,NA,NA,NA,Laboratory culture,41.3855193,2.196125161,Pata2023,https://onlinelibrary.wiley.com/doi/abs/10.1002/lno.12478,NA,NA
Pata_excl_7611,1,Koster2008,10.3354/meps07185,Brun2016,10.1594/PANGAEA.862968,Subeucalanus pileatus,Nauplii,Unknown,NA,NA,NA,RespirationRate,21.49510799778501,NA,NA,Replicate,ulO2/mgC/hr,NA,NA,21,NA,NA,NA,5.83299e-4,mg,NA,NA,NA,NA,NA,NA,NA,NA,NA,Georgia Shelf,30.8,-80.299722,Pata2023,https://onlinelibrary.wiley.com/doi/abs/10.1002/lno.12478,NA,NA
Pata_excl_7613,2,Koster2008,10.3354/meps07185,Brun2016,10.1594/PANGAEA.862968,Subeucalanus pileatus,Nauplii,Unknown,NA,NA,NA,RespirationRate,35.871663838168715,NA,NA,Replicate,ulO2/mgC/hr,NA,NA,21,NA,NA,NA,6.31077e-4,mg,NA,NA,NA,NA,NA,NA,NA,NA,NA,Georgia Shelf,30.8,-80.299722,Pata2023,https://onlinelibrary.wiley.com/doi/abs/10.1002/lno.12478,NA,NA
Pata_excl_7615,3,Koster2008,10.3354/meps07185,Brun2016,10.1594/PANGAEA.862968,Subeucalanus pileatus,Nauplii,Unknown,NA,NA,NA,RespirationRate,29.768246129903552,NA,NA,Replicate,ulO2/mgC/hr,NA,NA,21,NA,NA,NA,6.68265e-4,mg,NA,NA,NA,NA,NA,NA,NA,NA,NA,Georgia Shelf,30.8,-80.299722,Pata2023,https://onlinelibrary.wiley.com/doi/abs/10.1002/lno.12478,NA,NA
Pata_excl_7617,4,Koster2008,10.3354/meps07185,Brun2016,10.1594/PANGAEA.862968,Subeucalanus pileatus,Nauplii,Unknown,NA,NA,NA,RespirationRate,21.40703009322016,NA,NA,Replicate,ulO2/mgC/hr,NA,NA,21,NA,NA,NA,8.63118e-4,mg,NA,NA,NA,NA,NA,NA,NA,NA,NA,Georgia Shelf,30.8,-80.299722,Pata2023,https://onlinelibrary.wiley.com/doi/abs/10.1002/lno.12478,NA,NA
Pata_excl_7619,5,Koster2008,10.3354/meps07185,Brun2016,10.1594/PANGAEA.862968,Subeucalanus pileatus,Nauplii,Unknown,NA,NA,NA,RespirationRate,26.952514271482674,NA,NA,Replicate,ulO2/mgC/hr,NA,NA,21,NA,NA,NA,8.15087e-4,mg,NA,NA,NA,NA,NA,NA,NA,NA,NA,Georgia Shelf,30.8,-80.299722,Pata2023,https://onlinelibrary.wiley.com/doi/abs/10.1002/lno.12478,NA,NA
Pata_excl_7621,6,Koster2008,10.3354/meps07185,Brun2016,10.1594/PANGAEA.862968,Subeucalanus pileatus,Nauplii,Unknown,NA,NA,NA,RespirationRate,24.968243633342283,NA,NA,Replicate,ulO2/mgC/hr,NA,NA,21,NA,NA,NA,8.67763e-4,mg,NA,NA,NA,NA,NA,NA,NA,NA,NA,Georgia Shelf,30.8,-80.299722,Pata2023,https://onlinelibrary.wiley.com/doi/abs/10.1002/lno.12478,NA,NA
Pata_excl_7623,7,Koster2008,10.3354/meps07185,Brun2016,10.1594/PANGAEA.862968,Subeucalanus pileatus,Nauplii,Unknown,NA,NA,NA,RespirationRate,32.56810131924567,NA,NA,Replicate,ulO2/mgC/hr,NA,NA,21,NA,NA,NA,8.15087e-4,mg,NA,NA,NA,NA,NA,NA,NA,NA,NA,Georgia Shelf,30.8,-80.299722,Pata2023,https://onlinelibrary.wiley.com/doi/abs/10.1002/lno.12478,NA,NA
Pata_excl_7626,8,Koster2008,10.3354/meps07185,Brun2016,10.1594/PANGAEA.862968,Subeucalanus pileatus,Nauplii,Unknown,NA,NA,NA,RespirationRate,28.837978258446647,NA,NA,Replicate,ulO2/mgC/hr,NA,NA,21,NA,NA,NA,0.001004896,mg,NA,NA,NA,NA,NA,NA,NA,NA,NA,Georgia Shelf,30.8,-80.299722,Pata2023,https://onlinelibrary.wiley.com/doi/abs/10.1002/lno.12478,NA,NA
Pata_excl_7628,9,Koster2008,10.3354/meps07185,Brun2016,10.1594/PANGAEA.862968,Subeucalanus pileatus,Nauplii,Unknown,NA,NA,NA,RespirationRate,26.46323187532888,NA,NA,Replicate,ulO2/mgC/hr,NA,NA,21,NA,NA,NA,0.001077523,mg,NA,NA,NA,NA,NA,NA,NA,NA,NA,Georgia Shelf,30.8,-80.299722,Pata2023,https://onlinelibrary.wiley.com/doi/abs/10.1002/lno.12478,NA,NA
Pata_excl_7630,10,Koster2008,10.3354/meps07185,Brun2016,10.1594/PANGAEA.862968,Subeucalanus pileatus,Nauplii,Unknown,NA,NA,NA,RespirationRate,24.701990801734855,NA,NA,Replicate,ulO2/mgC/hr,NA,NA,21,NA,NA,NA,0.001206097,mg,NA,NA,NA,NA,NA,NA,NA,NA,NA,Georgia Shelf,30.8,-80.299722,Pata2023,https://onlinelibrary.wiley.com/doi/abs/10.1002/lno.12478,NA,NA
Pata_excl_7632,11,Koster2008,10.3354/meps07185,Brun2016,10.1594/PANGAEA.862968,Subeucalanus pileatus,Nauplii,Unknown,NA,NA,NA,RespirationRate,21.528251069204412,NA,NA,Replicate,ulO2/mgC/hr,NA,NA,21,NA,NA,NA,0.001279456,mg,NA,NA,NA,NA,NA,NA,NA,NA,NA,Georgia Shelf,30.8,-80.299722,Pata2023,https://onlinelibrary.wiley.com/doi/abs/10.1002/lno.12478,NA,NA
Pata_24786,1,Mayzaud2005,10.4319/lo.2005.50.1.0291,Brun2016,10.1594/PANGAEA.862968,Calanus,Unknown,Unknown,NA,NA,NA,RespirationRate,1.9592497127803121,NA,NA,Replicate,ulO2/mgC/hr,NA,NA,14.4,NA,NA,NA,0.77815,mg,NA,NA,NA,NA,NA,NA,NA,NA,NA,North Atlantic Ocean,42.1,-21.916667,Pata2023,https://onlinelibrary.wiley.com/doi/abs/10.1002/lno.12478,NA,NA
Pata_24811,2,Mayzaud2005,10.4319/lo.2005.50.1.0291,Brun2016,10.1594/PANGAEA.862968,Candacia,Unknown,Unknown,NA,NA,NA,RespirationRate,4.350978972588833,NA,NA,Replicate,ulO2/mgC/hr,NA,NA,17.8,NA,NA,NA,0.123125,mg,NA,NA,NA,NA,NA,NA,NA,NA,NA,North Atlantic Ocean,42.1,-21.916667,Pata2023,https://onlinelibrary.wiley.com/doi/abs/10.1002/lno.12478,NA,NA
Pata_24906,3,Mayzaud2005,10.4319/lo.2005.50.1.0291,Brun2016,10.1594/PANGAEA.862968,Euchaeta,Unknown,Unknown,NA,NA,NA,RespirationRate,2.1972631697687537,NA,NA,Replicate,ulO2/mgC/hr,NA,NA,17.8,NA,NA,NA,0.398925,mg,NA,NA,NA,NA,NA,NA,NA,NA,NA,North Atlantic Ocean,42.1,-21.916667,Pata2023,https://onlinelibrary.wiley.com/doi/abs/10.1002/lno.12478,NA,NA
Pata_24961,4,Mayzaud2005,10.4319/lo.2005.50.1.0291,Brun2016,10.1594/PANGAEA.862968,Euchirella rostrata,Unknown,Unknown,NA,NA,NA,RespirationRate,4.2857393789190805,NA,NA,Replicate,ulO2/mgC/hr,NA,NA,13.9,NA,NA,NA,0.3349,mg,NA,NA,NA,NA,NA,NA,NA,NA,NA,North Atlantic Ocean,42.1,-21.916667,Pata2023,https://onlinelibrary.wiley.com/doi/abs/10.1002/lno.12478,NA,NA
Pata_25167,5,Mayzaud2005,10.4319/lo.2005.50.1.0291,Brun2016,10.1594/PANGAEA.862968,Oncaea,Unknown,Unknown,NA,NA,NA,RespirationRate,13.267189847715736,NA,NA,Replicate,ulO2/mgC/hr,NA,NA,17.8,NA,NA,NA,0.00197,mg,NA,NA,NA,NA,NA,NA,NA,NA,NA,North Atlantic Ocean,42.1,-21.916667,Pata2023,https://onlinelibrary.wiley.com/doi/abs/10.1002/lno.12478,NA,NA
Pata_25233,6,Mayzaud2005,10.4319/lo.2005.50.1.0291,Brun2016,10.1594/PANGAEA.862968,Pleuromamma gracilis gracilis,Unknown,Unknown,NA,NA,NA,RespirationRate,3.1133671725888323,NA,NA,Replicate,ulO2/mgC/hr,NA,NA,17.8,NA,NA,NA,0.197,mg,NA,NA,NA,NA,NA,NA,NA,NA,NA,North Atlantic Ocean,42.1,-21.916667,Pata2023,https://onlinelibrary.wiley.com/doi/abs/10.1002/lno.12478,NA,NA
Pata_24734,7,Mayzaud2005,10.4319/lo.2005.50.1.0291,Brun2016,10.1594/PANGAEA.862968,Acartia (Acartiura) clausii,Unknown,Unknown,NA,NA,NA,RespirationRate,9.229349441624366,NA,NA,Replicate,ulO2/mgC/hr,NA,NA,17.8,NA,NA,NA,0.0024625,mg,NA,NA,NA,NA,NA,NA,NA,NA,NA,North Atlantic Ocean,42.1,-21.916667,Pata2023,https://onlinelibrary.wiley.com/doi/abs/10.1002/lno.12478,NA,NA
Pata_24963,8,Mayzaud2005,10.4319/lo.2005.50.1.0291,Brun2016,10.1594/PANGAEA.862968,Euchirella rostrata,Unknown,Unknown,NA,NA,NA,RespirationRate,1.793570219966159,NA,NA,Replicate,ulO2/mgC/hr,NA,NA,17.8,NA,NA,NA,0.369375,mg,NA,NA,NA,NA,NA,NA,NA,NA,NA,North Atlantic Ocean,42.1,-21.916667,Pata2023,https://onlinelibrary.wiley.com/doi/abs/10.1002/lno.12478,NA,NA
Pata_25089,9,Mayzaud2005,10.4319/lo.2005.50.1.0291,Brun2016,10.1594/PANGAEA.862968,Neocalanus gracilis,Unknown,Unknown,NA,NA,NA,RespirationRate,2.216483113367174,NA,NA,Replicate,ulO2/mgC/hr,NA,NA,17.8,NA,NA,NA,0.26595,mg,NA,NA,NA,NA,NA,NA,NA,NA,NA,North Atlantic Ocean,42.1,-21.916667,Pata2023,https://onlinelibrary.wiley.com/doi/abs/10.1002/lno.12478,NA,NA
Pata_excl_7561,10,Nishibe2008,10.1007/s00227-007-0816-8,Brun2016,10.1594/PANGAEA.862968,Oncaea grossa,Adult,Male,NA,NA,NA,RespirationRate,0.6060409157825271,NA,NA,Replicate,ulO2/mgC/hr,NA,NA,3,NA,NA,NA,0.00137893,mg,NA,NA,NA,NA,NA,NA,NA,Sealed-chamber,NA,Western Subarctic Pacific,44,155,Pata2023,https://onlinelibrary.wiley.com/doi/abs/10.1002/lno.12478,NA,NA
Pata_25171,11,Nishibe2008,10.1007/s00227-007-0816-8,Brun2016,10.1594/PANGAEA.862968,Oncaea parila,Adult,Female,NA,NA,NA,RespirationRate,0.6981599739512382,NA,NA,Replicate,ulO2/mgC/hr,NA,NA,3,NA,NA,NA,0.001203896,mg,NA,NA,NA,NA,NA,NA,NA,Sealed-chamber,NA,Western Subarctic Pacific,44,155,Pata2023,https://onlinelibrary.wiley.com/doi/abs/10.1002/lno.12478,NA,NA
Pata_25380,12,Nishibe2008,10.1007/s00227-007-0816-8,Brun2016,10.1594/PANGAEA.862968,Triconia borealis,Adult,Female,NA,NA,NA,RespirationRate,1.0053115931787961,NA,NA,Replicate,ulO2/mgC/hr,NA,NA,3,NA,NA,NA,9.69389e-4,mg,NA,NA,NA,NA,NA,NA,NA,Sealed-chamber,NA,Western Subarctic Pacific,44,155,Pata2023,https://onlinelibrary.wiley.com/doi/abs/10.1002/lno.12478,NA,NA
Pata_excl_7640,13,Nishibe2008,10.1007/s00227-007-0816-8,Brun2016,10.1594/PANGAEA.862968,Triconia canadensis,Adult,Male,NA,NA,NA,RespirationRate,0.39610110993042946,NA,NA,Replicate,ulO2/mgC/hr,NA,NA,3,NA,NA,NA,0.007800579,mg,NA,NA,NA,NA,NA,NA,NA,Sealed-chamber,NA,Western Subarctic Pacific,44,155,Pata2023,https://onlinelibrary.wiley.com/doi/abs/10.1002/lno.12478,NA,NA
Pata_25169,14,Nishibe2008,10.1007/s00227-007-0816-8,Brun2016,10.1594/PANGAEA.862968,Oncaea grossa,Adult,Female,NA,NA,NA,RespirationRate,0.5683103364658366,NA,NA,Replicate,ulO2/mgC/hr,NA,NA,3,NA,NA,NA,0.002012448,mg,NA,NA,NA,NA,NA,NA,NA,Sealed-chamber,NA,Western Subarctic Pacific,44,155,Pata2023,https://onlinelibrary.wiley.com/doi/abs/10.1002/lno.12478,NA,NA
Pata_25382,15,Nishibe2008,10.1007/s00227-007-0816-8,Brun2016,10.1594/PANGAEA.862968,Triconia canadensis,Adult,Female,NA,NA,NA,RespirationRate,0.40921823336315166,NA,NA,Replicate,ulO2/mgC/hr,NA,NA,3,NA,NA,NA,0.017789938,mg,NA,NA,NA,NA,NA,NA,NA,Sealed-chamber,NA,Western Subarctic Pacific,44,155,Pata2023,https://onlinelibrary.wiley.com/doi/abs/10.1002/lno.12478,NA,NA
NA,1,Auel2003,doi:10.1594/PANGAEA.833782,Kiorboe2014,https://doi.org/10.1594/PANGAEA.819850,Themisto libellula,Unknown,Unknown,NA,NA,NA,RespirationRate,0.713,NA,NA,Replicate,ulO2/ind/hr,NA,NA,0,NA,NA,NA,0.394,mg,NA,NA,NA,NA,NA,NA,NA,NA,NA,Fram Strait,78.07502885,0.133145764,Pangaea,Taken from Kiorboe2014 Pangaea website,NA,NA
NA,2,Auel2003,doi:10.1594/PANGAEA.833782,Kiorboe2014,https://doi.org/10.1594/PANGAEA.819850,Themisto libellula,Unknown,Unknown,NA,NA,NA,RespirationRate,0.333,NA,NA,Replicate,ulO2/ind/hr,NA,NA,0,NA,NA,NA,0.493,mg,NA,NA,NA,NA,NA,NA,NA,NA,NA,Fram Strait,78.07502885,0.133145764,Pangaea,Taken from Kiorboe2014 Pangaea website,NA,NA
NA,3,Auel2003,doi:10.1594/PANGAEA.833782,Kiorboe2014,https://doi.org/10.1594/PANGAEA.819850,Themisto libellula,Unknown,Unknown,NA,NA,NA,RespirationRate,0.392,NA,NA,Replicate,ulO2/ind/hr,NA,NA,0,NA,NA,NA,0.493,mg,NA,NA,NA,NA,NA,NA,NA,NA,NA,Fram Strait,78.07502885,0.133145764,Pangaea,Taken from Kiorboe2014 Pangaea website,NA,NA
NA,4,Auel2003,doi:10.1594/PANGAEA.833782,Kiorboe2014,https://doi.org/10.1594/PANGAEA.819850,Themisto libellula,Unknown,Unknown,NA,NA,NA,RespirationRate,4.05,NA,NA,Replicate,ulO2/ind/hr,NA,NA,0,NA,NA,NA,1.97,mg,NA,NA,NA,NA,NA,NA,NA,NA,NA,Fram Strait,78.07502885,0.133145764,Pangaea,Taken from Kiorboe2014 Pangaea website,NA,NA
NA,5,Auel2003,doi:10.1594/PANGAEA.833782,Kiorboe2014,https://doi.org/10.1594/PANGAEA.819850,Themisto libellula,Unknown,Unknown,NA,NA,NA,RespirationRate,3.65,NA,NA,Replicate,ulO2/ind/hr,NA,NA,0,NA,NA,NA,3.4,mg,NA,NA,NA,NA,NA,NA,NA,NA,NA,Fram Strait,78.07502885,0.133145764,Pangaea,Taken from Kiorboe2014 Pangaea website,NA,NA
NA,6,Auel2003,doi:10.1594/PANGAEA.833782,Kiorboe2014,https://doi.org/10.1594/PANGAEA.819850,Themisto libellula,Unknown,Unknown,NA,NA,NA,RespirationRate,5.44,NA,NA,Replicate,ulO2/ind/hr,NA,NA,0,NA,NA,NA,4.43,mg,NA,NA,NA,NA,NA,NA,NA,NA,NA,Fram Strait,78.07502885,0.133145764,Pangaea,Taken from Kiorboe2014 Pangaea website,NA,NA
NA,7,Auel2003,doi:10.1594/PANGAEA.833782,Kiorboe2014,https://doi.org/10.1594/PANGAEA.819850,Themisto libellula,Unknown,Unknown,NA,NA,NA,RespirationRate,6.96,NA,NA,Replicate,ulO2/ind/hr,NA,NA,0,NA,NA,NA,5.71,mg,NA,NA,NA,NA,NA,NA,NA,NA,NA,Fram Strait,78.07502885,0.133145764,Pangaea,Taken from Kiorboe2014 Pangaea website,NA,NA
NA,8,Auel2003,doi:10.1594/PANGAEA.833782,Kiorboe2014,https://doi.org/10.1594/PANGAEA.819850,Themisto libellula,Unknown,Unknown,NA,NA,NA,RespirationRate,9.01,NA,NA,Replicate,ulO2/ind/hr,NA,NA,0,NA,NA,NA,6.16,mg,NA,NA,NA,NA,NA,NA,NA,NA,NA,Fram Strait,78.07502885,0.133145764,Pangaea,Taken from Kiorboe2014 Pangaea website,NA,NA
NA,9,Auel2003,doi:10.1594/PANGAEA.833782,Kiorboe2014,https://doi.org/10.1594/PANGAEA.819850,Themisto libellula,Unknown,Unknown,NA,NA,NA,RespirationRate,7.14,NA,NA,Replicate,ulO2/ind/hr,NA,NA,0,NA,NA,NA,6.16,mg,NA,NA,NA,NA,NA,NA,NA,NA,NA,Fram Strait,78.07502885,0.133145764,Pangaea,Taken from Kiorboe2014 Pangaea website,NA,NA
NA,10,Auel2003,doi:10.1594/PANGAEA.833782,Kiorboe2014,https://doi.org/10.1594/PANGAEA.819850,Themisto libellula,Unknown,Unknown,NA,NA,NA,RespirationRate,5.71,NA,NA,Replicate,ulO2/ind/hr,NA,NA,0,NA,NA,NA,6.3,mg,NA,NA,NA,NA,NA,NA,NA,NA,NA,Fram Strait,78.07502885,0.133145764,Pangaea,Taken from Kiorboe2014 Pangaea website,NA,NA
NA,11,Auel2003,doi:10.1594/PANGAEA.833782,Kiorboe2014,https://doi.org/10.1594/PANGAEA.819850,Themisto libellula,Unknown,Unknown,NA,NA,NA,RespirationRate,7.27,NA,NA,Replicate,ulO2/ind/hr,NA,NA,0,NA,NA,NA,7.54,mg,NA,NA,NA,NA,NA,NA,NA,NA,NA,Fram Strait,78.07502885,0.133145764,Pangaea,Taken from Kiorboe2014 Pangaea website,NA,NA
NA,12,Auel2003,doi:10.1594/PANGAEA.833782,Kiorboe2014,https://doi.org/10.1594/PANGAEA.819850,Themisto libellula,Unknown,Unknown,NA,NA,NA,RespirationRate,9.15,NA,NA,Replicate,ulO2/ind/hr,NA,NA,0,NA,NA,NA,7.78,mg,NA,NA,NA,NA,NA,NA,NA,NA,NA,Fram Strait,78.07502885,0.133145764,Pangaea,Taken from Kiorboe2014 Pangaea website,NA,NA
NA,13,Auel2003,doi:10.1594/PANGAEA.833782,Kiorboe2014,https://doi.org/10.1594/PANGAEA.819850,Themisto libellula,Unknown,Unknown,NA,NA,NA,RespirationRate,6.37,NA,NA,Replicate,ulO2/ind/hr,NA,NA,0,NA,NA,NA,7.93,mg,NA,NA,NA,NA,NA,NA,NA,NA,NA,Fram Strait,78.07502885,0.133145764,Pangaea,Taken from Kiorboe2014 Pangaea website,NA,NA
NA,14,Auel2003,doi:10.1594/PANGAEA.833782,Kiorboe2014,https://doi.org/10.1594/PANGAEA.819850,Themisto libellula,Unknown,Unknown,NA,NA,NA,RespirationRate,9.64,NA,NA,Replicate,ulO2/ind/hr,NA,NA,0,NA,NA,NA,9.65,mg,NA,NA,NA,NA,NA,NA,NA,NA,NA,Fram Strait,78.07502885,0.133145764,Pangaea,Taken from Kiorboe2014 Pangaea website,NA,NA
NA,15,Auel2003,doi:10.1594/PANGAEA.833782,Kiorboe2014,https://doi.org/10.1594/PANGAEA.819850,Themisto libellula,Unknown,Unknown,NA,NA,NA,RespirationRate,10.7,NA,NA,Replicate,ulO2/ind/hr,NA,NA,0,NA,NA,NA,9.9,mg,NA,NA,NA,NA,NA,NA,NA,NA,NA,Fram Strait,78.07502885,0.133145764,Pangaea,Taken from Kiorboe2014 Pangaea website,NA,NA
NA,16,Auel2003,doi:10.1594/PANGAEA.833782,Kiorboe2014,https://doi.org/10.1594/PANGAEA.819850,Themisto libellula,Unknown,Unknown,NA,NA,NA,RespirationRate,19,NA,NA,Replicate,ulO2/ind/hr,NA,NA,0,NA,NA,NA,16.6,mg,NA,NA,NA,NA,NA,NA,NA,NA,NA,Fram Strait,78.07502885,0.133145764,Pangaea,Taken from Kiorboe2014 Pangaea website,NA,NA
NA,17,Auel2003,doi:10.1594/PANGAEA.833782,Kiorboe2014,https://doi.org/10.1594/PANGAEA.819850,Themisto libellula,Unknown,Unknown,NA,NA,NA,RespirationRate,14.5,NA,NA,Replicate,ulO2/ind/hr,NA,NA,0,NA,NA,NA,17.3,mg,NA,NA,NA,NA,NA,NA,NA,NA,NA,Fram Strait,78.07502885,0.133145764,Pangaea,Taken from Kiorboe2014 Pangaea website,NA,NA
NA,18,Auel2003,doi:10.1594/PANGAEA.833782,Kiorboe2014,https://doi.org/10.1594/PANGAEA.819850,Themisto libellula,Unknown,Unknown,NA,NA,NA,RespirationRate,12.1,NA,NA,Replicate,ulO2/ind/hr,NA,NA,0,NA,NA,NA,18.8,mg,NA,NA,NA,NA,NA,NA,NA,NA,NA,Fram Strait,78.07502885,0.133145764,Pangaea,Taken from Kiorboe2014 Pangaea website,NA,NA
NA,19,Auel2003,doi:10.1594/PANGAEA.833782,Kiorboe2014,https://doi.org/10.1594/PANGAEA.819850,Themisto libellula,Unknown,Unknown,NA,NA,NA,RespirationRate,19.9,NA,NA,Replicate,ulO2/ind/hr,NA,NA,0,NA,NA,NA,21,mg,NA,NA,NA,NA,NA,NA,NA,NA,NA,Fram Strait,78.07502885,0.133145764,Pangaea,Taken from Kiorboe2014 Pangaea website,NA,NA
NA,20,Auel2003,doi:10.1594/PANGAEA.833782,Kiorboe2014,https://doi.org/10.1594/PANGAEA.819850,Themisto libellula,Unknown,Unknown,NA,NA,NA,RespirationRate,20.9,NA,NA,Replicate,ulO2/ind/hr,NA,NA,0,NA,NA,NA,23.1,mg,NA,NA,NA,NA,NA,NA,NA,NA,NA,Fram Strait,78.07502885,0.133145764,Pangaea,Taken from Kiorboe2014 Pangaea website,NA,NA
NA,21,Auel2003,doi:10.1594/PANGAEA.833782,Kiorboe2014,https://doi.org/10.1594/PANGAEA.819850,Themisto libellula,Unknown,Unknown,NA,NA,NA,RespirationRate,24.7,NA,NA,Replicate,ulO2/ind/hr,NA,NA,0,NA,NA,NA,27,mg,NA,NA,NA,NA,NA,NA,NA,NA,NA,Fram Strait,78.07502885,0.133145764,Pangaea,Taken from Kiorboe2014 Pangaea website,NA,NA
NA,22,Auel2003,doi:10.1594/PANGAEA.833782,Kiorboe2014,https://doi.org/10.1594/PANGAEA.819850,Themisto libellula,Unknown,Unknown,NA,NA,NA,RespirationRate,28.5,NA,NA,Replicate,ulO2/ind/hr,NA,NA,0,NA,NA,NA,31.5,mg,NA,NA,NA,NA,NA,NA,NA,NA,NA,Fram Strait,78.07502885,0.133145764,Pangaea,Taken from Kiorboe2014 Pangaea website,NA,NA
NA,23,Auel2003,doi:10.1594/PANGAEA.833782,Kiorboe2014,https://doi.org/10.1594/PANGAEA.819850,Themisto libellula,Unknown,Unknown,NA,NA,NA,RespirationRate,24.2,NA,NA,Replicate,ulO2/ind/hr,NA,NA,0,NA,NA,NA,31.8,mg,NA,NA,NA,NA,NA,NA,NA,NA,NA,Fram Strait,78.07502885,0.133145764,Pangaea,Taken from Kiorboe2014 Pangaea website,NA,NA
NA,24,Auel2003,doi:10.1594/PANGAEA.833782,Kiorboe2014,https://doi.org/10.1594/PANGAEA.819850,Themisto libellula,Unknown,Unknown,NA,NA,NA,RespirationRate,32.1,NA,NA,Replicate,ulO2/ind/hr,NA,NA,0,NA,NA,NA,48.7,mg,NA,NA,NA,NA,NA,NA,NA,NA,NA,Fram Strait,78.07502885,0.133145764,Pangaea,Taken from Kiorboe2014 Pangaea website,NA,NA
NA,25,Auel2003,doi:10.1594/PANGAEA.833782,Kiorboe2014,https://doi.org/10.1594/PANGAEA.819850,Themisto libellula,Unknown,Unknown,NA,NA,NA,RespirationRate,29.5,NA,NA,Replicate,ulO2/ind/hr,NA,NA,0,NA,NA,NA,52.8,mg,NA,NA,NA,NA,NA,NA,NA,NA,NA,Fram Strait,78.07502885,0.133145764,Pangaea,Taken from Kiorboe2014 Pangaea website,NA,NA
NA,1,Iguchi2004,https://doi.org/10.1093/plankt/fbh093,Kiorboe2014,https://doi.org/10.1594/PANGAEA.819850,Salpa thompsoni,Aggregate,Unknown,NA,NA,NA,RespirationRate,1,NA,NA,Replicate,ulO2/ind/hr,NA,NA,1.3,NA,NA,NA,0.35,mg,Measured,NA,0,200,NA,NA,NA,Water bottle,Metabolic rate experiment comparing salp generations and life stage,Antarctic Peninsula,-60.673179,-59.0625,Figure2,Extracted from figure 2 and backtransformed the log values.,NA,NA
NA,2,Iguchi2004,https://doi.org/10.1093/plankt/fbh093,Kiorboe2014,https://doi.org/10.1594/PANGAEA.819850,Salpa thompsoni,Aggregate,Unknown,NA,NA,NA,RespirationRate,1.75,NA,NA,Replicate,ulO2/ind/hr,NA,NA,1.3,NA,NA,NA,1,mg,Measured,NA,0,200,NA,NA,NA,Water bottle,Metabolic rate experiment comparing salp generations and life stage,Antarctic Peninsula,-60.673179,-59.0625,Figure2,Extracted from figure 2 and backtransformed the log values.,NA,NA
NA,3,Iguchi2004,https://doi.org/10.1093/plankt/fbh093,Kiorboe2014,https://doi.org/10.1594/PANGAEA.819850,Salpa thompsoni,Aggregate,Unknown,NA,NA,NA,RespirationRate,2,NA,NA,Replicate,ulO2/ind/hr,NA,NA,1.3,NA,NA,NA,0.9,mg,Measured,NA,0,200,NA,NA,NA,Water bottle,Metabolic rate experiment comparing salp generations and life stage,Antarctic Peninsula,-60.673179,-59.0625,Figure2,Extracted from figure 2 and backtransformed the log values.,NA,NA
NA,4,Iguchi2004,https://doi.org/10.1093/plankt/fbh093,Kiorboe2014,https://doi.org/10.1594/PANGAEA.819850,Salpa thompsoni,Aggregate,Unknown,NA,NA,NA,RespirationRate,5,NA,NA,Replicate,ulO2/ind/hr,NA,NA,1.3,NA,NA,NA,2.75,mg,Measured,NA,0,200,NA,NA,NA,Water bottle,Metabolic rate experiment comparing salp generations and life stage,Antarctic Peninsula,-60.673179,-59.0625,Figure2,Extracted from figure 2 and backtransformed the log values.,NA,NA
NA,5,Iguchi2004,https://doi.org/10.1093/plankt/fbh093,Kiorboe2014,https://doi.org/10.1594/PANGAEA.819850,Salpa thompsoni,Aggregate,Unknown,NA,NA,NA,RespirationRate,4.9,NA,NA,Replicate,ulO2/ind/hr,NA,NA,1.3,NA,NA,NA,2.6,mg,Measured,NA,0,200,NA,NA,NA,Water bottle,Metabolic rate experiment comparing salp generations and life stage,Antarctic Peninsula,-60.673179,-59.0625,Figure2,Extracted from figure 2 and backtransformed the log values.,NA,NA
NA,6,Iguchi2004,https://doi.org/10.1093/plankt/fbh093,Kiorboe2014,https://doi.org/10.1594/PANGAEA.819850,Salpa thompsoni,Aggregate,Unknown,NA,NA,NA,RespirationRate,9.9,NA,NA,Replicate,ulO2/ind/hr,NA,NA,1.3,NA,NA,NA,3.5,mg,Measured,NA,0,200,NA,NA,NA,Water bottle,Metabolic rate experiment comparing salp generations and life stage,Antarctic Peninsula,-60.673179,-59.0625,Figure2,Extracted from figure 2 and backtransformed the log values.,NA,NA
NA,7,Iguchi2004,https://doi.org/10.1093/plankt/fbh093,Kiorboe2014,https://doi.org/10.1594/PANGAEA.819850,Salpa thompsoni,Aggregate,Unknown,NA,NA,NA,RespirationRate,9.9,NA,NA,Replicate,ulO2/ind/hr,NA,NA,1.3,NA,NA,NA,4.25,mg,Measured,NA,0,200,NA,NA,NA,Water bottle,Metabolic rate experiment comparing salp generations and life stage,Antarctic Peninsula,-60.673179,-59.0625,Figure2,Extracted from figure 2 and backtransformed the log values.,NA,NA
NA,8,Iguchi2004,https://doi.org/10.1093/plankt/fbh093,Kiorboe2014,https://doi.org/10.1594/PANGAEA.819850,Salpa thompsoni,Aggregate,Unknown,NA,NA,NA,RespirationRate,15,NA,NA,Replicate,ulO2/ind/hr,NA,NA,1.3,NA,NA,NA,6.15,mg,Measured,NA,0,200,NA,NA,NA,Water bottle,Metabolic rate experiment comparing salp generations and life stage,Antarctic Peninsula,-60.673179,-59.0625,Figure2,Extracted from figure 2 and backtransformed the log values.,NA,NA
NA,9,Iguchi2004,https://doi.org/10.1093/plankt/fbh093,Kiorboe2014,https://doi.org/10.1594/PANGAEA.819850,Salpa thompsoni,Aggregate,Unknown,NA,NA,NA,RespirationRate,12,NA,NA,Replicate,ulO2/ind/hr,NA,NA,1.3,NA,NA,NA,8,mg,Measured,NA,0,200,NA,NA,NA,Water bottle,Metabolic rate experiment comparing salp generations and life stage,Antarctic Peninsula,-60.673179,-59.0625,Figure2,Extracted from figure 2 and backtransformed the log values.,NA,NA
NA,10,Iguchi2004,https://doi.org/10.1093/plankt/fbh093,Kiorboe2014,https://doi.org/10.1594/PANGAEA.819850,Salpa thompsoni,Aggregate,Unknown,NA,NA,NA,RespirationRate,5.25,NA,NA,Replicate,ulO2/ind/hr,NA,NA,1.3,NA,NA,NA,8,mg,Measured,NA,0,200,NA,NA,NA,Water bottle,Metabolic rate experiment comparing salp generations and life stage,Antarctic Peninsula,-60.673179,-59.0625,Figure2,Extracted from figure 2 and backtransformed the log values.,NA,NA
NA,11,Iguchi2004,https://doi.org/10.1093/plankt/fbh093,Kiorboe2014,https://doi.org/10.1594/PANGAEA.819850,Salpa thompsoni,Aggregate,Unknown,NA,NA,NA,RespirationRate,17,NA,NA,Replicate,ulO2/ind/hr,NA,NA,1.3,NA,NA,NA,10,mg,Measured,NA,0,200,NA,NA,NA,Water bottle,Metabolic rate experiment comparing salp generations and life stage,Antarctic Peninsula,-60.673179,-59.0625,Figure2,Extracted from figure 2 and backtransformed the log values.,NA,NA
NA,12,Iguchi2004,https://doi.org/10.1093/plankt/fbh093,Kiorboe2014,https://doi.org/10.1594/PANGAEA.819850,Salpa thompsoni,Aggregate,Unknown,NA,NA,NA,RespirationRate,19,NA,NA,Replicate,ulO2/ind/hr,NA,NA,1.3,NA,NA,NA,13,mg,Measured,NA,0,200,NA,NA,NA,Water bottle,Metabolic rate experiment comparing salp generations and life stage,Antarctic Peninsula,-60.673179,-59.0625,Figure2,Extracted from figure 2 and backtransformed the log values.,NA,NA
NA,13,Iguchi2004,https://doi.org/10.1093/plankt/fbh093,Kiorboe2014,https://doi.org/10.1594/PANGAEA.819850,Salpa thompsoni,Aggregate,Unknown,NA,NA,NA,RespirationRate,28,NA,NA,Replicate,ulO2/ind/hr,NA,NA,1.3,NA,NA,NA,10,mg,Measured,NA,0,200,NA,NA,NA,Water bottle,Metabolic rate experiment comparing salp generations and life stage,Antarctic Peninsula,-60.673179,-59.0625,Figure2,Extracted from figure 2 and backtransformed the log values.,NA,NA
NA,14,Iguchi2004,https://doi.org/10.1093/plankt/fbh093,Kiorboe2014,https://doi.org/10.1594/PANGAEA.819850,Salpa thompsoni,Aggregate,Unknown,NA,NA,NA,RespirationRate,47,NA,NA,Replicate,ulO2/ind/hr,NA,NA,1.3,NA,NA,NA,15,mg,Measured,NA,0,200,NA,NA,NA,Water bottle,Metabolic rate experiment comparing salp generations and life stage,Antarctic Peninsula,-60.673179,-59.0625,Figure2,Extracted from figure 2 and backtransformed the log values.,NA,NA
NA,15,Iguchi2004,https://doi.org/10.1093/plankt/fbh093,Kiorboe2014,https://doi.org/10.1594/PANGAEA.819850,Salpa thompsoni,Aggregate,Unknown,NA,NA,NA,RespirationRate,60,NA,NA,Replicate,ulO2/ind/hr,NA,NA,1.3,NA,NA,NA,32,mg,Measured,NA,0,200,NA,NA,NA,Water bottle,Metabolic rate experiment comparing salp generations and life stage,Antarctic Peninsula,-60.673179,-59.0625,Figure2,Extracted from figure 2 and backtransformed the log values.,NA,NA
NA,16,Iguchi2004,https://doi.org/10.1093/plankt/fbh093,Kiorboe2014,https://doi.org/10.1594/PANGAEA.819850,Salpa thompsoni,Solitary,Unknown,NA,NA,NA,RespirationRate,5,NA,NA,Replicate,ulO2/ind/hr,NA,NA,1.3,NA,NA,NA,1.5,mg,Measured,NA,0,200,NA,NA,NA,Water bottle,Metabolic rate experiment comparing salp generations and life stage,Antarctic Peninsula,-60.673179,-59.0625,Figure2,Extracted from figure 2 and backtransformed the log values.,NA,NA
NA,17,Iguchi2004,https://doi.org/10.1093/plankt/fbh093,Kiorboe2014,https://doi.org/10.1594/PANGAEA.819850,Salpa thompsoni,Solitary,Unknown,NA,NA,NA,RespirationRate,17,NA,NA,Replicate,ulO2/ind/hr,NA,NA,1.3,NA,NA,NA,4,mg,Measured,NA,0,200,NA,NA,NA,Water bottle,Metabolic rate experiment comparing salp generations and life stage,Antarctic Peninsula,-60.673179,-59.0625,Figure2,Extracted from figure 2 and backtransformed the log values.,NA,NA
NA,18,Iguchi2004,https://doi.org/10.1093/plankt/fbh093,Kiorboe2014,https://doi.org/10.1594/PANGAEA.819850,Salpa thompsoni,Solitary,Unknown,NA,NA,NA,RespirationRate,25,NA,NA,Replicate,ulO2/ind/hr,NA,NA,1.3,NA,NA,NA,10,mg,Measured,NA,0,200,NA,NA,NA,Water bottle,Metabolic rate experiment comparing salp generations and life stage,Antarctic Peninsula,-60.673179,-59.0625,Figure2,Extracted from figure 2 and backtransformed the log values.,NA,NA
NA,19,Iguchi2004,https://doi.org/10.1093/plankt/fbh093,Kiorboe2014,https://doi.org/10.1594/PANGAEA.819850,Salpa thompsoni,Solitary,Unknown,NA,NA,NA,RespirationRate,43,NA,NA,Replicate,ulO2/ind/hr,NA,NA,1.3,NA,NA,NA,22,mg,Measured,NA,0,200,NA,NA,NA,Water bottle,Metabolic rate experiment comparing salp generations and life stage,Antarctic Peninsula,-60.673179,-59.0625,Figure2,Extracted from figure 2 and backtransformed the log values.,NA,NA
NA,20,Iguchi2004,https://doi.org/10.1093/plankt/fbh093,Kiorboe2014,https://doi.org/10.1594/PANGAEA.819850,Salpa thompsoni,Solitary,Unknown,NA,NA,NA,RespirationRate,73,NA,NA,Replicate,ulO2/ind/hr,NA,NA,1.3,NA,NA,NA,34,mg,Measured,NA,0,200,NA,NA,NA,Water bottle,Metabolic rate experiment comparing salp generations and life stage,Antarctic Peninsula,-60.673179,-59.0625,Figure2,Extracted from figure 2 and backtransformed the log values.,NA,NA
NA,21,Iguchi2004,https://doi.org/10.1093/plankt/fbh093,Kiorboe2014,https://doi.org/10.1594/PANGAEA.819850,Salpa thompsoni,Solitary,Unknown,NA,NA,NA,RespirationRate,125,NA,NA,Replicate,ulO2/ind/hr,NA,NA,1.3,NA,NA,NA,42,mg,Measured,NA,0,200,NA,NA,NA,Water bottle,Metabolic rate experiment comparing salp generations and life stage,Antarctic Peninsula,-60.673179,-59.0625,Figure2,Extracted from figure 2 and backtransformed the log values.,NA,NA
NA,22,Iguchi2004,https://doi.org/10.1093/plankt/fbh093,Kiorboe2014,https://doi.org/10.1594/PANGAEA.819850,Salpa thompsoni,AggregateChain,Unknown,NA,NA,NA,RespirationRate,2.25,NA,NA,Replicate,ulO2/ind/hr,NA,NA,1.3,NA,NA,NA,0.8,mg,Measured,NA,0,200,NA,NA,NA,Water bottle,Metabolic rate experiment comparing salp generations and life stage,Antarctic Peninsula,-60.673179,-59.0625,Figure2,Extracted from figure 2 and backtransformed the log values.,NA,NA
NA,23,Iguchi2004,https://doi.org/10.1093/plankt/fbh093,Kiorboe2014,https://doi.org/10.1594/PANGAEA.819850,Salpa thompsoni,AggregateChain,Unknown,NA,NA,NA,RespirationRate,4.2,NA,NA,Replicate,ulO2/ind/hr,NA,NA,1.3,NA,NA,NA,0.9,mg,Measured,NA,0,200,NA,NA,NA,Water bottle,Metabolic rate experiment comparing salp generations and life stage,Antarctic Peninsula,-60.673179,-59.0625,Figure2,Extracted from figure 2 and backtransformed the log values.,NA,NA
NA,24,Iguchi2004,https://doi.org/10.1093/plankt/fbh093,Kiorboe2014,https://doi.org/10.1594/PANGAEA.819850,Salpa thompsoni,AggregateChain,Unknown,NA,NA,NA,RespirationRate,6.1,NA,NA,Replicate,ulO2/ind/hr,NA,NA,1.3,NA,NA,NA,1.85,mg,Measured,NA,0,200,NA,NA,NA,Water bottle,Metabolic rate experiment comparing salp generations and life stage,Antarctic Peninsula,-60.673179,-59.0625,Figure2,Extracted from figure 2 and backtransformed the log values.,NA,NA
NA,25,Iguchi2004,https://doi.org/10.1093/plankt/fbh093,Kiorboe2014,https://doi.org/10.1594/PANGAEA.819850,Salpa thompsoni,AggregateChain,Unknown,NA,NA,NA,RespirationRate,6,NA,NA,Replicate,ulO2/ind/hr,NA,NA,1.3,NA,NA,NA,2.9,mg,Measured,NA,0,200,NA,NA,NA,Water bottle,Metabolic rate experiment comparing salp generations and life stage,Antarctic Peninsula,-60.673179,-59.0625,Figure2,Extracted from figure 2 and backtransformed the log values.,NA,NA
NA,26,Iguchi2004,https://doi.org/10.1093/plankt/fbh093,Kiorboe2014,https://doi.org/10.1594/PANGAEA.819850,Salpa thompsoni,AggregateChain,Unknown,NA,NA,NA,RespirationRate,7.5,NA,NA,Replicate,ulO2/ind/hr,NA,NA,1.3,NA,NA,NA,3.8,mg,Measured,NA,0,200,NA,NA,NA,Water bottle,Metabolic rate experiment comparing salp generations and life stage,Antarctic Peninsula,-60.673179,-59.0625,Figure2,Extracted from figure 2 and backtransformed the log values.,NA,NA
NA,27,Iguchi2004,https://doi.org/10.1093/plankt/fbh093,Kiorboe2014,https://doi.org/10.1594/PANGAEA.819850,Salpa thompsoni,AggregateChain,Unknown,NA,NA,NA,RespirationRate,22,NA,NA,Replicate,ulO2/ind/hr,NA,NA,1.3,NA,NA,NA,6,mg,Measured,NA,0,200,NA,NA,NA,Water bottle,Metabolic rate experiment comparing salp generations and life stage,Antarctic Peninsula,-60.673179,-59.0625,Figure2,Extracted from figure 2 and backtransformed the log values.,NA,NA
NA,28,Iguchi2004,https://doi.org/10.1093/plankt/fbh093,Kiorboe2014,https://doi.org/10.1594/PANGAEA.819850,Salpa thompsoni,AggregateChain,Unknown,NA,NA,NA,RespirationRate,22,NA,NA,Replicate,ulO2/ind/hr,NA,NA,1.3,NA,NA,NA,9.5,mg,Measured,NA,0,200,NA,NA,NA,Water bottle,Metabolic rate experiment comparing salp generations and life stage,Antarctic Peninsula,-60.673179,-59.0625,Figure2,Extracted from figure 2 and backtransformed the log values.,NA,NA
NA,1,Koster2010,https://doi.org/10.1093/plankt/fbp112,Kiorboe2014,https://doi.org/10.1594/PANGAEA.819850,Dolioletta gegenbauri,Gonozooid,Unknown,NA,NA,NA,RespirationRate,11.55556261,NA,NA,Replicate,nlO2/ind/hr,NA,NA,21,NA,NA,NA,6.908412135,ug,Calculated,40,0,40,Thalassiosira weissflogii; Isochrysis galbana,NA,NA,Oxygen respirometry,Different food concentrations and weight experiments,Georgia Shelf,30.8,-80.299722,Figure4,Extracted from figure 4,"Lengths were converted to body carbon using the equation: Weight (mg C) 1⁄4 0.4643x2.3119 (Gibson and Paffenho ̈fer, 2000).",NA
NA,2,Koster2010,https://doi.org/10.1093/plankt/fbp112,Kiorboe2014,https://doi.org/10.1594/PANGAEA.819850,Dolioletta gegenbauri,Gonozooid,Unknown,NA,NA,NA,RespirationRate,15.9778655,NA,NA,Replicate,nlO2/ind/hr,NA,NA,21,NA,NA,NA,7.160152625,ug,Calculated,40,0,40,Thalassiosira weissflogii; Isochrysis galbana,NA,NA,Oxygen respirometry,Different food concentrations and weight experiments,Georgia Shelf,30.8,-80.299722,Figure4,Extracted from figure 4,"Lengths were converted to body carbon using the equation: Weight (mg C) 1⁄4 0.4643x2.3119 (Gibson and Paffenho ̈fer, 2000).",NA
NA,3,Koster2010,https://doi.org/10.1093/plankt/fbp112,Kiorboe2014,https://doi.org/10.1594/PANGAEA.819850,Dolioletta gegenbauri,Gonozooid,Unknown,NA,NA,NA,RespirationRate,22.53370786,NA,NA,Replicate,nlO2/ind/hr,NA,NA,21,NA,NA,NA,6.665522471,ug,Calculated,40,0,40,Thalassiosira weissflogii; Isochrysis galbana,NA,NA,Oxygen respirometry,Different food concentrations and weight experiments,Georgia Shelf,30.8,-80.299722,Figure4,Extracted from figure 4,"Lengths were converted to body carbon using the equation: Weight (mg C) 1⁄4 0.4643x2.3119 (Gibson and Paffenho ̈fer, 2000).",NA
NA,4,Koster2010,https://doi.org/10.1093/plankt/fbp112,Kiorboe2014,https://doi.org/10.1594/PANGAEA.819850,Dolioletta gegenbauri,Gonozooid,Unknown,NA,NA,NA,RespirationRate,15.51301992,NA,NA,Replicate,nlO2/ind/hr,NA,NA,21,NA,NA,NA,8.666102755,ug,Calculated,40,0,40,Thalassiosira weissflogii; Isochrysis galbana,NA,NA,Oxygen respirometry,Different food concentrations and weight experiments,Georgia Shelf,30.8,-80.299722,Figure4,Extracted from figure 4,"Lengths were converted to body carbon using the equation: Weight (mg C) 1⁄4 0.4643x2.3119 (Gibson and Paffenho ̈fer, 2000).",NA
NA,5,Koster2010,https://doi.org/10.1093/plankt/fbp112,Kiorboe2014,https://doi.org/10.1594/PANGAEA.819850,Dolioletta gegenbauri,Gonozooid,Unknown,NA,NA,NA,RespirationRate,19.39018034,NA,NA,Replicate,nlO2/ind/hr,NA,NA,21,NA,NA,NA,9.533988229,ug,Calculated,40,0,40,Thalassiosira weissflogii; Isochrysis galbana,NA,NA,Oxygen respirometry,Different food concentrations and weight experiments,Georgia Shelf,30.8,-80.299722,Figure4,Extracted from figure 4,"Lengths were converted to body carbon using the equation: Weight (mg C) 1⁄4 0.4643x2.3119 (Gibson and Paffenho ̈fer, 2000).",NA
NA,6,Koster2010,https://doi.org/10.1093/plankt/fbp112,Kiorboe2014,https://doi.org/10.1594/PANGAEA.819850,Dolioletta gegenbauri,Gonozooid,Unknown,NA,NA,NA,RespirationRate,26.00007871,NA,NA,Replicate,nlO2/ind/hr,NA,NA,21,NA,NA,NA,9.144077461,ug,Calculated,40,0,40,Thalassiosira weissflogii; Isochrysis galbana,NA,NA,Oxygen respirometry,Different food concentrations and weight experiments,Georgia Shelf,30.8,-80.299722,Figure4,Extracted from figure 4,"Lengths were converted to body carbon using the equation: Weight (mg C) 1⁄4 0.4643x2.3119 (Gibson and Paffenho ̈fer, 2000).",NA
NA,7,Koster2010,https://doi.org/10.1093/plankt/fbp112,Kiorboe2014,https://doi.org/10.1594/PANGAEA.819850,Dolioletta gegenbauri,Gonozooid,Unknown,NA,NA,NA,RespirationRate,28.80789152,NA,NA,Replicate,nlO2/ind/hr,NA,NA,21,NA,NA,NA,12.39550568,ug,Calculated,40,0,40,Thalassiosira weissflogii; Isochrysis galbana,NA,NA,Oxygen respirometry,Different food concentrations and weight experiments,Georgia Shelf,30.8,-80.299722,Figure4,Extracted from figure 4,"Lengths were converted to body carbon using the equation: Weight (mg C) 1⁄4 0.4643x2.3119 (Gibson and Paffenho ̈fer, 2000).",NA
NA,8,Koster2010,https://doi.org/10.1093/plankt/fbp112,Kiorboe2014,https://doi.org/10.1594/PANGAEA.819850,Dolioletta gegenbauri,Gonozooid,Unknown,NA,NA,NA,RespirationRate,29.3823358,NA,NA,Replicate,nlO2/ind/hr,NA,NA,21,NA,NA,NA,11.0672941,ug,Calculated,40,0,40,Thalassiosira weissflogii; Isochrysis galbana,NA,NA,Oxygen respirometry,Different food concentrations and weight experiments,Georgia Shelf,30.8,-80.299722,Figure4,Extracted from figure 4,"Lengths were converted to body carbon using the equation: Weight (mg C) 1⁄4 0.4643x2.3119 (Gibson and Paffenho ̈fer, 2000).",NA
NA,9,Koster2010,https://doi.org/10.1093/plankt/fbp112,Kiorboe2014,https://doi.org/10.1594/PANGAEA.819850,Dolioletta gegenbauri,Gonozooid,Unknown,NA,NA,NA,RespirationRate,37.45130432,NA,NA,Replicate,nlO2/ind/hr,NA,NA,21,NA,NA,NA,10.42640799,ug,Calculated,40,0,40,Thalassiosira weissflogii; Isochrysis galbana,NA,NA,Oxygen respirometry,Different food concentrations and weight experiments,Georgia Shelf,30.8,-80.299722,Figure4,Extracted from figure 4,"Lengths were converted to body carbon using the equation: Weight (mg C) 1⁄4 0.4643x2.3119 (Gibson and Paffenho ̈fer, 2000).",NA
NA,10,Koster2010,https://doi.org/10.1093/plankt/fbp112,Kiorboe2014,https://doi.org/10.1594/PANGAEA.819850,Dolioletta gegenbauri,Gonozooid,Unknown,NA,NA,NA,RespirationRate,42.71789114,NA,NA,Replicate,nlO2/ind/hr,NA,NA,21,NA,NA,NA,10.42640799,ug,Calculated,40,0,40,Thalassiosira weissflogii; Isochrysis galbana,NA,NA,Oxygen respirometry,Different food concentrations and weight experiments,Georgia Shelf,30.8,-80.299722,Figure4,Extracted from figure 4,"Lengths were converted to body carbon using the equation: Weight (mg C) 1⁄4 0.4643x2.3119 (Gibson and Paffenho ̈fer, 2000).",NA
NA,11,Koster2010,https://doi.org/10.1093/plankt/fbp112,Kiorboe2014,https://doi.org/10.1594/PANGAEA.819850,Dolioletta gegenbauri,Gonozooid,Unknown,NA,NA,NA,RespirationRate,46.79185303,NA,NA,Replicate,nlO2/ind/hr,NA,NA,21,NA,NA,NA,10.42640799,ug,Calculated,40,0,40,Thalassiosira weissflogii; Isochrysis galbana,NA,NA,Oxygen respirometry,Different food concentrations and weight experiments,Georgia Shelf,30.8,-80.299722,Figure4,Extracted from figure 4,"Lengths were converted to body carbon using the equation: Weight (mg C) 1⁄4 0.4643x2.3119 (Gibson and Paffenho ̈fer, 2000).",NA
NA,12,Koster2010,https://doi.org/10.1093/plankt/fbp112,Kiorboe2014,https://doi.org/10.1594/PANGAEA.819850,Dolioletta gegenbauri,Gonozooid,Unknown,NA,NA,NA,RespirationRate,48.22177382,NA,NA,Replicate,nlO2/ind/hr,NA,NA,21,NA,NA,NA,9.822634387,ug,Calculated,40,0,40,Thalassiosira weissflogii; Isochrysis galbana,NA,NA,Oxygen respirometry,Different food concentrations and weight experiments,Georgia Shelf,30.8,-80.299722,Figure4,Extracted from figure 4,"Lengths were converted to body carbon using the equation: Weight (mg C) 1⁄4 0.4643x2.3119 (Gibson and Paffenho ̈fer, 2000).",NA
NA,13,Koster2010,https://doi.org/10.1093/plankt/fbp112,Kiorboe2014,https://doi.org/10.1594/PANGAEA.819850,Dolioletta gegenbauri,Gonozooid,Unknown,NA,NA,NA,RespirationRate,62.75090543,NA,NA,Replicate,nlO2/ind/hr,NA,NA,21,NA,NA,NA,10.30275489,ug,Calculated,40,0,40,Thalassiosira weissflogii; Isochrysis galbana,NA,NA,Oxygen respirometry,Different food concentrations and weight experiments,Georgia Shelf,30.8,-80.299722,Figure4,Extracted from figure 4,"Lengths were converted to body carbon using the equation: Weight (mg C) 1⁄4 0.4643x2.3119 (Gibson and Paffenho ̈fer, 2000).",NA
NA,14,Koster2010,https://doi.org/10.1093/plankt/fbp112,Kiorboe2014,https://doi.org/10.1594/PANGAEA.819850,Dolioletta gegenbauri,Gonozooid,Unknown,NA,NA,NA,RespirationRate,45.88666556,NA,NA,Replicate,nlO2/ind/hr,NA,NA,21,NA,NA,NA,12.24849986,ug,Calculated,40,0,40,Thalassiosira weissflogii; Isochrysis galbana,NA,NA,Oxygen respirometry,Different food concentrations and weight experiments,Georgia Shelf,30.8,-80.299722,Figure4,Extracted from figure 4,"Lengths were converted to body carbon using the equation: Weight (mg C) 1⁄4 0.4643x2.3119 (Gibson and Paffenho ̈fer, 2000).",NA
NA,15,Koster2010,https://doi.org/10.1093/plankt/fbp112,Kiorboe2014,https://doi.org/10.1594/PANGAEA.819850,Dolioletta gegenbauri,Gonozooid,Unknown,NA,NA,NA,RespirationRate,55.61349749,NA,NA,Replicate,nlO2/ind/hr,NA,NA,21,NA,NA,NA,12.10323747,ug,Calculated,40,0,40,Thalassiosira weissflogii; Isochrysis galbana,NA,NA,Oxygen respirometry,Different food concentrations and weight experiments,Georgia Shelf,30.8,-80.299722,Figure4,Extracted from figure 4,"Lengths were converted to body carbon using the equation: Weight (mg C) 1⁄4 0.4643x2.3119 (Gibson and Paffenho ̈fer, 2000).",NA
NA,16,Koster2010,https://doi.org/10.1093/plankt/fbp112,Kiorboe2014,https://doi.org/10.1594/PANGAEA.819850,Dolioletta gegenbauri,Gonozooid,Unknown,NA,NA,NA,RespirationRate,63.4557679,NA,NA,Replicate,nlO2/ind/hr,NA,NA,21,NA,NA,NA,13.0791738,ug,Calculated,40,0,40,Thalassiosira weissflogii; Isochrysis galbana,NA,NA,Oxygen respirometry,Different food concentrations and weight experiments,Georgia Shelf,30.8,-80.299722,Figure4,Extracted from figure 4,"Lengths were converted to body carbon using the equation: Weight (mg C) 1⁄4 0.4643x2.3119 (Gibson and Paffenho ̈fer, 2000).",NA
NA,17,Koster2010,https://doi.org/10.1093/plankt/fbp112,Kiorboe2014,https://doi.org/10.1594/PANGAEA.819850,Dolioletta gegenbauri,Gonozooid,Unknown,NA,NA,NA,RespirationRate,21.98029119,NA,NA,Replicate,nlO2/ind/hr,NA,NA,21,NA,NA,NA,15.86154264,ug,Calculated,40,0,40,Thalassiosira weissflogii; Isochrysis galbana,NA,NA,Oxygen respirometry,Different food concentrations and weight experiments,Georgia Shelf,30.8,-80.299722,Figure4,Extracted from figure 4,"Lengths were converted to body carbon using the equation: Weight (mg C) 1⁄4 0.4643x2.3119 (Gibson and Paffenho ̈fer, 2000).",NA
NA,18,Koster2010,https://doi.org/10.1093/plankt/fbp112,Kiorboe2014,https://doi.org/10.1594/PANGAEA.819850,Dolioletta gegenbauri,Gonozooid,Unknown,NA,NA,NA,RespirationRate,30.32075573,NA,NA,Replicate,nlO2/ind/hr,NA,NA,21,NA,NA,NA,20.7455873,ug,Calculated,40,0,40,Thalassiosira weissflogii; Isochrysis galbana,NA,NA,Oxygen respirometry,Different food concentrations and weight experiments,Georgia Shelf,30.8,-80.299722,Figure4,Extracted from figure 4,"Lengths were converted to body carbon using the equation: Weight (mg C) 1⁄4 0.4643x2.3119 (Gibson and Paffenho ̈fer, 2000).",NA
NA,19,Koster2010,https://doi.org/10.1093/plankt/fbp112,Kiorboe2014,https://doi.org/10.1594/PANGAEA.819850,Dolioletta gegenbauri,Gonozooid,Unknown,NA,NA,NA,RespirationRate,42.43173493,NA,NA,Replicate,nlO2/ind/hr,NA,NA,21,NA,NA,NA,15.39543822,ug,Calculated,40,0,40,Thalassiosira weissflogii; Isochrysis galbana,NA,NA,Oxygen respirometry,Different food concentrations and weight experiments,Georgia Shelf,30.8,-80.299722,Figure4,Extracted from figure 4,"Lengths were converted to body carbon using the equation: Weight (mg C) 1⁄4 0.4643x2.3119 (Gibson and Paffenho ̈fer, 2000).",NA
NA,20,Koster2010,https://doi.org/10.1093/plankt/fbp112,Kiorboe2014,https://doi.org/10.1594/PANGAEA.819850,Dolioletta gegenbauri,Gonozooid,Unknown,NA,NA,NA,RespirationRate,48.54421963,NA,NA,Replicate,nlO2/ind/hr,NA,NA,21,NA,NA,NA,14.14786302,ug,Calculated,40,0,40,Thalassiosira weissflogii; Isochrysis galbana,NA,NA,Oxygen respirometry,Different food concentrations and weight experiments,Georgia Shelf,30.8,-80.299722,Figure4,Extracted from figure 4,"Lengths were converted to body carbon using the equation: Weight (mg C) 1⁄4 0.4643x2.3119 (Gibson and Paffenho ̈fer, 2000).",NA
NA,21,Koster2010,https://doi.org/10.1093/plankt/fbp112,Kiorboe2014,https://doi.org/10.1594/PANGAEA.819850,Dolioletta gegenbauri,Gonozooid,Unknown,NA,NA,NA,RespirationRate,57.4843244,NA,NA,Replicate,nlO2/ind/hr,NA,NA,21,NA,NA,NA,15.31909681,ug,Calculated,40,0,40,Thalassiosira weissflogii; Isochrysis galbana,NA,NA,Oxygen respirometry,Different food concentrations and weight experiments,Georgia Shelf,30.8,-80.299722,Figure4,Extracted from figure 4,"Lengths were converted to body carbon using the equation: Weight (mg C) 1⁄4 0.4643x2.3119 (Gibson and Paffenho ̈fer, 2000).",NA
NA,22,Koster2010,https://doi.org/10.1093/plankt/fbp112,Kiorboe2014,https://doi.org/10.1594/PANGAEA.819850,Dolioletta gegenbauri,Gonozooid,Unknown,NA,NA,NA,RespirationRate,41.34443763,NA,NA,Replicate,nlO2/ind/hr,NA,NA,21,NA,NA,NA,13.26249447,ug,Calculated,40,0,40,Thalassiosira weissflogii; Isochrysis galbana,NA,NA,Oxygen respirometry,Different food concentrations and weight experiments,Georgia Shelf,30.8,-80.299722,Figure4,Extracted from figure 4,"Lengths were converted to body carbon using the equation: Weight (mg C) 1⁄4 0.4643x2.3119 (Gibson and Paffenho ̈fer, 2000).",NA
NA,23,Koster2010,https://doi.org/10.1093/plankt/fbp112,Kiorboe2014,https://doi.org/10.1594/PANGAEA.819850,Dolioletta gegenbauri,Gonozooid,Unknown,NA,NA,NA,RespirationRate,53.31483982,NA,NA,Replicate,nlO2/ind/hr,NA,NA,21,NA,NA,NA,17.60687215,ug,Calculated,40,0,40,Thalassiosira weissflogii; Isochrysis galbana,NA,NA,Oxygen respirometry,Different food concentrations and weight experiments,Georgia Shelf,30.8,-80.299722,Figure4,Extracted from figure 4,"Lengths were converted to body carbon using the equation: Weight (mg C) 1⁄4 0.4643x2.3119 (Gibson and Paffenho ̈fer, 2000).",NA
NA,24,Koster2010,https://doi.org/10.1093/plankt/fbp112,Kiorboe2014,https://doi.org/10.1594/PANGAEA.819850,Dolioletta gegenbauri,Gonozooid,Unknown,NA,NA,NA,RespirationRate,55.17195652,NA,NA,Replicate,nlO2/ind/hr,NA,NA,21,NA,NA,NA,19.73952908,ug,Calculated,40,0,40,Thalassiosira weissflogii; Isochrysis galbana,NA,NA,Oxygen respirometry,Different food concentrations and weight experiments,Georgia Shelf,30.8,-80.299722,Figure4,Extracted from figure 4,"Lengths were converted to body carbon using the equation: Weight (mg C) 1⁄4 0.4643x2.3119 (Gibson and Paffenho ̈fer, 2000).",NA
NA,25,Koster2010,https://doi.org/10.1093/plankt/fbp112,Kiorboe2014,https://doi.org/10.1594/PANGAEA.819850,Dolioletta gegenbauri,Gonozooid,Unknown,NA,NA,NA,RespirationRate,62.59506212,NA,NA,Replicate,nlO2/ind/hr,NA,NA,21,NA,NA,NA,18.50423593,ug,Calculated,40,0,40,Thalassiosira weissflogii; Isochrysis galbana,NA,NA,Oxygen respirometry,Different food concentrations and weight experiments,Georgia Shelf,30.8,-80.299722,Figure4,Extracted from figure 4,"Lengths were converted to body carbon using the equation: Weight (mg C) 1⁄4 0.4643x2.3119 (Gibson and Paffenho ̈fer, 2000).",NA
NA,26,Koster2010,https://doi.org/10.1093/plankt/fbp112,Kiorboe2014,https://doi.org/10.1594/PANGAEA.819850,Dolioletta gegenbauri,Gonozooid,Unknown,NA,NA,NA,RespirationRate,73.45692737,NA,NA,Replicate,nlO2/ind/hr,NA,NA,21,NA,NA,NA,17.51956489,ug,Calculated,40,0,40,Thalassiosira weissflogii; Isochrysis galbana,NA,NA,Oxygen respirometry,Different food concentrations and weight experiments,Georgia Shelf,30.8,-80.299722,Figure4,Extracted from figure 4,"Lengths were converted to body carbon using the equation: Weight (mg C) 1⁄4 0.4643x2.3119 (Gibson and Paffenho ̈fer, 2000).",NA
NA,27,Koster2010,https://doi.org/10.1093/plankt/fbp112,Kiorboe2014,https://doi.org/10.1594/PANGAEA.819850,Dolioletta gegenbauri,Gonozooid,Unknown,NA,NA,NA,RespirationRate,85.487063,NA,NA,Replicate,nlO2/ind/hr,NA,NA,21,NA,NA,NA,16.92041667,ug,Calculated,40,0,40,Thalassiosira weissflogii; Isochrysis galbana,NA,NA,Oxygen respirometry,Different food concentrations and weight experiments,Georgia Shelf,30.8,-80.299722,Figure4,Extracted from figure 4,"Lengths were converted to body carbon using the equation: Weight (mg C) 1⁄4 0.4643x2.3119 (Gibson and Paffenho ̈fer, 2000).",NA
NA,28,Koster2010,https://doi.org/10.1093/plankt/fbp112,Kiorboe2014,https://doi.org/10.1594/PANGAEA.819850,Dolioletta gegenbauri,Gonozooid,Unknown,NA,NA,NA,RespirationRate,102.8718818,NA,NA,Replicate,nlO2/ind/hr,NA,NA,21,NA,NA,NA,15.31909681,ug,Calculated,40,0,40,Thalassiosira weissflogii; Isochrysis galbana,NA,NA,Oxygen respirometry,Different food concentrations and weight experiments,Georgia Shelf,30.8,-80.299722,Figure4,Extracted from figure 4,"Lengths were converted to body carbon using the equation: Weight (mg C) 1⁄4 0.4643x2.3119 (Gibson and Paffenho ̈fer, 2000).",NA
NA,29,Koster2010,https://doi.org/10.1093/plankt/fbp112,Kiorboe2014,https://doi.org/10.1594/PANGAEA.819850,Dolioletta gegenbauri,Gonozooid,Unknown,NA,NA,NA,RespirationRate,84.10854099,NA,NA,Replicate,nlO2/ind/hr,NA,NA,21,NA,NA,NA,19.44733537,ug,Calculated,40,0,40,Thalassiosira weissflogii; Isochrysis galbana,NA,NA,Oxygen respirometry,Different food concentrations and weight experiments,Georgia Shelf,30.8,-80.299722,Figure4,Extracted from figure 4,"Lengths were converted to body carbon using the equation: Weight (mg C) 1⁄4 0.4643x2.3119 (Gibson and Paffenho ̈fer, 2000).",NA
NA,30,Koster2010,https://doi.org/10.1093/plankt/fbp112,Kiorboe2014,https://doi.org/10.1594/PANGAEA.819850,Dolioletta gegenbauri,Gonozooid,Unknown,NA,NA,NA,RespirationRate,71.08366625,NA,NA,Replicate,nlO2/ind/hr,NA,NA,21,NA,NA,NA,21.48018397,ug,Calculated,40,0,40,Thalassiosira weissflogii; Isochrysis galbana,NA,NA,Oxygen respirometry,Different food concentrations and weight experiments,Georgia Shelf,30.8,-80.299722,Figure4,Extracted from figure 4,"Lengths were converted to body carbon using the equation: Weight (mg C) 1⁄4 0.4643x2.3119 (Gibson and Paffenho ̈fer, 2000).",NA
NA,31,Koster2010,https://doi.org/10.1093/plankt/fbp112,Kiorboe2014,https://doi.org/10.1594/PANGAEA.819850,Dolioletta gegenbauri,Gonozooid,Unknown,NA,NA,NA,RespirationRate,67.60986348,NA,NA,Replicate,nlO2/ind/hr,NA,NA,21,NA,NA,NA,24.08200118,ug,Calculated,40,0,40,Thalassiosira weissflogii; Isochrysis galbana,NA,NA,Oxygen respirometry,Different food concentrations and weight experiments,Georgia Shelf,30.8,-80.299722,Figure4,Extracted from figure 4,"Lengths were converted to body carbon using the equation: Weight (mg C) 1⁄4 0.4643x2.3119 (Gibson and Paffenho ̈fer, 2000).",NA
NA,32,Koster2010,https://doi.org/10.1093/plankt/fbp112,Kiorboe2014,https://doi.org/10.1594/PANGAEA.819850,Dolioletta gegenbauri,Gonozooid,Unknown,NA,NA,NA,RespirationRate,69.96797661,NA,NA,Replicate,nlO2/ind/hr,NA,NA,21,NA,NA,NA,27.26873174,ug,Calculated,40,0,40,Thalassiosira weissflogii; Isochrysis galbana,NA,NA,Oxygen respirometry,Different food concentrations and weight experiments,Georgia Shelf,30.8,-80.299722,Figure4,Extracted from figure 4,"Lengths were converted to body carbon using the equation: Weight (mg C) 1⁄4 0.4643x2.3119 (Gibson and Paffenho ̈fer, 2000).",NA
NA,33,Koster2010,https://doi.org/10.1093/plankt/fbp112,Kiorboe2014,https://doi.org/10.1594/PANGAEA.819850,Dolioletta gegenbauri,Gonozooid,Unknown,NA,NA,NA,RespirationRate,80.75164866,NA,NA,Replicate,nlO2/ind/hr,NA,NA,21,NA,NA,NA,26.99896714,ug,Calculated,40,0,40,Thalassiosira weissflogii; Isochrysis galbana,NA,NA,Oxygen respirometry,Different food concentrations and weight experiments,Georgia Shelf,30.8,-80.299722,Figure4,Extracted from figure 4,"Lengths were converted to body carbon using the equation: Weight (mg C) 1⁄4 0.4643x2.3119 (Gibson and Paffenho ̈fer, 2000).",NA
NA,34,Koster2010,https://doi.org/10.1093/plankt/fbp112,Kiorboe2014,https://doi.org/10.1594/PANGAEA.819850,Dolioletta gegenbauri,Gonozooid,Unknown,NA,NA,NA,RespirationRate,86.41105408,NA,NA,Replicate,nlO2/ind/hr,NA,NA,21,NA,NA,NA,28.65852841,ug,Calculated,40,0,40,Thalassiosira weissflogii; Isochrysis galbana,NA,NA,Oxygen respirometry,Different food concentrations and weight experiments,Georgia Shelf,30.8,-80.299722,Figure4,Extracted from figure 4,"Lengths were converted to body carbon using the equation: Weight (mg C) 1⁄4 0.4643x2.3119 (Gibson and Paffenho ̈fer, 2000).",NA
NA,35,Koster2010,https://doi.org/10.1093/plankt/fbp112,Kiorboe2014,https://doi.org/10.1594/PANGAEA.819850,Dolioletta gegenbauri,Gonozooid,Unknown,NA,NA,NA,RespirationRate,97.22018826,NA,NA,Replicate,nlO2/ind/hr,NA,NA,21,NA,NA,NA,27.26873174,ug,Calculated,40,0,40,Thalassiosira weissflogii; Isochrysis galbana,NA,NA,Oxygen respirometry,Different food concentrations and weight experiments,Georgia Shelf,30.8,-80.299722,Figure4,Extracted from figure 4,"Lengths were converted to body carbon using the equation: Weight (mg C) 1⁄4 0.4643x2.3119 (Gibson and Paffenho ̈fer, 2000).",NA
NA,36,Koster2010,https://doi.org/10.1093/plankt/fbp112,Kiorboe2014,https://doi.org/10.1594/PANGAEA.819850,Dolioletta gegenbauri,Gonozooid,Unknown,NA,NA,NA,RespirationRate,71.79547912,NA,NA,Replicate,nlO2/ind/hr,NA,NA,21,NA,NA,NA,30.42009891,ug,Calculated,40,0,40,Thalassiosira weissflogii; Isochrysis galbana,NA,NA,Oxygen respirometry,Different food concentrations and weight experiments,Georgia Shelf,30.8,-80.299722,Figure4,Extracted from figure 4,"Lengths were converted to body carbon using the equation: Weight (mg C) 1⁄4 0.4643x2.3119 (Gibson and Paffenho ̈fer, 2000).",NA
NA,37,Koster2010,https://doi.org/10.1093/plankt/fbp112,Kiorboe2014,https://doi.org/10.1594/PANGAEA.819850,Dolioletta gegenbauri,Gonozooid,Unknown,NA,NA,NA,RespirationRate,74.2898388,NA,NA,Replicate,nlO2/ind/hr,NA,NA,21,NA,NA,NA,33.43332885,ug,Calculated,40,0,40,Thalassiosira weissflogii; Isochrysis galbana,NA,NA,Oxygen respirometry,Different food concentrations and weight experiments,Georgia Shelf,30.8,-80.299722,Figure4,Extracted from figure 4,"Lengths were converted to body carbon using the equation: Weight (mg C) 1⁄4 0.4643x2.3119 (Gibson and Paffenho ̈fer, 2000).",NA
NA,38,Koster2010,https://doi.org/10.1093/plankt/fbp112,Kiorboe2014,https://doi.org/10.1594/PANGAEA.819850,Dolioletta gegenbauri,Gonozooid,Unknown,NA,NA,NA,RespirationRate,86.49039252,NA,NA,Replicate,nlO2/ind/hr,NA,NA,21,NA,NA,NA,35.31241836,ug,Calculated,40,0,40,Thalassiosira weissflogii; Isochrysis galbana,NA,NA,Oxygen respirometry,Different food concentrations and weight experiments,Georgia Shelf,30.8,-80.299722,Figure4,Extracted from figure 4,"Lengths were converted to body carbon using the equation: Weight (mg C) 1⁄4 0.4643x2.3119 (Gibson and Paffenho ̈fer, 2000).",NA
NA,39,Koster2010,https://doi.org/10.1093/plankt/fbp112,Kiorboe2014,https://doi.org/10.1594/PANGAEA.819850,Dolioletta gegenbauri,Gonozooid,Unknown,NA,NA,NA,RespirationRate,98.13581107,NA,NA,Replicate,nlO2/ind/hr,NA,NA,21,NA,NA,NA,33.76738343,ug,Calculated,40,0,40,Thalassiosira weissflogii; Isochrysis galbana,NA,NA,Oxygen respirometry,Different food concentrations and weight experiments,Georgia Shelf,30.8,-80.299722,Figure4,Extracted from figure 4,"Lengths were converted to body carbon using the equation: Weight (mg C) 1⁄4 0.4643x2.3119 (Gibson and Paffenho ̈fer, 2000).",NA
NA,40,Koster2010,https://doi.org/10.1093/plankt/fbp112,Kiorboe2014,https://doi.org/10.1594/PANGAEA.819850,Dolioletta gegenbauri,Gonozooid,Unknown,NA,NA,NA,RespirationRate,108.5528463,NA,NA,Replicate,nlO2/ind/hr,NA,NA,21,NA,NA,NA,31.34108228,ug,Calculated,40,0,40,Thalassiosira weissflogii; Isochrysis galbana,NA,NA,Oxygen respirometry,Different food concentrations and weight experiments,Georgia Shelf,30.8,-80.299722,Figure4,Extracted from figure 4,"Lengths were converted to body carbon using the equation: Weight (mg C) 1⁄4 0.4643x2.3119 (Gibson and Paffenho ̈fer, 2000).",NA
NA,41,Koster2010,https://doi.org/10.1093/plankt/fbp112,Kiorboe2014,https://doi.org/10.1594/PANGAEA.819850,Dolioletta gegenbauri,Gonozooid,Unknown,NA,NA,NA,RespirationRate,88.00597064,NA,NA,Replicate,nlO2/ind/hr,NA,NA,21,NA,NA,NA,39.58968425,ug,Calculated,40,0,40,Thalassiosira weissflogii; Isochrysis galbana,NA,NA,Oxygen respirometry,Different food concentrations and weight experiments,Georgia Shelf,30.8,-80.299722,Figure4,Extracted from figure 4,"Lengths were converted to body carbon using the equation: Weight (mg C) 1⁄4 0.4643x2.3119 (Gibson and Paffenho ̈fer, 2000).",NA
NA,42,Koster2010,https://doi.org/10.1093/plankt/fbp112,Kiorboe2014,https://doi.org/10.1594/PANGAEA.819850,Dolioletta gegenbauri,Gonozooid,Unknown,NA,NA,NA,RespirationRate,116.2444639,NA,NA,Replicate,nlO2/ind/hr,NA,NA,21,NA,NA,NA,39.1980307,ug,Calculated,40,0,40,Thalassiosira weissflogii; Isochrysis galbana,NA,NA,Oxygen respirometry,Different food concentrations and weight experiments,Georgia Shelf,30.8,-80.299722,Figure4,Extracted from figure 4,"Lengths were converted to body carbon using the equation: Weight (mg C) 1⁄4 0.4643x2.3119 (Gibson and Paffenho ̈fer, 2000).",NA
NA,43,Koster2010,https://doi.org/10.1093/plankt/fbp112,Kiorboe2014,https://doi.org/10.1594/PANGAEA.819850,Dolioletta gegenbauri,Gonozooid,Unknown,NA,NA,NA,RespirationRate,137.5412825,NA,NA,Replicate,nlO2/ind/hr,NA,NA,21,NA,NA,NA,35.31241836,ug,Calculated,40,0,40,Thalassiosira weissflogii; Isochrysis galbana,NA,NA,Oxygen respirometry,Different food concentrations and weight experiments,Georgia Shelf,30.8,-80.299722,Figure4,Extracted from figure 4,"Lengths were converted to body carbon using the equation: Weight (mg C) 1⁄4 0.4643x2.3119 (Gibson and Paffenho ̈fer, 2000).",NA
NA,44,Koster2010,https://doi.org/10.1093/plankt/fbp112,Kiorboe2014,https://doi.org/10.1594/PANGAEA.819850,Dolioletta gegenbauri,Gonozooid,Unknown,NA,NA,NA,RespirationRate,139.9942486,NA,NA,Replicate,nlO2/ind/hr,NA,NA,21,NA,NA,NA,42.44304784,ug,Calculated,40,0,40,Thalassiosira weissflogii; Isochrysis galbana,NA,NA,Oxygen respirometry,Different food concentrations and weight experiments,Georgia Shelf,30.8,-80.299722,Figure4,Extracted from figure 4,"Lengths were converted to body carbon using the equation: Weight (mg C) 1⁄4 0.4643x2.3119 (Gibson and Paffenho ̈fer, 2000).",NA
NA,45,Koster2010,https://doi.org/10.1093/plankt/fbp112,Kiorboe2014,https://doi.org/10.1594/PANGAEA.819850,Dolioletta gegenbauri,Gonozooid,Unknown,NA,NA,NA,RespirationRate,122.326659,NA,NA,Replicate,nlO2/ind/hr,NA,NA,21,NA,NA,NA,42.8671245,ug,Calculated,40,0,40,Thalassiosira weissflogii; Isochrysis galbana,NA,NA,Oxygen respirometry,Different food concentrations and weight experiments,Georgia Shelf,30.8,-80.299722,Figure4,Extracted from figure 4,"Lengths were converted to body carbon using the equation: Weight (mg C) 1⁄4 0.4643x2.3119 (Gibson and Paffenho ̈fer, 2000).",NA
NA,46,Koster2010,https://doi.org/10.1093/plankt/fbp112,Kiorboe2014,https://doi.org/10.1594/PANGAEA.819850,Dolioletta gegenbauri,Gonozooid,Unknown,NA,NA,NA,RespirationRate,107.7894013,NA,NA,Replicate,nlO2/ind/hr,NA,NA,21,NA,NA,NA,42.8671245,ug,Calculated,40,0,40,Thalassiosira weissflogii; Isochrysis galbana,NA,NA,Oxygen respirometry,Different food concentrations and weight experiments,Georgia Shelf,30.8,-80.299722,Figure4,Extracted from figure 4,"Lengths were converted to body carbon using the equation: Weight (mg C) 1⁄4 0.4643x2.3119 (Gibson and Paffenho ̈fer, 2000).",NA
NA,47,Koster2010,https://doi.org/10.1093/plankt/fbp112,Kiorboe2014,https://doi.org/10.1594/PANGAEA.819850,Dolioletta gegenbauri,Gonozooid,Unknown,NA,NA,NA,RespirationRate,120.3120101,NA,NA,Replicate,nlO2/ind/hr,NA,NA,21,NA,NA,NA,45.50206307,ug,Calculated,40,0,40,Thalassiosira weissflogii; Isochrysis galbana,NA,NA,Oxygen respirometry,Different food concentrations and weight experiments,Georgia Shelf,30.8,-80.299722,Figure4,Extracted from figure 4,"Lengths were converted to body carbon using the equation: Weight (mg C) 1⁄4 0.4643x2.3119 (Gibson and Paffenho ̈fer, 2000).",NA
NA,48,Koster2010,https://doi.org/10.1093/plankt/fbp112,Kiorboe2014,https://doi.org/10.1594/PANGAEA.819850,Dolioletta gegenbauri,Gonozooid,Unknown,NA,NA,NA,RespirationRate,124.5055609,NA,NA,Replicate,nlO2/ind/hr,NA,NA,21,NA,NA,NA,51.26778562,ug,Calculated,40,0,40,Thalassiosira weissflogii; Isochrysis galbana,NA,NA,Oxygen respirometry,Different food concentrations and weight experiments,Georgia Shelf,30.8,-80.299722,Figure4,Extracted from figure 4,"Lengths were converted to body carbon using the equation: Weight (mg C) 1⁄4 0.4643x2.3119 (Gibson and Paffenho ̈fer, 2000).",NA
NA,49,Koster2010,https://doi.org/10.1093/plankt/fbp112,Kiorboe2014,https://doi.org/10.1594/PANGAEA.819850,Dolioletta gegenbauri,Gonozooid,Unknown,NA,NA,NA,RespirationRate,228.565364,NA,NA,Replicate,nlO2/ind/hr,NA,NA,21,NA,NA,NA,53.61355575,ug,Calculated,40,0,40,Thalassiosira weissflogii; Isochrysis galbana,NA,NA,Oxygen respirometry,Different food concentrations and weight experiments,Georgia Shelf,30.8,-80.299722,Figure4,Extracted from figure 4,"Lengths were converted to body carbon using the equation: Weight (mg C) 1⁄4 0.4643x2.3119 (Gibson and Paffenho ̈fer, 2000).",NA
NA,50,Koster2010,https://doi.org/10.1093/plankt/fbp112,Kiorboe2014,https://doi.org/10.1594/PANGAEA.819850,Dolioletta gegenbauri,Gonozooid,Unknown,NA,NA,NA,RespirationRate,277.8314685,NA,NA,Replicate,nlO2/ind/hr,NA,NA,21,NA,NA,NA,70.47154889,ug,Calculated,40,0,40,Thalassiosira weissflogii; Isochrysis galbana,NA,NA,Oxygen respirometry,Different food concentrations and weight experiments,Georgia Shelf,30.8,-80.299722,Figure4,Extracted from figure 4,"Lengths were converted to body carbon using the equation: Weight (mg C) 1⁄4 0.4643x2.3119 (Gibson and Paffenho ̈fer, 2000).",NA
NA,51,Koster2010,https://doi.org/10.1093/plankt/fbp112,Kiorboe2014,https://doi.org/10.1594/PANGAEA.819850,Dolioletta gegenbauri,Gonozooid,Unknown,NA,NA,NA,RespirationRate,420.2298283,NA,NA,Replicate,nlO2/ind/hr,NA,NA,21,NA,NA,NA,79.00751345,ug,Calculated,40,0,40,Thalassiosira weissflogii; Isochrysis galbana,NA,NA,Oxygen respirometry,Different food concentrations and weight experiments,Georgia Shelf,30.8,-80.299722,Figure4,Extracted from figure 4,"Lengths were converted to body carbon using the equation: Weight (mg C) 1⁄4 0.4643x2.3119 (Gibson and Paffenho ̈fer, 2000).",NA
NA,1,Ikeda1982,https://doi.org/10.1007/BF00397045,Kiorboe2014,https://doi.org/10.1594/PANGAEA.819850,Beroidae,Unknown,Unknown,NA,NA,1,RespirationRate,15.4,15.4,15.4,Mean,ulO2/ind/hr,0,Std dev,-0.8,NA,NA,401.58,36.1422,mg,Calculated,20,0,50,NA,NA,NA,Water bottle method,Rate process and corresponding weight experiments across multiple zooplankton species.,Antarctic Ocean,-65.566667,120.023333,Table1,Extracted from table1 and calculated carbon weights from reported %.,NA,9% carbon
NA,2,Ikeda1982,https://doi.org/10.1007/BF00397045,Kiorboe2014,https://doi.org/10.1594/PANGAEA.819850,Limacina antarctica,Unknown,Unknown,NA,NA,10,RespirationRate,3.22,1.15,5.29,Mean,ulO2/ind/hr,2.07,Std dev,-0.9,NA,NA,6.45,2.14785,mg,Calculated,20,0,50,NA,NA,NA,Water bottle method,Rate process and corresponding weight experiments across multiple zooplankton species.,Antarctic Ocean,-64.311667,99.948333,Table1,Extracted from table1 and calculated carbon weights from reported %.,NA,33.3% carbon
NA,3,Ikeda1982,https://doi.org/10.1007/BF00397045,Kiorboe2014,https://doi.org/10.1594/PANGAEA.819850,Clione antarctica,Unknown,Unknown,NA,NA,6,RespirationRate,6.31,3.82,8.8,Mean,ulO2/ind/hr,2.49,Std dev,-1.3,NA,NA,25.34,10.136,mg,Calculated,20,0,50,NA,NA,NA,Water bottle method,Rate process and corresponding weight experiments across multiple zooplankton species.,Antarctic Ocean,-64.333333,105.013333,Table1,Extracted from table1 and calculated carbon weights from reported %.,NA,40% carbon
NA,4,Ikeda1982,https://doi.org/10.1007/BF00397045,Kiorboe2014,https://doi.org/10.1594/PANGAEA.819850,Cleodora sulcata,Unknown,Unknown,NA,NA,4,RespirationRate,22.2,11.1,33.3,Mean,ulO2/ind/hr,11.1,Std dev,-1.1,NA,NA,54.75,19.98375,mg,Calculated,20,0,50,NA,NA,NA,Water bottle method,Rate process and corresponding weight experiments across multiple zooplankton species.,Antarctic Ocean,-64.333333,105.013333,Table1,Extracted from table1 and calculated carbon weights from reported %.,NA,36.5% carbon
NA,5,Ikeda1982,https://doi.org/10.1007/BF00397045,Kiorboe2014,https://doi.org/10.1594/PANGAEA.819850,Tomopteris carpenteri,Unknown,Unknown,NA,NA,14,RespirationRate,4.45,3.01,5.89,Mean,ulO2/ind/hr,1.44,Std dev,-1,NA,NA,9.73,3.38604,mg,Calculated,20,0,50,NA,NA,NA,Water bottle method,Rate process and corresponding weight experiments across multiple zooplankton species.,Antarctic Ocean,-61.656667,99.97,Table1,Extracted from table1 and calculated carbon weights from reported %.,NA,34.8% carbon
NA,6,Ikeda1982,https://doi.org/10.1007/BF00397045,Kiorboe2014,https://doi.org/10.1594/PANGAEA.819850,Tomopteris carpenteri,Unknown,Unknown,NA,NA,10,RespirationRate,42.8,27.2,58.4,Mean,ulO2/ind/hr,15.6,Std dev,-0.8,NA,NA,137.93,48.13757,mg,Calculated,20,0,50,NA,NA,NA,Water bottle method,Rate process and corresponding weight experiments across multiple zooplankton species.,Antarctic Ocean,-61.656667,99.97,Table1,Extracted from table1 and calculated carbon weights from reported %.,NA,34.9% carbon
NA,7,Ikeda1982,https://doi.org/10.1007/BF00397045,Kiorboe2014,https://doi.org/10.1594/PANGAEA.819850,Calanus propinquus,Unknown,Unknown,NA,NA,8,RespirationRate,1.18,1.09,1.27,Mean,ulO2/ind/hr,0.09,Std dev,-1,NA,NA,1.04,0.45344,mg,Calculated,20,0,50,NA,NA,NA,Water bottle method,Rate process and corresponding weight experiments across multiple zooplankton species.,Antarctic Ocean,-64.656667,99.933333,Table1,Extracted from table1 and calculated carbon weights from reported %.,NA,43.6% carbon
NA,8,Ikeda1982,https://doi.org/10.1007/BF00397045,Kiorboe2014,https://doi.org/10.1594/PANGAEA.819850,Calanus propinquus,Unknown,Unknown,NA,NA,7,RespirationRate,0.675,0.622,0.728,Mean,ulO2/ind/hr,0.053,Std dev,-1,NA,NA,0.847,0.35574,mg,Calculated,20,0,50,NA,NA,NA,Water bottle method,Rate process and corresponding weight experiments across multiple zooplankton species.,Antarctic Ocean,-64.656667,99.933333,Table1,Extracted from table1 and calculated carbon weights from reported %.,NA,42% carbon
NA,9,Ikeda1982,https://doi.org/10.1007/BF00397045,Kiorboe2014,https://doi.org/10.1594/PANGAEA.819850,Metridia gerlachei,Unknown,Unknown,NA,NA,8,RespirationRate,0.32,0.305,0.335,Mean,ulO2/ind/hr,0.015,Std dev,-1.4,NA,NA,0.265,0.120045,mg,Calculated,20,0,50,NA,NA,NA,Water bottle method,Rate process and corresponding weight experiments across multiple zooplankton species.,Antarctic Ocean,-64.333333,105.013333,Table1,Extracted from table1 and calculated carbon weights from reported %.,NA,45.3% carbon
NA,10,Ikeda1982,https://doi.org/10.1007/BF00397045,Kiorboe2014,https://doi.org/10.1594/PANGAEA.819850,Metridia gerlachei,Unknown,Unknown,NA,NA,7,RespirationRate,0.213,0.195,0.231,Mean,ulO2/ind/hr,0.018,Std dev,-1,NA,NA,0.214,0.090308,mg,Calculated,20,0,50,NA,NA,NA,Water bottle method,Rate process and corresponding weight experiments across multiple zooplankton species.,Antarctic Ocean,-64.333333,105.013333,Table1,Extracted from table1 and calculated carbon weights from reported %.,NA,42.2% carbon
NA,11,Ikeda1982,https://doi.org/10.1007/BF00397045,Kiorboe2014,https://doi.org/10.1594/PANGAEA.819850,Themisto gaudichaudii,Unknown,Unknown,NA,NA,14,RespirationRate,2.66,1.16,4.16,Mean,ulO2/ind/hr,1.5,Std dev,-0.8,NA,NA,3.6,1.2924,mg,Calculated,20,0,50,NA,NA,NA,Water bottle method,Rate process and corresponding weight experiments across multiple zooplankton species.,Antarctic Ocean,-61.656667,99.97,Table1,Extracted from table1 and calculated carbon weights from reported %.,NA,35.9% carbon
NA,12,Ikeda1982,https://doi.org/10.1007/BF00397045,Kiorboe2014,https://doi.org/10.1594/PANGAEA.819850,Themisto gaudichaudii,Unknown,Unknown,NA,NA,8,RespirationRate,5.56,4.04,7.08,Mean,ulO2/ind/hr,1.52,Std dev,-1,NA,NA,13.12,5.4448,mg,Calculated,20,0,50,NA,NA,NA,Water bottle method,Rate process and corresponding weight experiments across multiple zooplankton species.,Antarctic Ocean,-61.656667,99.97,Table1,Extracted from table1 and calculated carbon weights from reported %.,NA,41.5% carbon
NA,13,Ikeda1982,https://doi.org/10.1007/BF00397045,Kiorboe2014,https://doi.org/10.1594/PANGAEA.819850,Vibilia antarctica,Unknown,Unknown,NA,NA,5,RespirationRate,6.07,5.61,6.53,Mean,ulO2/ind/hr,0.46,Std dev,-1.1,NA,NA,12.14,4.89242,mg,Calculated,20,0,50,NA,NA,NA,Water bottle method,Rate process and corresponding weight experiments across multiple zooplankton species.,Antarctic Ocean,-63.66,115,Table1,Extracted from table1 and calculated carbon weights from reported %.,NA,40.3% carbon
NA,14,Ikeda1982,https://doi.org/10.1007/BF00397045,Kiorboe2014,https://doi.org/10.1594/PANGAEA.819850,Hyperia gaudichaudii,Unknown,Unknown,NA,NA,3,RespirationRate,22.33,14.89,29.77,Mean,ulO2/ind/hr,7.44,Std dev,-0.8,NA,NA,105.3,49.2804,mg,Calculated,20,0,50,NA,NA,NA,Water bottle method,Rate process and corresponding weight experiments across multiple zooplankton species.,Antarctic Ocean,-63.566667,120.023333,Table1,Extracted from table1 and calculated carbon weights from reported %.,NA,46.8% carbon
NA,15,Ikeda1982,https://doi.org/10.1007/BF00397045,Kiorboe2014,https://doi.org/10.1594/PANGAEA.819850,Euphausia superba,Unknown,Unknown,NA,NA,20,RespirationRate,13.11,7.37,18.85,Mean,ulO2/ind/hr,5.74,Std dev,-1.1,NA,NA,27.03,11.10933,mg,Calculated,20,0,50,NA,NA,NA,Water bottle method,Rate process and corresponding weight experiments across multiple zooplankton species.,Antarctic Ocean,-64.691667,101.821667,Table1,Extracted from table1 and calculated carbon weights from reported %.,NA,41.1% carbon
NA,16,Ikeda1982,https://doi.org/10.1007/BF00397045,Kiorboe2014,https://doi.org/10.1594/PANGAEA.819850,Euphausia superba,Unknown,Unknown,NA,NA,17,RespirationRate,33.84,24.72,42.96,Mean,ulO2/ind/hr,9.12,Std dev,-1.1,NA,NA,76.77,34.31619,mg,Calculated,20,0,50,NA,NA,NA,Water bottle method,Rate process and corresponding weight experiments across multiple zooplankton species.,Antarctic Ocean,-64.888333,105.046667,Table1,Extracted from table1 and calculated carbon weights from reported %.,NA,44.7% carbon
NA,17,Ikeda1982,https://doi.org/10.1007/BF00397045,Kiorboe2014,https://doi.org/10.1594/PANGAEA.819850,Euphausia superba,Unknown,Unknown,NA,NA,26,RespirationRate,58.23,44.01,72.45,Mean,ulO2/ind/hr,14.22,Std dev,-1.1,NA,NA,142.86,66.57276,mg,Calculated,20,0,50,NA,NA,NA,Water bottle method,Rate process and corresponding weight experiments across multiple zooplankton species.,Antarctic Ocean,-64.471667,114.51,Table1,Extracted from table1 and calculated carbon weights from reported %.,NA,46.6% carbon
NA,18,Ikeda1982,https://doi.org/10.1007/BF00397045,Kiorboe2014,https://doi.org/10.1594/PANGAEA.819850,Euphausia superba,Unknown,Unknown,NA,NA,7,RespirationRate,90.64,73.71,107.57,Mean,ulO2/ind/hr,16.93,Std dev,-1.1,NA,NA,237.68,112.66032,mg,Calculated,20,0,50,NA,NA,NA,Water bottle method,Rate process and corresponding weight experiments across multiple zooplankton species.,Antarctic Ocean,-64.523333,114.406667,Table1,Extracted from table1 and calculated carbon weights from reported %.,NA,47.4% carbon
NA,19,Ikeda1982,https://doi.org/10.1007/BF00397045,Kiorboe2014,https://doi.org/10.1594/PANGAEA.819850,Euphausia superba,Unknown,Unknown,NA,NA,7,RespirationRate,123.57,107.04,140.1,Mean,ulO2/ind/hr,16.53,Std dev,-1,NA,NA,353.78,168.0455,mg,Calculated,20,0,50,NA,NA,NA,Water bottle method,Rate process and corresponding weight experiments across multiple zooplankton species.,Antarctic Ocean,-64.93,115.563333,Table1,Extracted from table1 and calculated carbon weights from reported %.,NA,47.5% carbon
NA,20,Ikeda1982,https://doi.org/10.1007/BF00397045,Kiorboe2014,https://doi.org/10.1594/PANGAEA.819850,Euphausia triacantha,Unknown,Unknown,NA,NA,15,RespirationRate,8.35,6.92,9.78,Mean,ulO2/ind/hr,1.43,Std dev,-0.8,NA,NA,22.97,9.46364,mg,Calculated,20,0,50,NA,NA,NA,Water bottle method,Rate process and corresponding weight experiments across multiple zooplankton species.,Antarctic Ocean,-63.718333,120.005,Table1,Extracted from table1 and calculated carbon weights from reported %.,NA,41.2% carbon
NA,21,Ikeda1982,https://doi.org/10.1007/BF00397045,Kiorboe2014,https://doi.org/10.1594/PANGAEA.819850,Ihlea racovitzai,Unknown,Unknown,NA,NA,4,RespirationRate,2.21,1.9,2.52,Mean,ulO2/ind/hr,0.31,Std dev,-1,NA,NA,10.94,1.10494,mg,Calculated,20,0,50,NA,NA,NA,Water bottle method,Rate process and corresponding weight experiments across multiple zooplankton species.,Antarctic Ocean,-64.311667,99.948333,Table1,Extracted from table1 and calculated carbon weights from reported %.,NA,10.1% carbon
NA,22,Ikeda1982,https://doi.org/10.1007/BF00397045,Kiorboe2014,https://doi.org/10.1594/PANGAEA.819850,Salpa thompsoni,Unknown,Unknown,NA,NA,12,RespirationRate,12,6.3,17.7,Mean,ulO2/ind/hr,5.7,Std dev,-1.1,NA,NA,114.63,5.38761,mg,Calculated,20,0,50,NA,NA,NA,Water bottle method,Rate process and corresponding weight experiments across multiple zooplankton species.,Antarctic Ocean,-61.673333,115.003333,Table1,Extracted from table1 and calculated carbon weights from reported %.,NA,4.7% carbon
NA,1,Dutz2018,https://doi.org/10.1093/plankt/fby013,NA,NA,Acartia longiremis,Adult,Mixed,NA,NA,NA,RespirationRate,0.48,0.446,0.514,Mean,ugC/ugC/day,0.034,Std err,10,NA,NA,NA,NA,NA,NA,NA,NA,NA,Ad-libitum,>400,ugcl,Respirometer chamber,Salinity 16.0,Arkona Sea,54.966667,14.05,Table2,Extracted from table 2.,NA,NA
NA,2,Dutz2018,https://doi.org/10.1093/plankt/fby013,NA,NA,Acartia longiremis,Adult,Mixed,NA,NA,NA,RespirationRate,0.39,0.344,0.436,Mean,ugC/ugC/day,0.046,Std err,10,NA,NA,NA,NA,NA,NA,NA,NA,NA,Ad-libitum,>400,ugcl,Respirometer chamber,Salinity 7.7,Bornholm Sea,55.283333,15.716667,Table2,Extracted from table 2.,NA,NA
NA,3,Dutz2018,https://doi.org/10.1093/plankt/fby013,NA,NA,Acartia longiremis,Adult,Mixed,NA,NA,NA,RespirationRate,0.48,0.42,0.54,Mean,ugC/ugC/day,0.06,Std err,10,NA,NA,NA,NA,NA,NA,NA,NA,NA,Ad-libitum,>400,ugcl,Respirometer chamber,Salinity 6.0,Bornholm Sea,55.283333,15.716667,Table2,Extracted from table 2.,NA,NA
NA,4,Dutz2018,https://doi.org/10.1093/plankt/fby013,NA,NA,Acartia longiremis,Adult,Mixed,NA,NA,NA,RespirationRate,0.49,0.441,0.539,Mean,ugC/ugC/day,0.049,Std err,10,NA,NA,NA,NA,NA,NA,NA,NA,NA,Ad-libitum,>400,ugcl,Respirometer chamber,Salinity 5.0,Bornholm Sea,55.283333,15.716667,Table2,Extracted from table 2.,NA,NA
NA,5,Dutz2018,https://doi.org/10.1093/plankt/fby013,NA,NA,Acartia longiremis,Adult,Mixed,NA,NA,NA,RespirationRate,0.31,0.296,0.324,Mean,ugC/ugC/day,0.014,Std err,10,NA,NA,NA,NA,NA,NA,NA,NA,NA,Ad-libitum,>400,ugcl,Respirometer chamber,Salinity 4.0,Bornholm Sea,55.283333,15.716667,Table2,Extracted from table 2.,NA,NA
NA,1,Ross1982,https://doi.org/10.1007/BF00393135,NA,NA,Euphausia pacifica,Adult,Unknown,NA,NA,NA,RespirationRate,0.13102737,NA,NA,Replicate,ugC/ind/day,NA,NA,8,NA,NA,NA,1.01858062,ug,Calculated,NA,NA,NA,Thalassiosira fluviatilus; Thalassiosira angsti,1200-2000,cells/ml,NA,Assimilation experiments,Puget Sound,47.74648,-122.437477,Figure3,Extracted data using ImageJ in log-log space from figure 3 and then back transformed the data,Calculated carbon weight using wide size range of euphausiids and linear regression techniques,Measured to the middle of each point. Collected x-axis data points first and then y-axis. Back-transformed respiration rates to uLO2 using assumed RQ 0.9 following Ross methods.
NA,2,Ross1982,https://doi.org/10.1007/BF00393135,NA,NA,Euphausia pacifica,Adult,Unknown,NA,NA,NA,RespirationRate,0.210574923,NA,NA,Replicate,ugC/ind/day,NA,NA,8,NA,NA,NA,1.34838988,ug,Calculated,NA,NA,NA,Thalassiosira fluviatilus; Thalassiosira angsti,1200-2000,cells/ml,NA,Assimilation experiments,Puget Sound,47.74648,-122.437477,Figure3,Extracted data using ImageJ in log-log space from figure 3 and then back transformed the data,Calculated carbon weight using wide size range of euphausiids and linear regression techniques,Measured to the middle of each point. Collected x-axis data points first and then y-axis. Back-transformed respiration rates to uLO2 using assumed RQ 0.9 following Ross methods.
NA,3,Ross1982,https://doi.org/10.1007/BF00393135,NA,NA,Euphausia pacifica,Adult,Unknown,NA,NA,NA,RespirationRate,0.167275165,NA,NA,Replicate,ugC/ind/day,NA,NA,8,NA,NA,NA,1.53505984,ug,Calculated,NA,NA,NA,Thalassiosira fluviatilus; Thalassiosira angsti,1200-2000,cells/ml,NA,Assimilation experiments,Puget Sound,47.74648,-122.437477,Figure3,Extracted data using ImageJ in log-log space from figure 3 and then back transformed the data,Calculated carbon weight using wide size range of euphausiids and linear regression techniques,Measured to the middle of each point. Collected x-axis data points first and then y-axis. Back-transformed respiration rates to uLO2 using assumed RQ 0.9 following Ross methods.
NA,4,Ross1982,https://doi.org/10.1007/BF00393135,NA,NA,Euphausia pacifica,Adult,Unknown,NA,NA,NA,RespirationRate,0.147969023,NA,NA,Replicate,ugC/ind/day,NA,NA,8,NA,NA,NA,1.55364736,ug,Calculated,NA,NA,NA,Thalassiosira fluviatilus; Thalassiosira angsti,1200-2000,cells/ml,NA,Assimilation experiments,Puget Sound,47.74648,-122.437477,Figure3,Extracted data using ImageJ in log-log space from figure 3 and then back transformed the data,Calculated carbon weight using wide size range of euphausiids and linear regression techniques,Measured to the middle of each point. Collected x-axis data points first and then y-axis. Back-transformed respiration rates to uLO2 using assumed RQ 0.9 following Ross methods.
NA,5,Ross1982,https://doi.org/10.1007/BF00393135,NA,NA,Euphausia pacifica,Adult,Unknown,NA,NA,NA,RespirationRate,0.21700738,NA,NA,Replicate,ugC/ind/day,NA,NA,8,NA,NA,NA,1.70498402,ug,Calculated,NA,NA,NA,Thalassiosira fluviatilus; Thalassiosira angsti,1200-2000,cells/ml,NA,Assimilation experiments,Puget Sound,47.74648,-122.437477,Figure3,Extracted data using ImageJ in log-log space from figure 3 and then back transformed the data,Calculated carbon weight using wide size range of euphausiids and linear regression techniques,Measured to the middle of each point. Collected x-axis data points first and then y-axis. Back-transformed respiration rates to uLO2 using assumed RQ 0.9 following Ross methods.
NA,6,Ross1982,https://doi.org/10.1007/BF00393135,NA,NA,Euphausia pacifica,Adult,Unknown,NA,NA,NA,RespirationRate,0.519401632,NA,NA,Replicate,ugC/ind/day,NA,NA,8,NA,NA,NA,2.41934734,ug,Calculated,NA,NA,NA,Thalassiosira fluviatilus; Thalassiosira angsti,1200-2000,cells/ml,NA,Assimilation experiments,Puget Sound,47.74648,-122.437477,Figure3,Extracted data using ImageJ in log-log space from figure 3 and then back transformed the data,Calculated carbon weight using wide size range of euphausiids and linear regression techniques,Measured to the middle of each point. Collected x-axis data points first and then y-axis. Back-transformed respiration rates to uLO2 using assumed RQ 0.9 following Ross methods.
NA,7,Ross1982,https://doi.org/10.1007/BF00393135,NA,NA,Euphausia pacifica,Adult,Unknown,NA,NA,NA,RespirationRate,0.652748251,NA,NA,Replicate,ugC/ind/day,NA,NA,8,NA,NA,NA,4.29734862,ug,Calculated,NA,NA,NA,Thalassiosira fluviatilus; Thalassiosira angsti,1200-2000,cells/ml,NA,Assimilation experiments,Puget Sound,47.74648,-122.437477,Figure3,Extracted data using ImageJ in log-log space from figure 3 and then back transformed the data,Calculated carbon weight using wide size range of euphausiids and linear regression techniques,Measured to the middle of each point. Collected x-axis data points first and then y-axis. Back-transformed respiration rates to uLO2 using assumed RQ 0.9 following Ross methods.
NA,8,Ross1982,https://doi.org/10.1007/BF00393135,NA,NA,Euphausia pacifica,Adult,Unknown,NA,NA,NA,RespirationRate,1.149623675,NA,NA,Replicate,ugC/ind/day,NA,NA,8,NA,NA,NA,6.70315304,ug,Calculated,NA,NA,NA,Thalassiosira fluviatilus; Thalassiosira angsti,1200-2000,cells/ml,NA,Assimilation experiments,Puget Sound,47.74648,-122.437477,Figure3,Extracted data using ImageJ in log-log space from figure 3 and then back transformed the data,Calculated carbon weight using wide size range of euphausiids and linear regression techniques,Measured to the middle of each point. Collected x-axis data points first and then y-axis. Back-transformed respiration rates to uLO2 using assumed RQ 0.9 following Ross methods.
NA,9,Ross1982,https://doi.org/10.1007/BF00393135,NA,NA,Euphausia pacifica,Adult,Unknown,NA,NA,NA,RespirationRate,1.081068239,NA,NA,Replicate,ugC/ind/day,NA,NA,8,NA,NA,NA,10.3126475,ug,Calculated,NA,NA,NA,Thalassiosira fluviatilus; Thalassiosira angsti,1200-2000,cells/ml,NA,Assimilation experiments,Puget Sound,47.74648,-122.437477,Figure3,Extracted data using ImageJ in log-log space from figure 3 and then back transformed the data,Calculated carbon weight using wide size range of euphausiids and linear regression techniques,Measured to the middle of each point. Collected x-axis data points first and then y-axis. Back-transformed respiration rates to uLO2 using assumed RQ 0.9 following Ross methods.
NA,10,Ross1982,https://doi.org/10.1007/BF00393135,NA,NA,Euphausia pacifica,Adult,Unknown,NA,NA,NA,RespirationRate,1.254747338,NA,NA,Replicate,ugC/ind/day,NA,NA,8,NA,NA,NA,10.3932494,ug,Calculated,NA,NA,NA,Thalassiosira fluviatilus; Thalassiosira angsti,1200-2000,cells/ml,NA,Assimilation experiments,Puget Sound,47.74648,-122.437477,Figure3,Extracted data using ImageJ in log-log space from figure 3 and then back transformed the data,Calculated carbon weight using wide size range of euphausiids and linear regression techniques,Measured to the middle of each point. Collected x-axis data points first and then y-axis. Back-transformed respiration rates to uLO2 using assumed RQ 0.9 following Ross methods.
NA,11,Ross1982,https://doi.org/10.1007/BF00393135,NA,NA,Euphausia pacifica,Adult,Unknown,NA,NA,NA,RespirationRate,1.602665344,NA,NA,Replicate,ugC/ind/day,NA,NA,8,NA,NA,NA,10.6441194,ug,Calculated,NA,NA,NA,Thalassiosira fluviatilus; Thalassiosira angsti,1200-2000,cells/ml,NA,Assimilation experiments,Puget Sound,47.74648,-122.437477,Figure3,Extracted data using ImageJ in log-log space from figure 3 and then back transformed the data,Calculated carbon weight using wide size range of euphausiids and linear regression techniques,Measured to the middle of each point. Collected x-axis data points first and then y-axis. Back-transformed respiration rates to uLO2 using assumed RQ 0.9 following Ross methods.
NA,12,Ross1982,https://doi.org/10.1007/BF00393135,NA,NA,Euphausia pacifica,Adult,Unknown,NA,NA,NA,RespirationRate,1.069080321,NA,NA,Replicate,ugC/ind/day,NA,NA,8,NA,NA,NA,12.7470092,ug,Calculated,NA,NA,NA,Thalassiosira fluviatilus; Thalassiosira angsti,1200-2000,cells/ml,NA,Assimilation experiments,Puget Sound,47.74648,-122.437477,Figure3,Extracted data using ImageJ in log-log space from figure 3 and then back transformed the data,Calculated carbon weight using wide size range of euphausiids and linear regression techniques,Measured to the middle of each point. Collected x-axis data points first and then y-axis. Back-transformed respiration rates to uLO2 using assumed RQ 0.9 following Ross methods.
NA,13,Ross1982,https://doi.org/10.1007/BF00393135,NA,NA,Euphausia pacifica,Adult,Unknown,NA,NA,NA,RespirationRate,1.939413317,NA,NA,Replicate,ugC/ind/day,NA,NA,8,NA,NA,NA,15.2280354,ug,Calculated,NA,NA,NA,Thalassiosira fluviatilus; Thalassiosira angsti,1200-2000,cells/ml,NA,Assimilation experiments,Puget Sound,47.74648,-122.437477,Figure3,Extracted data using ImageJ in log-log space from figure 3 and then back transformed the data,Calculated carbon weight using wide size range of euphausiids and linear regression techniques,Measured to the middle of each point. Collected x-axis data points first and then y-axis. Back-transformed respiration rates to uLO2 using assumed RQ 0.9 following Ross methods.
NA,14,Ross1982,https://doi.org/10.1007/BF00393135,NA,NA,Euphausia pacifica,Adult,Unknown,NA,NA,NA,RespirationRate,1.549303216,NA,NA,Replicate,ugC/ind/day,NA,NA,8,NA,NA,NA,23.8535743,ug,Calculated,NA,NA,NA,Thalassiosira fluviatilus; Thalassiosira angsti,1200-2000,cells/ml,NA,Assimilation experiments,Puget Sound,47.74648,-122.437477,Figure3,Extracted data using ImageJ in log-log space from figure 3 and then back transformed the data,Calculated carbon weight using wide size range of euphausiids and linear regression techniques,Measured to the middle of each point. Collected x-axis data points first and then y-axis. Back-transformed respiration rates to uLO2 using assumed RQ 0.9 following Ross methods.
NA,15,Ross1982,https://doi.org/10.1007/BF00393135,NA,NA,Euphausia pacifica,Adult,Unknown,NA,NA,NA,RespirationRate,1.958328463,NA,NA,Replicate,ugC/ind/day,NA,NA,8,NA,NA,NA,22.5179179,ug,Calculated,NA,NA,NA,Thalassiosira fluviatilus; Thalassiosira angsti,1200-2000,cells/ml,NA,Assimilation experiments,Puget Sound,47.74648,-122.437477,Figure3,Extracted data using ImageJ in log-log space from figure 3 and then back transformed the data,Calculated carbon weight using wide size range of euphausiids and linear regression techniques,Measured to the middle of each point. Collected x-axis data points first and then y-axis. Back-transformed respiration rates to uLO2 using assumed RQ 0.9 following Ross methods.
NA,16,Ross1982,https://doi.org/10.1007/BF00393135,NA,NA,Euphausia pacifica,Adult,Unknown,NA,NA,NA,RespirationRate,2.449802796,NA,NA,Replicate,ugC/ind/day,NA,NA,8,NA,NA,NA,18.9653738,ug,Calculated,NA,NA,NA,Thalassiosira fluviatilus; Thalassiosira angsti,1200-2000,cells/ml,NA,Assimilation experiments,Puget Sound,47.74648,-122.437477,Figure3,Extracted data using ImageJ in log-log space from figure 3 and then back transformed the data,Calculated carbon weight using wide size range of euphausiids and linear regression techniques,Measured to the middle of each point. Collected x-axis data points first and then y-axis. Back-transformed respiration rates to uLO2 using assumed RQ 0.9 following Ross methods.
NA,17,Ross1982,https://doi.org/10.1007/BF00393135,NA,NA,Euphausia pacifica,Adult,Unknown,NA,NA,NA,RespirationRate,3.096444337,NA,NA,Replicate,ugC/ind/day,NA,NA,8,NA,NA,NA,18.1976438,ug,Calculated,NA,NA,NA,Thalassiosira fluviatilus; Thalassiosira angsti,1200-2000,cells/ml,NA,Assimilation experiments,Puget Sound,47.74648,-122.437477,Figure3,Extracted data using ImageJ in log-log space from figure 3 and then back transformed the data,Calculated carbon weight using wide size range of euphausiids and linear regression techniques,Measured to the middle of each point. Collected x-axis data points first and then y-axis. Back-transformed respiration rates to uLO2 using assumed RQ 0.9 following Ross methods.
NA,18,Ross1982,https://doi.org/10.1007/BF00393135,NA,NA,Euphausia pacifica,Adult,Unknown,NA,NA,NA,RespirationRate,2.998669788,NA,NA,Replicate,ugC/ind/day,NA,NA,8,NA,NA,NA,19.4251789,ug,Calculated,NA,NA,NA,Thalassiosira fluviatilus; Thalassiosira angsti,1200-2000,cells/ml,NA,Assimilation experiments,Puget Sound,47.74648,-122.437477,Figure3,Extracted data using ImageJ in log-log space from figure 3 and then back transformed the data,Calculated carbon weight using wide size range of euphausiids and linear regression techniques,Measured to the middle of each point. Collected x-axis data points first and then y-axis. Back-transformed respiration rates to uLO2 using assumed RQ 0.9 following Ross methods.
NA,19,Ross1982,https://doi.org/10.1007/BF00393135,NA,NA,Euphausia pacifica,Adult,Unknown,NA,NA,NA,RespirationRate,2.96646025,NA,NA,Replicate,ugC/ind/day,NA,NA,8,NA,NA,NA,20.7344385,ug,Calculated,NA,NA,NA,Thalassiosira fluviatilus; Thalassiosira angsti,1200-2000,cells/ml,NA,Assimilation experiments,Puget Sound,47.74648,-122.437477,Figure3,Extracted data using ImageJ in log-log space from figure 3 and then back transformed the data,Calculated carbon weight using wide size range of euphausiids and linear regression techniques,Measured to the middle of each point. Collected x-axis data points first and then y-axis. Back-transformed respiration rates to uLO2 using assumed RQ 0.9 following Ross methods.
NA,20,Ross1982,https://doi.org/10.1007/BF00393135,NA,NA,Euphausia pacifica,Adult,Unknown,NA,NA,NA,RespirationRate,3.789300272,NA,NA,Replicate,ugC/ind/day,NA,NA,8,NA,NA,NA,20.553827,ug,Calculated,NA,NA,NA,Thalassiosira fluviatilus; Thalassiosira angsti,1200-2000,cells/ml,NA,Assimilation experiments,Puget Sound,47.74648,-122.437477,Figure3,Extracted data using ImageJ in log-log space from figure 3 and then back transformed the data,Calculated carbon weight using wide size range of euphausiids and linear regression techniques,Measured to the middle of each point. Collected x-axis data points first and then y-axis. Back-transformed respiration rates to uLO2 using assumed RQ 0.9 following Ross methods.
NA,21,Ross1982,https://doi.org/10.1007/BF00393135,NA,NA,Euphausia pacifica,Adult,Unknown,NA,NA,NA,RespirationRate,3.229474133,NA,NA,Replicate,ugC/ind/day,NA,NA,8,NA,NA,NA,22.4903774,ug,Calculated,NA,NA,NA,Thalassiosira fluviatilus; Thalassiosira angsti,1200-2000,cells/ml,NA,Assimilation experiments,Puget Sound,47.74648,-122.437477,Figure3,Extracted data using ImageJ in log-log space from figure 3 and then back transformed the data,Calculated carbon weight using wide size range of euphausiids and linear regression techniques,Measured to the middle of each point. Collected x-axis data points first and then y-axis. Back-transformed respiration rates to uLO2 using assumed RQ 0.9 following Ross methods.
NA,22,Ross1982,https://doi.org/10.1007/BF00393135,NA,NA,Euphausia pacifica,Adult,Unknown,NA,NA,NA,RespirationRate,2.448750509,NA,NA,Replicate,ugC/ind/day,NA,NA,8,NA,NA,NA,22.6897782,ug,Calculated,NA,NA,NA,Thalassiosira fluviatilus; Thalassiosira angsti,1200-2000,cells/ml,NA,Assimilation experiments,Puget Sound,47.74648,-122.437477,Figure3,Extracted data using ImageJ in log-log space from figure 3 and then back transformed the data,Calculated carbon weight using wide size range of euphausiids and linear regression techniques,Measured to the middle of each point. Collected x-axis data points first and then y-axis. Back-transformed respiration rates to uLO2 using assumed RQ 0.9 following Ross methods.
NA,23,Ross1982,https://doi.org/10.1007/BF00393135,NA,NA,Euphausia pacifica,Adult,Unknown,NA,NA,NA,RespirationRate,2.396240437,NA,NA,Replicate,ugC/ind/day,NA,NA,8,NA,NA,NA,26.7080836,ug,Calculated,NA,NA,NA,Thalassiosira fluviatilus; Thalassiosira angsti,1200-2000,cells/ml,NA,Assimilation experiments,Puget Sound,47.74648,-122.437477,Figure3,Extracted data using ImageJ in log-log space from figure 3 and then back transformed the data,Calculated carbon weight using wide size range of euphausiids and linear regression techniques,Measured to the middle of each point. Collected x-axis data points first and then y-axis. Back-transformed respiration rates to uLO2 using assumed RQ 0.9 following Ross methods.
NA,24,Ross1982,https://doi.org/10.1007/BF00393135,NA,NA,Euphausia pacifica,Adult,Unknown,NA,NA,NA,RespirationRate,2.527705716,NA,NA,Replicate,ugC/ind/day,NA,NA,8,NA,NA,NA,24.6145134,ug,Calculated,NA,NA,NA,Thalassiosira fluviatilus; Thalassiosira angsti,1200-2000,cells/ml,NA,Assimilation experiments,Puget Sound,47.74648,-122.437477,Figure3,Extracted data using ImageJ in log-log space from figure 3 and then back transformed the data,Calculated carbon weight using wide size range of euphausiids and linear regression techniques,Measured to the middle of each point. Collected x-axis data points first and then y-axis. Back-transformed respiration rates to uLO2 using assumed RQ 0.9 following Ross methods.
NA,25,Ross1982,https://doi.org/10.1007/BF00393135,NA,NA,Euphausia pacifica,Adult,Unknown,NA,NA,NA,RespirationRate,3.228149988,NA,NA,Replicate,ugC/ind/day,NA,NA,8,NA,NA,NA,26.6886185,ug,Calculated,NA,NA,NA,Thalassiosira fluviatilus; Thalassiosira angsti,1200-2000,cells/ml,NA,Assimilation experiments,Puget Sound,47.74648,-122.437477,Figure3,Extracted data using ImageJ in log-log space from figure 3 and then back transformed the data,Calculated carbon weight using wide size range of euphausiids and linear regression techniques,Measured to the middle of each point. Collected x-axis data points first and then y-axis. Back-transformed respiration rates to uLO2 using assumed RQ 0.9 following Ross methods.
NA,26,Ross1982,https://doi.org/10.1007/BF00393135,NA,NA,Euphausia pacifica,Adult,Unknown,NA,NA,NA,RespirationRate,2.420319912,NA,NA,Replicate,ugC/ind/day,NA,NA,8,NA,NA,NA,34.9489945,ug,Calculated,NA,NA,NA,Thalassiosira fluviatilus; Thalassiosira angsti,1200-2000,cells/ml,NA,Assimilation experiments,Puget Sound,47.74648,-122.437477,Figure3,Extracted data using ImageJ in log-log space from figure 3 and then back transformed the data,Calculated carbon weight using wide size range of euphausiids and linear regression techniques,Measured to the middle of each point. Collected x-axis data points first and then y-axis. Back-transformed respiration rates to uLO2 using assumed RQ 0.9 following Ross methods.
NA,27,Ross1982,https://doi.org/10.1007/BF00393135,NA,NA,Euphausia pacifica,Adult,Unknown,NA,NA,NA,RespirationRate,1.333237168,NA,NA,Replicate,ugC/ind/day,NA,NA,8,NA,NA,NA,39.2302296,ug,Calculated,NA,NA,NA,Thalassiosira fluviatilus; Thalassiosira angsti,1200-2000,cells/ml,NA,Assimilation experiments,Puget Sound,47.74648,-122.437477,Figure3,Extracted data using ImageJ in log-log space from figure 3 and then back transformed the data,Calculated carbon weight using wide size range of euphausiids and linear regression techniques,Measured to the middle of each point. Collected x-axis data points first and then y-axis. Back-transformed respiration rates to uLO2 using assumed RQ 0.9 following Ross methods.
NA,28,Ross1982,https://doi.org/10.1007/BF00393135,NA,NA,Euphausia pacifica,Adult,Unknown,NA,NA,NA,RespirationRate,2.961135369,NA,NA,Replicate,ugC/ind/day,NA,NA,8,NA,NA,NA,43.8859628,ug,Calculated,NA,NA,NA,Thalassiosira fluviatilus; Thalassiosira angsti,1200-2000,cells/ml,NA,Assimilation experiments,Puget Sound,47.74648,-122.437477,Figure3,Extracted data using ImageJ in log-log space from figure 3 and then back transformed the data,Calculated carbon weight using wide size range of euphausiids and linear regression techniques,Measured to the middle of each point. Collected x-axis data points first and then y-axis. Back-transformed respiration rates to uLO2 using assumed RQ 0.9 following Ross methods.
NA,29,Ross1982,https://doi.org/10.1007/BF00393135,NA,NA,Euphausia pacifica,Adult,Unknown,NA,NA,NA,RespirationRate,3.4742417,NA,NA,Replicate,ugC/ind/day,NA,NA,8,NA,NA,NA,41.0998335,ug,Calculated,NA,NA,NA,Thalassiosira fluviatilus; Thalassiosira angsti,1200-2000,cells/ml,NA,Assimilation experiments,Puget Sound,47.74648,-122.437477,Figure3,Extracted data using ImageJ in log-log space from figure 3 and then back transformed the data,Calculated carbon weight using wide size range of euphausiids and linear regression techniques,Measured to the middle of each point. Collected x-axis data points first and then y-axis. Back-transformed respiration rates to uLO2 using assumed RQ 0.9 following Ross methods.
NA,30,Ross1982,https://doi.org/10.1007/BF00393135,NA,NA,Euphausia pacifica,Adult,Unknown,NA,NA,NA,RespirationRate,4.782034173,NA,NA,Replicate,ugC/ind/day,NA,NA,8,NA,NA,NA,37.8534863,ug,Calculated,NA,NA,NA,Thalassiosira fluviatilus; Thalassiosira angsti,1200-2000,cells/ml,NA,Assimilation experiments,Puget Sound,47.74648,-122.437477,Figure3,Extracted data using ImageJ in log-log space from figure 3 and then back transformed the data,Calculated carbon weight using wide size range of euphausiids and linear regression techniques,Measured to the middle of each point. Collected x-axis data points first and then y-axis. Back-transformed respiration rates to uLO2 using assumed RQ 0.9 following Ross methods.
NA,31,Ross1982,https://doi.org/10.1007/BF00393135,NA,NA,Euphausia pacifica,Adult,Unknown,NA,NA,NA,RespirationRate,5.264192507,NA,NA,Replicate,ugC/ind/day,NA,NA,8,NA,NA,NA,33.7637914,ug,Calculated,NA,NA,NA,Thalassiosira fluviatilus; Thalassiosira angsti,1200-2000,cells/ml,NA,Assimilation experiments,Puget Sound,47.74648,-122.437477,Figure3,Extracted data using ImageJ in log-log space from figure 3 and then back transformed the data,Calculated carbon weight using wide size range of euphausiids and linear regression techniques,Measured to the middle of each point. Collected x-axis data points first and then y-axis. Back-transformed respiration rates to uLO2 using assumed RQ 0.9 following Ross methods.
NA,32,Ross1982,https://doi.org/10.1007/BF00393135,NA,NA,Euphausia pacifica,Adult,Unknown,NA,NA,NA,RespirationRate,3.510044848,NA,NA,Replicate,ugC/ind/day,NA,NA,8,NA,NA,NA,48.3747366,ug,Calculated,NA,NA,NA,Thalassiosira fluviatilus; Thalassiosira angsti,1200-2000,cells/ml,NA,Assimilation experiments,Puget Sound,47.74648,-122.437477,Figure3,Extracted data using ImageJ in log-log space from figure 3 and then back transformed the data,Calculated carbon weight using wide size range of euphausiids and linear regression techniques,Measured to the middle of each point. Collected x-axis data points first and then y-axis. Back-transformed respiration rates to uLO2 using assumed RQ 0.9 following Ross methods.
NA,33,Ross1982,https://doi.org/10.1007/BF00393135,NA,NA,Euphausia pacifica,Adult,Unknown,NA,NA,NA,RespirationRate,4.339035431,NA,NA,Replicate,ugC/ind/day,NA,NA,8,NA,NA,NA,68.642113,ug,Calculated,NA,NA,NA,Thalassiosira fluviatilus; Thalassiosira angsti,1200-2000,cells/ml,NA,Assimilation experiments,Puget Sound,47.74648,-122.437477,Figure3,Extracted data using ImageJ in log-log space from figure 3 and then back transformed the data,Calculated carbon weight using wide size range of euphausiids and linear regression techniques,Measured to the middle of each point. Collected x-axis data points first and then y-axis. Back-transformed respiration rates to uLO2 using assumed RQ 0.9 following Ross methods.
NA,34,Ross1982,https://doi.org/10.1007/BF00393135,NA,NA,Euphausia pacifica,Adult,Unknown,NA,NA,NA,RespirationRate,4.829050678,NA,NA,Replicate,ugC/ind/day,NA,NA,8,NA,NA,NA,54.1791598,ug,Calculated,NA,NA,NA,Thalassiosira fluviatilus; Thalassiosira angsti,1200-2000,cells/ml,NA,Assimilation experiments,Puget Sound,47.74648,-122.437477,Figure3,Extracted data using ImageJ in log-log space from figure 3 and then back transformed the data,Calculated carbon weight using wide size range of euphausiids and linear regression techniques,Measured to the middle of each point. Collected x-axis data points first and then y-axis. Back-transformed respiration rates to uLO2 using assumed RQ 0.9 following Ross methods.
NA,35,Ross1982,https://doi.org/10.1007/BF00393135,NA,NA,Euphausia pacifica,Adult,Unknown,NA,NA,NA,RespirationRate,6.436567574,NA,NA,Replicate,ugC/ind/day,NA,NA,8,NA,NA,NA,54.5841353,ug,Calculated,NA,NA,NA,Thalassiosira fluviatilus; Thalassiosira angsti,1200-2000,cells/ml,NA,Assimilation experiments,Puget Sound,47.74648,-122.437477,Figure3,Extracted data using ImageJ in log-log space from figure 3 and then back transformed the data,Calculated carbon weight using wide size range of euphausiids and linear regression techniques,Measured to the middle of each point. Collected x-axis data points first and then y-axis. Back-transformed respiration rates to uLO2 using assumed RQ 0.9 following Ross methods.
NA,36,Ross1982,https://doi.org/10.1007/BF00393135,NA,NA,Euphausia pacifica,Adult,Unknown,NA,NA,NA,RespirationRate,8.308301911,NA,NA,Replicate,ugC/ind/day,NA,NA,8,NA,NA,NA,58.7016722,ug,Calculated,NA,NA,NA,Thalassiosira fluviatilus; Thalassiosira angsti,1200-2000,cells/ml,NA,Assimilation experiments,Puget Sound,47.74648,-122.437477,Figure3,Extracted data using ImageJ in log-log space from figure 3 and then back transformed the data,Calculated carbon weight using wide size range of euphausiids and linear regression techniques,Measured to the middle of each point. Collected x-axis data points first and then y-axis. Back-transformed respiration rates to uLO2 using assumed RQ 0.9 following Ross methods.
NA,37,Ross1982,https://doi.org/10.1007/BF00393135,NA,NA,Euphausia pacifica,Adult,Unknown,NA,NA,NA,RespirationRate,7.390535004,NA,NA,Replicate,ugC/ind/day,NA,NA,8,NA,NA,NA,58.2418781,ug,Calculated,NA,NA,NA,Thalassiosira fluviatilus; Thalassiosira angsti,1200-2000,cells/ml,NA,Assimilation experiments,Puget Sound,47.74648,-122.437477,Figure3,Extracted data using ImageJ in log-log space from figure 3 and then back transformed the data,Calculated carbon weight using wide size range of euphausiids and linear regression techniques,Measured to the middle of each point. Collected x-axis data points first and then y-axis. Back-transformed respiration rates to uLO2 using assumed RQ 0.9 following Ross methods.
NA,38,Ross1982,https://doi.org/10.1007/BF00393135,NA,NA,Euphausia pacifica,Adult,Unknown,NA,NA,NA,RespirationRate,7.233043887,NA,NA,Replicate,ugC/ind/day,NA,NA,8,NA,NA,NA,64.7547149,ug,Calculated,NA,NA,NA,Thalassiosira fluviatilus; Thalassiosira angsti,1200-2000,cells/ml,NA,Assimilation experiments,Puget Sound,47.74648,-122.437477,Figure3,Extracted data using ImageJ in log-log space from figure 3 and then back transformed the data,Calculated carbon weight using wide size range of euphausiids and linear regression techniques,Measured to the middle of each point. Collected x-axis data points first and then y-axis. Back-transformed respiration rates to uLO2 using assumed RQ 0.9 following Ross methods.
NA,39,Ross1982,https://doi.org/10.1007/BF00393135,NA,NA,Euphausia pacifica,Adult,Unknown,NA,NA,NA,RespirationRate,6.163962171,NA,NA,Replicate,ugC/ind/day,NA,NA,8,NA,NA,NA,73.2037643,ug,Calculated,NA,NA,NA,Thalassiosira fluviatilus; Thalassiosira angsti,1200-2000,cells/ml,NA,Assimilation experiments,Puget Sound,47.74648,-122.437477,Figure3,Extracted data using ImageJ in log-log space from figure 3 and then back transformed the data,Calculated carbon weight using wide size range of euphausiids and linear regression techniques,Measured to the middle of each point. Collected x-axis data points first and then y-axis. Back-transformed respiration rates to uLO2 using assumed RQ 0.9 following Ross methods.
NA,40,Ross1982,https://doi.org/10.1007/BF00393135,NA,NA,Euphausia pacifica,Adult,Unknown,NA,NA,NA,RespirationRate,5.197691426,NA,NA,Replicate,ugC/ind/day,NA,NA,8,NA,NA,NA,80.1029977,ug,Calculated,NA,NA,NA,Thalassiosira fluviatilus; Thalassiosira angsti,1200-2000,cells/ml,NA,Assimilation experiments,Puget Sound,47.74648,-122.437477,Figure3,Extracted data using ImageJ in log-log space from figure 3 and then back transformed the data,Calculated carbon weight using wide size range of euphausiids and linear regression techniques,Measured to the middle of each point. Collected x-axis data points first and then y-axis. Back-transformed respiration rates to uLO2 using assumed RQ 0.9 following Ross methods.
NA,41,Ross1982,https://doi.org/10.1007/BF00393135,NA,NA,Euphausia pacifica,Adult,Unknown,NA,NA,NA,RespirationRate,5.658089921,NA,NA,Replicate,ugC/ind/day,NA,NA,8,NA,NA,NA,89.7658616,ug,Calculated,NA,NA,NA,Thalassiosira fluviatilus; Thalassiosira angsti,1200-2000,cells/ml,NA,Assimilation experiments,Puget Sound,47.74648,-122.437477,Figure3,Extracted data using ImageJ in log-log space from figure 3 and then back transformed the data,Calculated carbon weight using wide size range of euphausiids and linear regression techniques,Measured to the middle of each point. Collected x-axis data points first and then y-axis. Back-transformed respiration rates to uLO2 using assumed RQ 0.9 following Ross methods.
NA,42,Ross1982,https://doi.org/10.1007/BF00393135,NA,NA,Euphausia pacifica,Adult,Unknown,NA,NA,NA,RespirationRate,6.782144237,NA,NA,Replicate,ugC/ind/day,NA,NA,8,NA,NA,NA,80.050871,ug,Calculated,NA,NA,NA,Thalassiosira fluviatilus; Thalassiosira angsti,1200-2000,cells/ml,NA,Assimilation experiments,Puget Sound,47.74648,-122.437477,Figure3,Extracted data using ImageJ in log-log space from figure 3 and then back transformed the data,Calculated carbon weight using wide size range of euphausiids and linear regression techniques,Measured to the middle of each point. Collected x-axis data points first and then y-axis. Back-transformed respiration rates to uLO2 using assumed RQ 0.9 following Ross methods.
NA,43,Ross1982,https://doi.org/10.1007/BF00393135,NA,NA,Euphausia pacifica,Adult,Unknown,NA,NA,NA,RespirationRate,7.625551578,NA,NA,Replicate,ugC/ind/day,NA,NA,8,NA,NA,NA,75.5901523,ug,Calculated,NA,NA,NA,Thalassiosira fluviatilus; Thalassiosira angsti,1200-2000,cells/ml,NA,Assimilation experiments,Puget Sound,47.74648,-122.437477,Figure3,Extracted data using ImageJ in log-log space from figure 3 and then back transformed the data,Calculated carbon weight using wide size range of euphausiids and linear regression techniques,Measured to the middle of each point. Collected x-axis data points first and then y-axis. Back-transformed respiration rates to uLO2 using assumed RQ 0.9 following Ross methods.
NA,44,Ross1982,https://doi.org/10.1007/BF00393135,NA,NA,Euphausia pacifica,Adult,Unknown,NA,NA,NA,RespirationRate,9.843615541,NA,NA,Replicate,ugC/ind/day,NA,NA,8,NA,NA,NA,79.3287807,ug,Calculated,NA,NA,NA,Thalassiosira fluviatilus; Thalassiosira angsti,1200-2000,cells/ml,NA,Assimilation experiments,Puget Sound,47.74648,-122.437477,Figure3,Extracted data using ImageJ in log-log space from figure 3 and then back transformed the data,Calculated carbon weight using wide size range of euphausiids and linear regression techniques,Measured to the middle of each point. Collected x-axis data points first and then y-axis. Back-transformed respiration rates to uLO2 using assumed RQ 0.9 following Ross methods.
NA,45,Ross1982,https://doi.org/10.1007/BF00393135,NA,NA,Euphausia pacifica,Adult,Unknown,NA,NA,NA,RespirationRate,8.567649655,NA,NA,Replicate,ugC/ind/day,NA,NA,8,NA,NA,NA,96.4996231,ug,Calculated,NA,NA,NA,Thalassiosira fluviatilus; Thalassiosira angsti,1200-2000,cells/ml,NA,Assimilation experiments,Puget Sound,47.74648,-122.437477,Figure3,Extracted data using ImageJ in log-log space from figure 3 and then back transformed the data,Calculated carbon weight using wide size range of euphausiids and linear regression techniques,Measured to the middle of each point. Collected x-axis data points first and then y-axis. Back-transformed respiration rates to uLO2 using assumed RQ 0.9 following Ross methods.
NA,46,Ross1982,https://doi.org/10.1007/BF00393135,NA,NA,Euphausia pacifica,Adult,Unknown,NA,NA,NA,RespirationRate,7.301591402,NA,NA,Replicate,ugC/ind/day,NA,NA,8,NA,NA,NA,107.326916,ug,Calculated,NA,NA,NA,Thalassiosira fluviatilus; Thalassiosira angsti,1200-2000,cells/ml,NA,Assimilation experiments,Puget Sound,47.74648,-122.437477,Figure3,Extracted data using ImageJ in log-log space from figure 3 and then back transformed the data,Calculated carbon weight using wide size range of euphausiids and linear regression techniques,Measured to the middle of each point. Collected x-axis data points first and then y-axis. Back-transformed respiration rates to uLO2 using assumed RQ 0.9 following Ross methods.
NA,47,Ross1982,https://doi.org/10.1007/BF00393135,NA,NA,Euphausia pacifica,Adult,Unknown,NA,NA,NA,RespirationRate,6.358359711,NA,NA,Replicate,ugC/ind/day,NA,NA,8,NA,NA,NA,105.62742,ug,Calculated,NA,NA,NA,Thalassiosira fluviatilus; Thalassiosira angsti,1200-2000,cells/ml,NA,Assimilation experiments,Puget Sound,47.74648,-122.437477,Figure3,Extracted data using ImageJ in log-log space from figure 3 and then back transformed the data,Calculated carbon weight using wide size range of euphausiids and linear regression techniques,Measured to the middle of each point. Collected x-axis data points first and then y-axis. Back-transformed respiration rates to uLO2 using assumed RQ 0.9 following Ross methods.
NA,48,Ross1982,https://doi.org/10.1007/BF00393135,NA,NA,Euphausia pacifica,Adult,Unknown,NA,NA,NA,RespirationRate,10.71072645,NA,NA,Replicate,ugC/ind/day,NA,NA,8,NA,NA,NA,107.226357,ug,Calculated,NA,NA,NA,Thalassiosira fluviatilus; Thalassiosira angsti,1200-2000,cells/ml,NA,Assimilation experiments,Puget Sound,47.74648,-122.437477,Figure3,Extracted data using ImageJ in log-log space from figure 3 and then back transformed the data,Calculated carbon weight using wide size range of euphausiids and linear regression techniques,Measured to the middle of each point. Collected x-axis data points first and then y-axis. Back-transformed respiration rates to uLO2 using assumed RQ 0.9 following Ross methods.
NA,49,Ross1982,https://doi.org/10.1007/BF00393135,NA,NA,Euphausia pacifica,Adult,Unknown,NA,NA,NA,RespirationRate,12.16916046,NA,NA,Replicate,ugC/ind/day,NA,NA,8,NA,NA,NA,109.846021,ug,Calculated,NA,NA,NA,Thalassiosira fluviatilus; Thalassiosira angsti,1200-2000,cells/ml,NA,Assimilation experiments,Puget Sound,47.74648,-122.437477,Figure3,Extracted data using ImageJ in log-log space from figure 3 and then back transformed the data,Calculated carbon weight using wide size range of euphausiids and linear regression techniques,Measured to the middle of each point. Collected x-axis data points first and then y-axis. Back-transformed respiration rates to uLO2 using assumed RQ 0.9 following Ross methods.
NA,50,Ross1982,https://doi.org/10.1007/BF00393135,NA,NA,Euphausia pacifica,Adult,Unknown,NA,NA,NA,RespirationRate,8.562130032,NA,NA,Replicate,ugC/ind/day,NA,NA,8,NA,NA,NA,126.278346,ug,Calculated,NA,NA,NA,Thalassiosira fluviatilus; Thalassiosira angsti,1200-2000,cells/ml,NA,Assimilation experiments,Puget Sound,47.74648,-122.437477,Figure3,Extracted data using ImageJ in log-log space from figure 3 and then back transformed the data,Calculated carbon weight using wide size range of euphausiids and linear regression techniques,Measured to the middle of each point. Collected x-axis data points first and then y-axis. Back-transformed respiration rates to uLO2 using assumed RQ 0.9 following Ross methods.
NA,51,Ross1982,https://doi.org/10.1007/BF00393135,NA,NA,Euphausia pacifica,Adult,Unknown,NA,NA,NA,RespirationRate,10.70445328,NA,NA,Replicate,ugC/ind/day,NA,NA,8,NA,NA,NA,136.926132,ug,Calculated,NA,NA,NA,Thalassiosira fluviatilus; Thalassiosira angsti,1200-2000,cells/ml,NA,Assimilation experiments,Puget Sound,47.74648,-122.437477,Figure3,Extracted data using ImageJ in log-log space from figure 3 and then back transformed the data,Calculated carbon weight using wide size range of euphausiids and linear regression techniques,Measured to the middle of each point. Collected x-axis data points first and then y-axis. Back-transformed respiration rates to uLO2 using assumed RQ 0.9 following Ross methods.
NA,52,Ross1982,https://doi.org/10.1007/BF00393135,NA,NA,Euphausia pacifica,Adult,Unknown,NA,NA,NA,RespirationRate,6.991940344,NA,NA,Replicate,ugC/ind/day,NA,NA,8,NA,NA,NA,147.500709,ug,Calculated,NA,NA,NA,Thalassiosira fluviatilus; Thalassiosira angsti,1200-2000,cells/ml,NA,Assimilation experiments,Puget Sound,47.74648,-122.437477,Figure3,Extracted data using ImageJ in log-log space from figure 3 and then back transformed the data,Calculated carbon weight using wide size range of euphausiids and linear regression techniques,Measured to the middle of each point. Collected x-axis data points first and then y-axis. Back-transformed respiration rates to uLO2 using assumed RQ 0.9 following Ross methods.
NA,53,Ross1982,https://doi.org/10.1007/BF00393135,NA,NA,Euphausia pacifica,Adult,Unknown,NA,NA,NA,RespirationRate,6.770895618,NA,NA,Replicate,ugC/ind/day,NA,NA,8,NA,NA,NA,160.037943,ug,Calculated,NA,NA,NA,Thalassiosira fluviatilus; Thalassiosira angsti,1200-2000,cells/ml,NA,Assimilation experiments,Puget Sound,47.74648,-122.437477,Figure3,Extracted data using ImageJ in log-log space from figure 3 and then back transformed the data,Calculated carbon weight using wide size range of euphausiids and linear regression techniques,Measured to the middle of each point. Collected x-axis data points first and then y-axis. Back-transformed respiration rates to uLO2 using assumed RQ 0.9 following Ross methods.
NA,54,Ross1982,https://doi.org/10.1007/BF00393135,NA,NA,Euphausia pacifica,Adult,Unknown,NA,NA,NA,RespirationRate,8.199981914,NA,NA,Replicate,ugC/ind/day,NA,NA,8,NA,NA,NA,165.263667,ug,Calculated,NA,NA,NA,Thalassiosira fluviatilus; Thalassiosira angsti,1200-2000,cells/ml,NA,Assimilation experiments,Puget Sound,47.74648,-122.437477,Figure3,Extracted data using ImageJ in log-log space from figure 3 and then back transformed the data,Calculated carbon weight using wide size range of euphausiids and linear regression techniques,Measured to the middle of each point. Collected x-axis data points first and then y-axis. Back-transformed respiration rates to uLO2 using assumed RQ 0.9 following Ross methods.
NA,55,Ross1982,https://doi.org/10.1007/BF00393135,NA,NA,Euphausia pacifica,Adult,Unknown,NA,NA,NA,RespirationRate,7.529073069,NA,NA,Replicate,ugC/ind/day,NA,NA,8,NA,NA,NA,180.801602,ug,Calculated,NA,NA,NA,Thalassiosira fluviatilus; Thalassiosira angsti,1200-2000,cells/ml,NA,Assimilation experiments,Puget Sound,47.74648,-122.437477,Figure3,Extracted data using ImageJ in log-log space from figure 3 and then back transformed the data,Calculated carbon weight using wide size range of euphausiids and linear regression techniques,Measured to the middle of each point. Collected x-axis data points first and then y-axis. Back-transformed respiration rates to uLO2 using assumed RQ 0.9 following Ross methods.
NA,56,Ross1982,https://doi.org/10.1007/BF00393135,NA,NA,Euphausia pacifica,Adult,Unknown,NA,NA,NA,RespirationRate,4.516532368,NA,NA,Replicate,ugC/ind/day,NA,NA,8,NA,NA,NA,193.223976,ug,Calculated,NA,NA,NA,Thalassiosira fluviatilus; Thalassiosira angsti,1200-2000,cells/ml,NA,Assimilation experiments,Puget Sound,47.74648,-122.437477,Figure3,Extracted data using ImageJ in log-log space from figure 3 and then back transformed the data,Calculated carbon weight using wide size range of euphausiids and linear regression techniques,Measured to the middle of each point. Collected x-axis data points first and then y-axis. Back-transformed respiration rates to uLO2 using assumed RQ 0.9 following Ross methods.
NA,57,Ross1982,https://doi.org/10.1007/BF00393135,NA,NA,Euphausia pacifica,Adult,Unknown,NA,NA,NA,RespirationRate,9.931277429,NA,NA,Replicate,ugC/ind/day,NA,NA,8,NA,NA,NA,166.537994,ug,Calculated,NA,NA,NA,Thalassiosira fluviatilus; Thalassiosira angsti,1200-2000,cells/ml,NA,Assimilation experiments,Puget Sound,47.74648,-122.437477,Figure3,Extracted data using ImageJ in log-log space from figure 3 and then back transformed the data,Calculated carbon weight using wide size range of euphausiids and linear regression techniques,Measured to the middle of each point. Collected x-axis data points first and then y-axis. Back-transformed respiration rates to uLO2 using assumed RQ 0.9 following Ross methods.
NA,58,Ross1982,https://doi.org/10.1007/BF00393135,NA,NA,Euphausia pacifica,Adult,Unknown,NA,NA,NA,RespirationRate,9.120854044,NA,NA,Replicate,ugC/ind/day,NA,NA,8,NA,NA,NA,165.220641,ug,Calculated,NA,NA,NA,Thalassiosira fluviatilus; Thalassiosira angsti,1200-2000,cells/ml,NA,Assimilation experiments,Puget Sound,47.74648,-122.437477,Figure3,Extracted data using ImageJ in log-log space from figure 3 and then back transformed the data,Calculated carbon weight using wide size range of euphausiids and linear regression techniques,Measured to the middle of each point. Collected x-axis data points first and then y-axis. Back-transformed respiration rates to uLO2 using assumed RQ 0.9 following Ross methods.
NA,59,Ross1982,https://doi.org/10.1007/BF00393135,NA,NA,Euphausia pacifica,Adult,Unknown,NA,NA,NA,RespirationRate,9.313264191,NA,NA,Replicate,ugC/ind/day,NA,NA,8,NA,NA,NA,196.051892,ug,Calculated,NA,NA,NA,Thalassiosira fluviatilus; Thalassiosira angsti,1200-2000,cells/ml,NA,Assimilation experiments,Puget Sound,47.74648,-122.437477,Figure3,Extracted data using ImageJ in log-log space from figure 3 and then back transformed the data,Calculated carbon weight using wide size range of euphausiids and linear regression techniques,Measured to the middle of each point. Collected x-axis data points first and then y-axis. Back-transformed respiration rates to uLO2 using assumed RQ 0.9 following Ross methods.
NA,60,Ross1982,https://doi.org/10.1007/BF00393135,NA,NA,Euphausia pacifica,Adult,Unknown,NA,NA,NA,RespirationRate,10.81096512,NA,NA,Replicate,ugC/ind/day,NA,NA,8,NA,NA,NA,186.627554,ug,Calculated,NA,NA,NA,Thalassiosira fluviatilus; Thalassiosira angsti,1200-2000,cells/ml,NA,Assimilation experiments,Puget Sound,47.74648,-122.437477,Figure3,Extracted data using ImageJ in log-log space from figure 3 and then back transformed the data,Calculated carbon weight using wide size range of euphausiids and linear regression techniques,Measured to the middle of each point. Collected x-axis data points first and then y-axis. Back-transformed respiration rates to uLO2 using assumed RQ 0.9 following Ross methods.
NA,61,Ross1982,https://doi.org/10.1007/BF00393135,NA,NA,Euphausia pacifica,Adult,Unknown,NA,NA,NA,RespirationRate,14.87758022,NA,NA,Replicate,ugC/ind/day,NA,NA,8,NA,NA,NA,186.481827,ug,Calculated,NA,NA,NA,Thalassiosira fluviatilus; Thalassiosira angsti,1200-2000,cells/ml,NA,Assimilation experiments,Puget Sound,47.74648,-122.437477,Figure3,Extracted data using ImageJ in log-log space from figure 3 and then back transformed the data,Calculated carbon weight using wide size range of euphausiids and linear regression techniques,Measured to the middle of each point. Collected x-axis data points first and then y-axis. Back-transformed respiration rates to uLO2 using assumed RQ 0.9 following Ross methods.
NA,62,Ross1982,https://doi.org/10.1007/BF00393135,NA,NA,Euphausia pacifica,Adult,Unknown,NA,NA,NA,RespirationRate,7.768950247,NA,NA,Replicate,ugC/ind/day,NA,NA,8,NA,NA,NA,228.988485,ug,Calculated,NA,NA,NA,Thalassiosira fluviatilus; Thalassiosira angsti,1200-2000,cells/ml,NA,Assimilation experiments,Puget Sound,47.74648,-122.437477,Figure3,Extracted data using ImageJ in log-log space from figure 3 and then back transformed the data,Calculated carbon weight using wide size range of euphausiids and linear regression techniques,Measured to the middle of each point. Collected x-axis data points first and then y-axis. Back-transformed respiration rates to uLO2 using assumed RQ 0.9 following Ross methods.
NA,63,Ross1982,https://doi.org/10.1007/BF00393135,NA,NA,Euphausia pacifica,Adult,Unknown,NA,NA,NA,RespirationRate,12.02341145,NA,NA,Replicate,ugC/ind/day,NA,NA,8,NA,NA,NA,197.53276,ug,Calculated,NA,NA,NA,Thalassiosira fluviatilus; Thalassiosira angsti,1200-2000,cells/ml,NA,Assimilation experiments,Puget Sound,47.74648,-122.437477,Figure3,Extracted data using ImageJ in log-log space from figure 3 and then back transformed the data,Calculated carbon weight using wide size range of euphausiids and linear regression techniques,Measured to the middle of each point. Collected x-axis data points first and then y-axis. Back-transformed respiration rates to uLO2 using assumed RQ 0.9 following Ross methods.
NA,64,Ross1982,https://doi.org/10.1007/BF00393135,NA,NA,Euphausia pacifica,Adult,Unknown,NA,NA,NA,RespirationRate,11.64284595,NA,NA,Replicate,ugC/ind/day,NA,NA,8,NA,NA,NA,217.844686,ug,Calculated,NA,NA,NA,Thalassiosira fluviatilus; Thalassiosira angsti,1200-2000,cells/ml,NA,Assimilation experiments,Puget Sound,47.74648,-122.437477,Figure3,Extracted data using ImageJ in log-log space from figure 3 and then back transformed the data,Calculated carbon weight using wide size range of euphausiids and linear regression techniques,Measured to the middle of each point. Collected x-axis data points first and then y-axis. Back-transformed respiration rates to uLO2 using assumed RQ 0.9 following Ross methods.
NA,65,Ross1982,https://doi.org/10.1007/BF00393135,NA,NA,Euphausia pacifica,Adult,Unknown,NA,NA,NA,RespirationRate,12.40793257,NA,NA,Replicate,ugC/ind/day,NA,NA,8,NA,NA,NA,238.239377,ug,Calculated,NA,NA,NA,Thalassiosira fluviatilus; Thalassiosira angsti,1200-2000,cells/ml,NA,Assimilation experiments,Puget Sound,47.74648,-122.437477,Figure3,Extracted data using ImageJ in log-log space from figure 3 and then back transformed the data,Calculated carbon weight using wide size range of euphausiids and linear regression techniques,Measured to the middle of each point. Collected x-axis data points first and then y-axis. Back-transformed respiration rates to uLO2 using assumed RQ 0.9 following Ross methods.
NA,66,Ross1982,https://doi.org/10.1007/BF00393135,NA,NA,Euphausia pacifica,Adult,Unknown,NA,NA,NA,RespirationRate,13.36478447,NA,NA,Replicate,ugC/ind/day,NA,NA,8,NA,NA,NA,260.53664,ug,Calculated,NA,NA,NA,Thalassiosira fluviatilus; Thalassiosira angsti,1200-2000,cells/ml,NA,Assimilation experiments,Puget Sound,47.74648,-122.437477,Figure3,Extracted data using ImageJ in log-log space from figure 3 and then back transformed the data,Calculated carbon weight using wide size range of euphausiids and linear regression techniques,Measured to the middle of each point. Collected x-axis data points first and then y-axis. Back-transformed respiration rates to uLO2 using assumed RQ 0.9 following Ross methods.
NA,67,Ross1982,https://doi.org/10.1007/BF00393135,NA,NA,Euphausia pacifica,Adult,Unknown,NA,NA,NA,RespirationRate,13.07870594,NA,NA,Replicate,ugC/ind/day,NA,NA,8,NA,NA,NA,301.718749,ug,Calculated,NA,NA,NA,Thalassiosira fluviatilus; Thalassiosira angsti,1200-2000,cells/ml,NA,Assimilation experiments,Puget Sound,47.74648,-122.437477,Figure3,Extracted data using ImageJ in log-log space from figure 3 and then back transformed the data,Calculated carbon weight using wide size range of euphausiids and linear regression techniques,Measured to the middle of each point. Collected x-axis data points first and then y-axis. Back-transformed respiration rates to uLO2 using assumed RQ 0.9 following Ross methods.
NA,68,Ross1982,https://doi.org/10.1007/BF00393135,NA,NA,Euphausia pacifica,Adult,Unknown,NA,NA,NA,RespirationRate,15.34229085,NA,NA,Replicate,ugC/ind/day,NA,NA,8,NA,NA,NA,304.069015,ug,Calculated,NA,NA,NA,Thalassiosira fluviatilus; Thalassiosira angsti,1200-2000,cells/ml,NA,Assimilation experiments,Puget Sound,47.74648,-122.437477,Figure3,Extracted data using ImageJ in log-log space from figure 3 and then back transformed the data,Calculated carbon weight using wide size range of euphausiids and linear regression techniques,Measured to the middle of each point. Collected x-axis data points first and then y-axis. Back-transformed respiration rates to uLO2 using assumed RQ 0.9 following Ross methods.
NA,69,Ross1982,https://doi.org/10.1007/BF00393135,NA,NA,Euphausia pacifica,Adult,Unknown,NA,NA,NA,RespirationRate,16.87964636,NA,NA,Replicate,ugC/ind/day,NA,NA,8,NA,NA,NA,343.52851,ug,Calculated,NA,NA,NA,Thalassiosira fluviatilus; Thalassiosira angsti,1200-2000,cells/ml,NA,Assimilation experiments,Puget Sound,47.74648,-122.437477,Figure3,Extracted data using ImageJ in log-log space from figure 3 and then back transformed the data,Calculated carbon weight using wide size range of euphausiids and linear regression techniques,Measured to the middle of each point. Collected x-axis data points first and then y-axis. Back-transformed respiration rates to uLO2 using assumed RQ 0.9 following Ross methods.
NA,70,Ross1982,https://doi.org/10.1007/BF00393135,NA,NA,Euphausia pacifica,Adult,Unknown,NA,NA,NA,RespirationRate,14.23523887,NA,NA,Replicate,ugC/ind/day,NA,NA,8,NA,NA,NA,357.965509,ug,Calculated,NA,NA,NA,Thalassiosira fluviatilus; Thalassiosira angsti,1200-2000,cells/ml,NA,Assimilation experiments,Puget Sound,47.74648,-122.437477,Figure3,Extracted data using ImageJ in log-log space from figure 3 and then back transformed the data,Calculated carbon weight using wide size range of euphausiids and linear regression techniques,Measured to the middle of each point. Collected x-axis data points first and then y-axis. Back-transformed respiration rates to uLO2 using assumed RQ 0.9 following Ross methods.
NA,71,Ross1982,https://doi.org/10.1007/BF00393135,NA,NA,Euphausia pacifica,Adult,Unknown,NA,NA,NA,RespirationRate,13.78035805,NA,NA,Replicate,ugC/ind/day,NA,NA,8,NA,NA,NA,449.760085,ug,Calculated,NA,NA,NA,Thalassiosira fluviatilus; Thalassiosira angsti,1200-2000,cells/ml,NA,Assimilation experiments,Puget Sound,47.74648,-122.437477,Figure3,Extracted data using ImageJ in log-log space from figure 3 and then back transformed the data,Calculated carbon weight using wide size range of euphausiids and linear regression techniques,Measured to the middle of each point. Collected x-axis data points first and then y-axis. Back-transformed respiration rates to uLO2 using assumed RQ 0.9 following Ross methods.
NA,72,Ross1982,https://doi.org/10.1007/BF00393135,NA,NA,Euphausia pacifica,Adult,Unknown,NA,NA,NA,RespirationRate,14.84362585,NA,NA,Replicate,ugC/ind/day,NA,NA,8,NA,NA,NA,483.901746,ug,Calculated,NA,NA,NA,Thalassiosira fluviatilus; Thalassiosira angsti,1200-2000,cells/ml,NA,Assimilation experiments,Puget Sound,47.74648,-122.437477,Figure3,Extracted data using ImageJ in log-log space from figure 3 and then back transformed the data,Calculated carbon weight using wide size range of euphausiids and linear regression techniques,Measured to the middle of each point. Collected x-axis data points first and then y-axis. Back-transformed respiration rates to uLO2 using assumed RQ 0.9 following Ross methods.
NA,73,Ross1982,https://doi.org/10.1007/BF00393135,NA,NA,Euphausia pacifica,Adult,Unknown,NA,NA,NA,RespirationRate,20.44551099,NA,NA,Replicate,ugC/ind/day,NA,NA,8,NA,NA,NA,332.354272,ug,Calculated,NA,NA,NA,Thalassiosira fluviatilus; Thalassiosira angsti,1200-2000,cells/ml,NA,Assimilation experiments,Puget Sound,47.74648,-122.437477,Figure3,Extracted data using ImageJ in log-log space from figure 3 and then back transformed the data,Calculated carbon weight using wide size range of euphausiids and linear regression techniques,Measured to the middle of each point. Collected x-axis data points first and then y-axis. Back-transformed respiration rates to uLO2 using assumed RQ 0.9 following Ross methods.
NA,74,Ross1982,https://doi.org/10.1007/BF00393135,NA,NA,Euphausia pacifica,Adult,Unknown,NA,NA,NA,RespirationRate,22.01530997,NA,NA,Replicate,ugC/ind/day,NA,NA,8,NA,NA,NA,414.083968,ug,Calculated,NA,NA,NA,Thalassiosira fluviatilus; Thalassiosira angsti,1200-2000,cells/ml,NA,Assimilation experiments,Puget Sound,47.74648,-122.437477,Figure3,Extracted data using ImageJ in log-log space from figure 3 and then back transformed the data,Calculated carbon weight using wide size range of euphausiids and linear regression techniques,Measured to the middle of each point. Collected x-axis data points first and then y-axis. Back-transformed respiration rates to uLO2 using assumed RQ 0.9 following Ross methods.
NA,75,Ross1982,https://doi.org/10.1007/BF00393135,NA,NA,Euphausia pacifica,Adult,Unknown,NA,NA,NA,RespirationRate,23.72508903,NA,NA,Replicate,ugC/ind/day,NA,NA,8,NA,NA,NA,366.367436,ug,Calculated,NA,NA,NA,Thalassiosira fluviatilus; Thalassiosira angsti,1200-2000,cells/ml,NA,Assimilation experiments,Puget Sound,47.74648,-122.437477,Figure3,Extracted data using ImageJ in log-log space from figure 3 and then back transformed the data,Calculated carbon weight using wide size range of euphausiids and linear regression techniques,Measured to the middle of each point. Collected x-axis data points first and then y-axis. Back-transformed respiration rates to uLO2 using assumed RQ 0.9 following Ross methods.
NA,76,Ross1982,https://doi.org/10.1007/BF00393135,NA,NA,Euphausia pacifica,Adult,Unknown,NA,NA,NA,RespirationRate,26.67911754,NA,NA,Replicate,ugC/ind/day,NA,NA,8,NA,NA,NA,326.768039,ug,Calculated,NA,NA,NA,Thalassiosira fluviatilus; Thalassiosira angsti,1200-2000,cells/ml,NA,Assimilation experiments,Puget Sound,47.74648,-122.437477,Figure3,Extracted data using ImageJ in log-log space from figure 3 and then back transformed the data,Calculated carbon weight using wide size range of euphausiids and linear regression techniques,Measured to the middle of each point. Collected x-axis data points first and then y-axis. Back-transformed respiration rates to uLO2 using assumed RQ 0.9 following Ross methods.
NA,77,Ross1982,https://doi.org/10.1007/BF00393135,NA,NA,Euphausia pacifica,Adult,Unknown,NA,NA,NA,RespirationRate,29.68856045,NA,NA,Replicate,ugC/ind/day,NA,NA,8,NA,NA,NA,270.843334,ug,Calculated,NA,NA,NA,Thalassiosira fluviatilus; Thalassiosira angsti,1200-2000,cells/ml,NA,Assimilation experiments,Puget Sound,47.74648,-122.437477,Figure3,Extracted data using ImageJ in log-log space from figure 3 and then back transformed the data,Calculated carbon weight using wide size range of euphausiids and linear regression techniques,Measured to the middle of each point. Collected x-axis data points first and then y-axis. Back-transformed respiration rates to uLO2 using assumed RQ 0.9 following Ross methods.
NA,78,Ross1982,https://doi.org/10.1007/BF00393135,NA,NA,Euphausia pacifica,Adult,Unknown,NA,NA,NA,RespirationRate,20.6424977,NA,NA,Replicate,ugC/ind/day,NA,NA,8,NA,NA,NA,516.086592,ug,Calculated,NA,NA,NA,Thalassiosira fluviatilus; Thalassiosira angsti,1200-2000,cells/ml,NA,Assimilation experiments,Puget Sound,47.74648,-122.437477,Figure3,Extracted data using ImageJ in log-log space from figure 3 and then back transformed the data,Calculated carbon weight using wide size range of euphausiids and linear regression techniques,Measured to the middle of each point. Collected x-axis data points first and then y-axis. Back-transformed respiration rates to uLO2 using assumed RQ 0.9 following Ross methods.
NA,79,Ross1982,https://doi.org/10.1007/BF00393135,NA,NA,Euphausia pacifica,Adult,Unknown,NA,NA,NA,RespirationRate,30.58960557,NA,NA,Replicate,ugC/ind/day,NA,NA,8,NA,NA,NA,632.1083,ug,Calculated,NA,NA,NA,Thalassiosira fluviatilus; Thalassiosira angsti,1200-2000,cells/ml,NA,Assimilation experiments,Puget Sound,47.74648,-122.437477,Figure3,Extracted data using ImageJ in log-log space from figure 3 and then back transformed the data,Calculated carbon weight using wide size range of euphausiids and linear regression techniques,Measured to the middle of each point. Collected x-axis data points first and then y-axis. Back-transformed respiration rates to uLO2 using assumed RQ 0.9 following Ross methods.
NA,80,Ross1982,https://doi.org/10.1007/BF00393135,NA,NA,Euphausia pacifica,Adult,Unknown,NA,NA,NA,RespirationRate,23.43407007,NA,NA,Replicate,ugC/ind/day,NA,NA,8,NA,NA,NA,744.498898,ug,Calculated,NA,NA,NA,Thalassiosira fluviatilus; Thalassiosira angsti,1200-2000,cells/ml,NA,Assimilation experiments,Puget Sound,47.74648,-122.437477,Figure3,Extracted data using ImageJ in log-log space from figure 3 and then back transformed the data,Calculated carbon weight using wide size range of euphausiids and linear regression techniques,Measured to the middle of each point. Collected x-axis data points first and then y-axis. Back-transformed respiration rates to uLO2 using assumed RQ 0.9 following Ross methods.
NA,81,Ross1982,https://doi.org/10.1007/BF00393135,NA,NA,Euphausia pacifica,Adult,Unknown,NA,NA,NA,RespirationRate,48.26160072,NA,NA,Replicate,ugC/ind/day,NA,NA,8,NA,NA,NA,1272.62846,ug,Calculated,NA,NA,NA,Thalassiosira fluviatilus; Thalassiosira angsti,1200-2000,cells/ml,NA,Assimilation experiments,Puget Sound,47.74648,-122.437477,Figure3,Extracted data using ImageJ in log-log space from figure 3 and then back transformed the data,Calculated carbon weight using wide size range of euphausiids and linear regression techniques,Measured to the middle of each point. Collected x-axis data points first and then y-axis. Back-transformed respiration rates to uLO2 using assumed RQ 0.9 following Ross methods.
NA,82,Ross1982,https://doi.org/10.1007/BF00393135,NA,NA,Euphausia pacifica,Adult,Unknown,NA,NA,NA,RespirationRate,61.00294985,NA,NA,Replicate,ugC/ind/day,NA,NA,8,NA,NA,NA,1201.36893,ug,Calculated,NA,NA,NA,Thalassiosira fluviatilus; Thalassiosira angsti,1200-2000,cells/ml,NA,Assimilation experiments,Puget Sound,47.74648,-122.437477,Figure3,Extracted data using ImageJ in log-log space from figure 3 and then back transformed the data,Calculated carbon weight using wide size range of euphausiids and linear regression techniques,Measured to the middle of each point. Collected x-axis data points first and then y-axis. Back-transformed respiration rates to uLO2 using assumed RQ 0.9 following Ross methods.
NA,83,Ross1982,https://doi.org/10.1007/BF00393135,NA,NA,Euphausia pacifica,Adult,Unknown,NA,NA,NA,RespirationRate,60.98151005,NA,NA,Replicate,ugC/ind/day,NA,NA,8,NA,NA,NA,1391.19264,ug,Calculated,NA,NA,NA,Thalassiosira fluviatilus; Thalassiosira angsti,1200-2000,cells/ml,NA,Assimilation experiments,Puget Sound,47.74648,-122.437477,Figure3,Extracted data using ImageJ in log-log space from figure 3 and then back transformed the data,Calculated carbon weight using wide size range of euphausiids and linear regression techniques,Measured to the middle of each point. Collected x-axis data points first and then y-axis. Back-transformed respiration rates to uLO2 using assumed RQ 0.9 following Ross methods.
NA,84,Ross1982,https://doi.org/10.1007/BF00393135,NA,NA,Euphausia pacifica,Adult,Unknown,NA,NA,NA,RespirationRate,73.04064229,NA,NA,Replicate,ugC/ind/day,NA,NA,8,NA,NA,NA,1704.835,ug,Calculated,NA,NA,NA,Thalassiosira fluviatilus; Thalassiosira angsti,1200-2000,cells/ml,NA,Assimilation experiments,Puget Sound,47.74648,-122.437477,Figure3,Extracted data using ImageJ in log-log space from figure 3 and then back transformed the data,Calculated carbon weight using wide size range of euphausiids and linear regression techniques,Measured to the middle of each point. Collected x-axis data points first and then y-axis. Back-transformed respiration rates to uLO2 using assumed RQ 0.9 following Ross methods.
NA,85,Ross1982,https://doi.org/10.1007/BF00393135,NA,NA,Euphausia pacifica,Adult,Unknown,NA,NA,NA,RespirationRate,82.97331164,NA,NA,Replicate,ugC/ind/day,NA,NA,8,NA,NA,NA,1864.15095,ug,Calculated,NA,NA,NA,Thalassiosira fluviatilus; Thalassiosira angsti,1200-2000,cells/ml,NA,Assimilation experiments,Puget Sound,47.74648,-122.437477,Figure3,Extracted data using ImageJ in log-log space from figure 3 and then back transformed the data,Calculated carbon weight using wide size range of euphausiids and linear regression techniques,Measured to the middle of each point. Collected x-axis data points first and then y-axis. Back-transformed respiration rates to uLO2 using assumed RQ 0.9 following Ross methods.
NA,86,Ross1982,https://doi.org/10.1007/BF00393135,NA,NA,Euphausia pacifica,Adult,Unknown,NA,NA,NA,RespirationRate,0.236160058,NA,NA,Replicate,ugC/ind/day,NA,NA,12,NA,NA,NA,1.327641658,ug,Calculated,NA,NA,NA,Thalassiosira fluviatilus; Thalassiosira angsti,1200-2000,cells/ml,NA,Assimilation experiments,Puget Sound,47.74648,-122.437477,Figure3,Extracted data using ImageJ in log-log space from figure 3 and then back transformed the data,Calculated carbon weight using wide size range of euphausiids and linear regression techniques,Measured to the middle of each point. Collected x-axis data points first and then y-axis. Back-transformed respiration rates to uLO2 using assumed RQ 0.9 following Ross methods.
NA,87,Ross1982,https://doi.org/10.1007/BF00393135,NA,NA,Euphausia pacifica,Adult,Unknown,NA,NA,NA,RespirationRate,0.269220893,NA,NA,Replicate,ugC/ind/day,NA,NA,12,NA,NA,NA,1.612138809,ug,Calculated,NA,NA,NA,Thalassiosira fluviatilus; Thalassiosira angsti,1200-2000,cells/ml,NA,Assimilation experiments,Puget Sound,47.74648,-122.437477,Figure3,Extracted data using ImageJ in log-log space from figure 3 and then back transformed the data,Calculated carbon weight using wide size range of euphausiids and linear regression techniques,Measured to the middle of each point. Collected x-axis data points first and then y-axis. Back-transformed respiration rates to uLO2 using assumed RQ 0.9 following Ross methods.
NA,88,Ross1982,https://doi.org/10.1007/BF00393135,NA,NA,Euphausia pacifica,Adult,Unknown,NA,NA,NA,RespirationRate,0.395261599,NA,NA,Replicate,ugC/ind/day,NA,NA,12,NA,NA,NA,1.507312429,ug,Calculated,NA,NA,NA,Thalassiosira fluviatilus; Thalassiosira angsti,1200-2000,cells/ml,NA,Assimilation experiments,Puget Sound,47.74648,-122.437477,Figure3,Extracted data using ImageJ in log-log space from figure 3 and then back transformed the data,Calculated carbon weight using wide size range of euphausiids and linear regression techniques,Measured to the middle of each point. Collected x-axis data points first and then y-axis. Back-transformed respiration rates to uLO2 using assumed RQ 0.9 following Ross methods.
NA,89,Ross1982,https://doi.org/10.1007/BF00393135,NA,NA,Euphausia pacifica,Adult,Unknown,NA,NA,NA,RespirationRate,0.591480339,NA,NA,Replicate,ugC/ind/day,NA,NA,12,NA,NA,NA,2.570267821,ug,Calculated,NA,NA,NA,Thalassiosira fluviatilus; Thalassiosira angsti,1200-2000,cells/ml,NA,Assimilation experiments,Puget Sound,47.74648,-122.437477,Figure3,Extracted data using ImageJ in log-log space from figure 3 and then back transformed the data,Calculated carbon weight using wide size range of euphausiids and linear regression techniques,Measured to the middle of each point. Collected x-axis data points first and then y-axis. Back-transformed respiration rates to uLO2 using assumed RQ 0.9 following Ross methods.
NA,90,Ross1982,https://doi.org/10.1007/BF00393135,NA,NA,Euphausia pacifica,Adult,Unknown,NA,NA,NA,RespirationRate,0.581658159,NA,NA,Replicate,ugC/ind/day,NA,NA,12,NA,NA,NA,3.586261423,ug,Calculated,NA,NA,NA,Thalassiosira fluviatilus; Thalassiosira angsti,1200-2000,cells/ml,NA,Assimilation experiments,Puget Sound,47.74648,-122.437477,Figure3,Extracted data using ImageJ in log-log space from figure 3 and then back transformed the data,Calculated carbon weight using wide size range of euphausiids and linear regression techniques,Measured to the middle of each point. Collected x-axis data points first and then y-axis. Back-transformed respiration rates to uLO2 using assumed RQ 0.9 following Ross methods.
NA,91,Ross1982,https://doi.org/10.1007/BF00393135,NA,NA,Euphausia pacifica,Adult,Unknown,NA,NA,NA,RespirationRate,0.705741111,NA,NA,Replicate,ugC/ind/day,NA,NA,12,NA,NA,NA,3.822671195,ug,Calculated,NA,NA,NA,Thalassiosira fluviatilus; Thalassiosira angsti,1200-2000,cells/ml,NA,Assimilation experiments,Puget Sound,47.74648,-122.437477,Figure3,Extracted data using ImageJ in log-log space from figure 3 and then back transformed the data,Calculated carbon weight using wide size range of euphausiids and linear regression techniques,Measured to the middle of each point. Collected x-axis data points first and then y-axis. Back-transformed respiration rates to uLO2 using assumed RQ 0.9 following Ross methods.
NA,92,Ross1982,https://doi.org/10.1007/BF00393135,NA,NA,Euphausia pacifica,Adult,Unknown,NA,NA,NA,RespirationRate,1.566654165,NA,NA,Replicate,ugC/ind/day,NA,NA,12,NA,NA,NA,5.947499951,ug,Calculated,NA,NA,NA,Thalassiosira fluviatilus; Thalassiosira angsti,1200-2000,cells/ml,NA,Assimilation experiments,Puget Sound,47.74648,-122.437477,Figure3,Extracted data using ImageJ in log-log space from figure 3 and then back transformed the data,Calculated carbon weight using wide size range of euphausiids and linear regression techniques,Measured to the middle of each point. Collected x-axis data points first and then y-axis. Back-transformed respiration rates to uLO2 using assumed RQ 0.9 following Ross methods.
NA,93,Ross1982,https://doi.org/10.1007/BF00393135,NA,NA,Euphausia pacifica,Adult,Unknown,NA,NA,NA,RespirationRate,1.291571315,NA,NA,Replicate,ugC/ind/day,NA,NA,12,NA,NA,NA,12.26762243,ug,Calculated,NA,NA,NA,Thalassiosira fluviatilus; Thalassiosira angsti,1200-2000,cells/ml,NA,Assimilation experiments,Puget Sound,47.74648,-122.437477,Figure3,Extracted data using ImageJ in log-log space from figure 3 and then back transformed the data,Calculated carbon weight using wide size range of euphausiids and linear regression techniques,Measured to the middle of each point. Collected x-axis data points first and then y-axis. Back-transformed respiration rates to uLO2 using assumed RQ 0.9 following Ross methods.
NA,94,Ross1982,https://doi.org/10.1007/BF00393135,NA,NA,Euphausia pacifica,Adult,Unknown,NA,NA,NA,RespirationRate,2.357684834,NA,NA,Replicate,ugC/ind/day,NA,NA,12,NA,NA,NA,15.22165747,ug,Calculated,NA,NA,NA,Thalassiosira fluviatilus; Thalassiosira angsti,1200-2000,cells/ml,NA,Assimilation experiments,Puget Sound,47.74648,-122.437477,Figure3,Extracted data using ImageJ in log-log space from figure 3 and then back transformed the data,Calculated carbon weight using wide size range of euphausiids and linear regression techniques,Measured to the middle of each point. Collected x-axis data points first and then y-axis. Back-transformed respiration rates to uLO2 using assumed RQ 0.9 following Ross methods.
NA,95,Ross1982,https://doi.org/10.1007/BF00393135,NA,NA,Euphausia pacifica,Adult,Unknown,NA,NA,NA,RespirationRate,2.765952114,NA,NA,Replicate,ugC/ind/day,NA,NA,12,NA,NA,NA,14.48405516,ug,Calculated,NA,NA,NA,Thalassiosira fluviatilus; Thalassiosira angsti,1200-2000,cells/ml,NA,Assimilation experiments,Puget Sound,47.74648,-122.437477,Figure3,Extracted data using ImageJ in log-log space from figure 3 and then back transformed the data,Calculated carbon weight using wide size range of euphausiids and linear regression techniques,Measured to the middle of each point. Collected x-axis data points first and then y-axis. Back-transformed respiration rates to uLO2 using assumed RQ 0.9 following Ross methods.
NA,96,Ross1982,https://doi.org/10.1007/BF00393135,NA,NA,Euphausia pacifica,Adult,Unknown,NA,NA,NA,RespirationRate,2.864203463,NA,NA,Replicate,ugC/ind/day,NA,NA,12,NA,NA,NA,17.74126048,ug,Calculated,NA,NA,NA,Thalassiosira fluviatilus; Thalassiosira angsti,1200-2000,cells/ml,NA,Assimilation experiments,Puget Sound,47.74648,-122.437477,Figure3,Extracted data using ImageJ in log-log space from figure 3 and then back transformed the data,Calculated carbon weight using wide size range of euphausiids and linear regression techniques,Measured to the middle of each point. Collected x-axis data points first and then y-axis. Back-transformed respiration rates to uLO2 using assumed RQ 0.9 following Ross methods.
NA,97,Ross1982,https://doi.org/10.1007/BF00393135,NA,NA,Euphausia pacifica,Adult,Unknown,NA,NA,NA,RespirationRate,2.464608932,NA,NA,Replicate,ugC/ind/day,NA,NA,12,NA,NA,NA,17.05027626,ug,Calculated,NA,NA,NA,Thalassiosira fluviatilus; Thalassiosira angsti,1200-2000,cells/ml,NA,Assimilation experiments,Puget Sound,47.74648,-122.437477,Figure3,Extracted data using ImageJ in log-log space from figure 3 and then back transformed the data,Calculated carbon weight using wide size range of euphausiids and linear regression techniques,Measured to the middle of each point. Collected x-axis data points first and then y-axis. Back-transformed respiration rates to uLO2 using assumed RQ 0.9 following Ross methods.
NA,98,Ross1982,https://doi.org/10.1007/BF00393135,NA,NA,Euphausia pacifica,Adult,Unknown,NA,NA,NA,RespirationRate,2.637436081,NA,NA,Replicate,ugC/ind/day,NA,NA,12,NA,NA,NA,22.10208073,ug,Calculated,NA,NA,NA,Thalassiosira fluviatilus; Thalassiosira angsti,1200-2000,cells/ml,NA,Assimilation experiments,Puget Sound,47.74648,-122.437477,Figure3,Extracted data using ImageJ in log-log space from figure 3 and then back transformed the data,Calculated carbon weight using wide size range of euphausiids and linear regression techniques,Measured to the middle of each point. Collected x-axis data points first and then y-axis. Back-transformed respiration rates to uLO2 using assumed RQ 0.9 following Ross methods.
NA,99,Ross1982,https://doi.org/10.1007/BF00393135,NA,NA,Euphausia pacifica,Adult,Unknown,NA,NA,NA,RespirationRate,2.208305544,NA,NA,Replicate,ugC/ind/day,NA,NA,12,NA,NA,NA,29.88119911,ug,Calculated,NA,NA,NA,Thalassiosira fluviatilus; Thalassiosira angsti,1200-2000,cells/ml,NA,Assimilation experiments,Puget Sound,47.74648,-122.437477,Figure3,Extracted data using ImageJ in log-log space from figure 3 and then back transformed the data,Calculated carbon weight using wide size range of euphausiids and linear regression techniques,Measured to the middle of each point. Collected x-axis data points first and then y-axis. Back-transformed respiration rates to uLO2 using assumed RQ 0.9 following Ross methods.
NA,100,Ross1982,https://doi.org/10.1007/BF00393135,NA,NA,Euphausia pacifica,Adult,Unknown,NA,NA,NA,RespirationRate,4.457697504,NA,NA,Replicate,ugC/ind/day,NA,NA,12,NA,NA,NA,23.51320808,ug,Calculated,NA,NA,NA,Thalassiosira fluviatilus; Thalassiosira angsti,1200-2000,cells/ml,NA,Assimilation experiments,Puget Sound,47.74648,-122.437477,Figure3,Extracted data using ImageJ in log-log space from figure 3 and then back transformed the data,Calculated carbon weight using wide size range of euphausiids and linear regression techniques,Measured to the middle of each point. Collected x-axis data points first and then y-axis. Back-transformed respiration rates to uLO2 using assumed RQ 0.9 following Ross methods.
NA,101,Ross1982,https://doi.org/10.1007/BF00393135,NA,NA,Euphausia pacifica,Adult,Unknown,NA,NA,NA,RespirationRate,3.966204981,NA,NA,Replicate,ugC/ind/day,NA,NA,12,NA,NA,NA,24.90585833,ug,Calculated,NA,NA,NA,Thalassiosira fluviatilus; Thalassiosira angsti,1200-2000,cells/ml,NA,Assimilation experiments,Puget Sound,47.74648,-122.437477,Figure3,Extracted data using ImageJ in log-log space from figure 3 and then back transformed the data,Calculated carbon weight using wide size range of euphausiids and linear regression techniques,Measured to the middle of each point. Collected x-axis data points first and then y-axis. Back-transformed respiration rates to uLO2 using assumed RQ 0.9 following Ross methods.
NA,102,Ross1982,https://doi.org/10.1007/BF00393135,NA,NA,Euphausia pacifica,Adult,Unknown,NA,NA,NA,RespirationRate,3.282582765,NA,NA,Replicate,ugC/ind/day,NA,NA,12,NA,NA,NA,31.55566154,ug,Calculated,NA,NA,NA,Thalassiosira fluviatilus; Thalassiosira angsti,1200-2000,cells/ml,NA,Assimilation experiments,Puget Sound,47.74648,-122.437477,Figure3,Extracted data using ImageJ in log-log space from figure 3 and then back transformed the data,Calculated carbon weight using wide size range of euphausiids and linear regression techniques,Measured to the middle of each point. Collected x-axis data points first and then y-axis. Back-transformed respiration rates to uLO2 using assumed RQ 0.9 following Ross methods.
NA,103,Ross1982,https://doi.org/10.1007/BF00393135,NA,NA,Euphausia pacifica,Adult,Unknown,NA,NA,NA,RespirationRate,2.79995859,NA,NA,Replicate,ugC/ind/day,NA,NA,12,NA,NA,NA,34.81860379,ug,Calculated,NA,NA,NA,Thalassiosira fluviatilus; Thalassiosira angsti,1200-2000,cells/ml,NA,Assimilation experiments,Puget Sound,47.74648,-122.437477,Figure3,Extracted data using ImageJ in log-log space from figure 3 and then back transformed the data,Calculated carbon weight using wide size range of euphausiids and linear regression techniques,Measured to the middle of each point. Collected x-axis data points first and then y-axis. Back-transformed respiration rates to uLO2 using assumed RQ 0.9 following Ross methods.
NA,104,Ross1982,https://doi.org/10.1007/BF00393135,NA,NA,Euphausia pacifica,Adult,Unknown,NA,NA,NA,RespirationRate,4.765431964,NA,NA,Replicate,ugC/ind/day,NA,NA,12,NA,NA,NA,28.33154092,ug,Calculated,NA,NA,NA,Thalassiosira fluviatilus; Thalassiosira angsti,1200-2000,cells/ml,NA,Assimilation experiments,Puget Sound,47.74648,-122.437477,Figure3,Extracted data using ImageJ in log-log space from figure 3 and then back transformed the data,Calculated carbon weight using wide size range of euphausiids and linear regression techniques,Measured to the middle of each point. Collected x-axis data points first and then y-axis. Back-transformed respiration rates to uLO2 using assumed RQ 0.9 following Ross methods.
NA,105,Ross1982,https://doi.org/10.1007/BF00393135,NA,NA,Euphausia pacifica,Adult,Unknown,NA,NA,NA,RespirationRate,3.224056716,NA,NA,Replicate,ugC/ind/day,NA,NA,12,NA,NA,NA,40.26644854,ug,Calculated,NA,NA,NA,Thalassiosira fluviatilus; Thalassiosira angsti,1200-2000,cells/ml,NA,Assimilation experiments,Puget Sound,47.74648,-122.437477,Figure3,Extracted data using ImageJ in log-log space from figure 3 and then back transformed the data,Calculated carbon weight using wide size range of euphausiids and linear regression techniques,Measured to the middle of each point. Collected x-axis data points first and then y-axis. Back-transformed respiration rates to uLO2 using assumed RQ 0.9 following Ross methods.
NA,106,Ross1982,https://doi.org/10.1007/BF00393135,NA,NA,Euphausia pacifica,Adult,Unknown,NA,NA,NA,RespirationRate,2.910263989,NA,NA,Replicate,ugC/ind/day,NA,NA,12,NA,NA,NA,55.75685095,ug,Calculated,NA,NA,NA,Thalassiosira fluviatilus; Thalassiosira angsti,1200-2000,cells/ml,NA,Assimilation experiments,Puget Sound,47.74648,-122.437477,Figure3,Extracted data using ImageJ in log-log space from figure 3 and then back transformed the data,Calculated carbon weight using wide size range of euphausiids and linear regression techniques,Measured to the middle of each point. Collected x-axis data points first and then y-axis. Back-transformed respiration rates to uLO2 using assumed RQ 0.9 following Ross methods.
NA,107,Ross1982,https://doi.org/10.1007/BF00393135,NA,NA,Euphausia pacifica,Adult,Unknown,NA,NA,NA,RespirationRate,3.750600149,NA,NA,Replicate,ugC/ind/day,NA,NA,12,NA,NA,NA,45.07542299,ug,Calculated,NA,NA,NA,Thalassiosira fluviatilus; Thalassiosira angsti,1200-2000,cells/ml,NA,Assimilation experiments,Puget Sound,47.74648,-122.437477,Figure3,Extracted data using ImageJ in log-log space from figure 3 and then back transformed the data,Calculated carbon weight using wide size range of euphausiids and linear regression techniques,Measured to the middle of each point. Collected x-axis data points first and then y-axis. Back-transformed respiration rates to uLO2 using assumed RQ 0.9 following Ross methods.
NA,108,Ross1982,https://doi.org/10.1007/BF00393135,NA,NA,Euphausia pacifica,Adult,Unknown,NA,NA,NA,RespirationRate,7.254005292,NA,NA,Replicate,ugC/ind/day,NA,NA,12,NA,NA,NA,35.47830584,ug,Calculated,NA,NA,NA,Thalassiosira fluviatilus; Thalassiosira angsti,1200-2000,cells/ml,NA,Assimilation experiments,Puget Sound,47.74648,-122.437477,Figure3,Extracted data using ImageJ in log-log space from figure 3 and then back transformed the data,Calculated carbon weight using wide size range of euphausiids and linear regression techniques,Measured to the middle of each point. Collected x-axis data points first and then y-axis. Back-transformed respiration rates to uLO2 using assumed RQ 0.9 following Ross methods.
NA,109,Ross1982,https://doi.org/10.1007/BF00393135,NA,NA,Euphausia pacifica,Adult,Unknown,NA,NA,NA,RespirationRate,5.572006273,NA,NA,Replicate,ugC/ind/day,NA,NA,12,NA,NA,NA,45.70711806,ug,Calculated,NA,NA,NA,Thalassiosira fluviatilus; Thalassiosira angsti,1200-2000,cells/ml,NA,Assimilation experiments,Puget Sound,47.74648,-122.437477,Figure3,Extracted data using ImageJ in log-log space from figure 3 and then back transformed the data,Calculated carbon weight using wide size range of euphausiids and linear regression techniques,Measured to the middle of each point. Collected x-axis data points first and then y-axis. Back-transformed respiration rates to uLO2 using assumed RQ 0.9 following Ross methods.
NA,110,Ross1982,https://doi.org/10.1007/BF00393135,NA,NA,Euphausia pacifica,Adult,Unknown,NA,NA,NA,RespirationRate,6.206410963,NA,NA,Replicate,ugC/ind/day,NA,NA,12,NA,NA,NA,48.74468087,ug,Calculated,NA,NA,NA,Thalassiosira fluviatilus; Thalassiosira angsti,1200-2000,cells/ml,NA,Assimilation experiments,Puget Sound,47.74648,-122.437477,Figure3,Extracted data using ImageJ in log-log space from figure 3 and then back transformed the data,Calculated carbon weight using wide size range of euphausiids and linear regression techniques,Measured to the middle of each point. Collected x-axis data points first and then y-axis. Back-transformed respiration rates to uLO2 using assumed RQ 0.9 following Ross methods.
NA,111,Ross1982,https://doi.org/10.1007/BF00393135,NA,NA,Euphausia pacifica,Adult,Unknown,NA,NA,NA,RespirationRate,9.030460278,NA,NA,Replicate,ugC/ind/day,NA,NA,12,NA,NA,NA,51.4826742,ug,Calculated,NA,NA,NA,Thalassiosira fluviatilus; Thalassiosira angsti,1200-2000,cells/ml,NA,Assimilation experiments,Puget Sound,47.74648,-122.437477,Figure3,Extracted data using ImageJ in log-log space from figure 3 and then back transformed the data,Calculated carbon weight using wide size range of euphausiids and linear regression techniques,Measured to the middle of each point. Collected x-axis data points first and then y-axis. Back-transformed respiration rates to uLO2 using assumed RQ 0.9 following Ross methods.
NA,112,Ross1982,https://doi.org/10.1007/BF00393135,NA,NA,Euphausia pacifica,Adult,Unknown,NA,NA,NA,RespirationRate,5.366580334,NA,NA,Replicate,ugC/ind/day,NA,NA,12,NA,NA,NA,66.42586868,ug,Calculated,NA,NA,NA,Thalassiosira fluviatilus; Thalassiosira angsti,1200-2000,cells/ml,NA,Assimilation experiments,Puget Sound,47.74648,-122.437477,Figure3,Extracted data using ImageJ in log-log space from figure 3 and then back transformed the data,Calculated carbon weight using wide size range of euphausiids and linear regression techniques,Measured to the middle of each point. Collected x-axis data points first and then y-axis. Back-transformed respiration rates to uLO2 using assumed RQ 0.9 following Ross methods.
NA,113,Ross1982,https://doi.org/10.1007/BF00393135,NA,NA,Euphausia pacifica,Adult,Unknown,NA,NA,NA,RespirationRate,6.522473214,NA,NA,Replicate,ugC/ind/day,NA,NA,12,NA,NA,NA,79.97752528,ug,Calculated,NA,NA,NA,Thalassiosira fluviatilus; Thalassiosira angsti,1200-2000,cells/ml,NA,Assimilation experiments,Puget Sound,47.74648,-122.437477,Figure3,Extracted data using ImageJ in log-log space from figure 3 and then back transformed the data,Calculated carbon weight using wide size range of euphausiids and linear regression techniques,Measured to the middle of each point. Collected x-axis data points first and then y-axis. Back-transformed respiration rates to uLO2 using assumed RQ 0.9 following Ross methods.
NA,114,Ross1982,https://doi.org/10.1007/BF00393135,NA,NA,Euphausia pacifica,Adult,Unknown,NA,NA,NA,RespirationRate,7.258520863,NA,NA,Replicate,ugC/ind/day,NA,NA,12,NA,NA,NA,79.92726834,ug,Calculated,NA,NA,NA,Thalassiosira fluviatilus; Thalassiosira angsti,1200-2000,cells/ml,NA,Assimilation experiments,Puget Sound,47.74648,-122.437477,Figure3,Extracted data using ImageJ in log-log space from figure 3 and then back transformed the data,Calculated carbon weight using wide size range of euphausiids and linear regression techniques,Measured to the middle of each point. Collected x-axis data points first and then y-axis. Back-transformed respiration rates to uLO2 using assumed RQ 0.9 following Ross methods.
NA,115,Ross1982,https://doi.org/10.1007/BF00393135,NA,NA,Euphausia pacifica,Adult,Unknown,NA,NA,NA,RespirationRate,8.151538781,NA,NA,Replicate,ugC/ind/day,NA,NA,12,NA,NA,NA,71.28793066,ug,Calculated,NA,NA,NA,Thalassiosira fluviatilus; Thalassiosira angsti,1200-2000,cells/ml,NA,Assimilation experiments,Puget Sound,47.74648,-122.437477,Figure3,Extracted data using ImageJ in log-log space from figure 3 and then back transformed the data,Calculated carbon weight using wide size range of euphausiids and linear regression techniques,Measured to the middle of each point. Collected x-axis data points first and then y-axis. Back-transformed respiration rates to uLO2 using assumed RQ 0.9 following Ross methods.
NA,116,Ross1982,https://doi.org/10.1007/BF00393135,NA,NA,Euphausia pacifica,Adult,Unknown,NA,NA,NA,RespirationRate,7.507856334,NA,NA,Replicate,ugC/ind/day,NA,NA,12,NA,NA,NA,90.26487659,ug,Calculated,NA,NA,NA,Thalassiosira fluviatilus; Thalassiosira angsti,1200-2000,cells/ml,NA,Assimilation experiments,Puget Sound,47.74648,-122.437477,Figure3,Extracted data using ImageJ in log-log space from figure 3 and then back transformed the data,Calculated carbon weight using wide size range of euphausiids and linear regression techniques,Measured to the middle of each point. Collected x-axis data points first and then y-axis. Back-transformed respiration rates to uLO2 using assumed RQ 0.9 following Ross methods.
NA,117,Ross1982,https://doi.org/10.1007/BF00393135,NA,NA,Euphausia pacifica,Adult,Unknown,NA,NA,NA,RespirationRate,10.54577951,NA,NA,Replicate,ugC/ind/day,NA,NA,12,NA,NA,NA,75.95864569,ug,Calculated,NA,NA,NA,Thalassiosira fluviatilus; Thalassiosira angsti,1200-2000,cells/ml,NA,Assimilation experiments,Puget Sound,47.74648,-122.437477,Figure3,Extracted data using ImageJ in log-log space from figure 3 and then back transformed the data,Calculated carbon weight using wide size range of euphausiids and linear regression techniques,Measured to the middle of each point. Collected x-axis data points first and then y-axis. Back-transformed respiration rates to uLO2 using assumed RQ 0.9 following Ross methods.
NA,118,Ross1982,https://doi.org/10.1007/BF00393135,NA,NA,Euphausia pacifica,Adult,Unknown,NA,NA,NA,RespirationRate,13.22153436,NA,NA,Replicate,ugC/ind/day,NA,NA,12,NA,NA,NA,84.99289119,ug,Calculated,NA,NA,NA,Thalassiosira fluviatilus; Thalassiosira angsti,1200-2000,cells/ml,NA,Assimilation experiments,Puget Sound,47.74648,-122.437477,Figure3,Extracted data using ImageJ in log-log space from figure 3 and then back transformed the data,Calculated carbon weight using wide size range of euphausiids and linear regression techniques,Measured to the middle of each point. Collected x-axis data points first and then y-axis. Back-transformed respiration rates to uLO2 using assumed RQ 0.9 following Ross methods.
NA,119,Ross1982,https://doi.org/10.1007/BF00393135,NA,NA,Euphausia pacifica,Adult,Unknown,NA,NA,NA,RespirationRate,16.9076892,NA,NA,Replicate,ugC/ind/day,NA,NA,12,NA,NA,NA,84.87010173,ug,Calculated,NA,NA,NA,Thalassiosira fluviatilus; Thalassiosira angsti,1200-2000,cells/ml,NA,Assimilation experiments,Puget Sound,47.74648,-122.437477,Figure3,Extracted data using ImageJ in log-log space from figure 3 and then back transformed the data,Calculated carbon weight using wide size range of euphausiids and linear regression techniques,Measured to the middle of each point. Collected x-axis data points first and then y-axis. Back-transformed respiration rates to uLO2 using assumed RQ 0.9 following Ross methods.
NA,120,Ross1982,https://doi.org/10.1007/BF00393135,NA,NA,Euphausia pacifica,Adult,Unknown,NA,NA,NA,RespirationRate,22.24564342,NA,NA,Replicate,ugC/ind/day,NA,NA,12,NA,NA,NA,65.34004209,ug,Calculated,NA,NA,NA,Thalassiosira fluviatilus; Thalassiosira angsti,1200-2000,cells/ml,NA,Assimilation experiments,Puget Sound,47.74648,-122.437477,Figure3,Extracted data using ImageJ in log-log space from figure 3 and then back transformed the data,Calculated carbon weight using wide size range of euphausiids and linear regression techniques,Measured to the middle of each point. Collected x-axis data points first and then y-axis. Back-transformed respiration rates to uLO2 using assumed RQ 0.9 following Ross methods.
NA,121,Ross1982,https://doi.org/10.1007/BF00393135,NA,NA,Euphausia pacifica,Adult,Unknown,NA,NA,NA,RespirationRate,9.707543591,NA,NA,Replicate,ugC/ind/day,NA,NA,12,NA,NA,NA,92.35167091,ug,Calculated,NA,NA,NA,Thalassiosira fluviatilus; Thalassiosira angsti,1200-2000,cells/ml,NA,Assimilation experiments,Puget Sound,47.74648,-122.437477,Figure3,Extracted data using ImageJ in log-log space from figure 3 and then back transformed the data,Calculated carbon weight using wide size range of euphausiids and linear regression techniques,Measured to the middle of each point. Collected x-axis data points first and then y-axis. Back-transformed respiration rates to uLO2 using assumed RQ 0.9 following Ross methods.
NA,122,Ross1982,https://doi.org/10.1007/BF00393135,NA,NA,Euphausia pacifica,Adult,Unknown,NA,NA,NA,RespirationRate,9.218869173,NA,NA,Replicate,ugC/ind/day,NA,NA,12,NA,NA,NA,105.1995836,ug,Calculated,NA,NA,NA,Thalassiosira fluviatilus; Thalassiosira angsti,1200-2000,cells/ml,NA,Assimilation experiments,Puget Sound,47.74648,-122.437477,Figure3,Extracted data using ImageJ in log-log space from figure 3 and then back transformed the data,Calculated carbon weight using wide size range of euphausiids and linear regression techniques,Measured to the middle of each point. Collected x-axis data points first and then y-axis. Back-transformed respiration rates to uLO2 using assumed RQ 0.9 following Ross methods.
NA,123,Ross1982,https://doi.org/10.1007/BF00393135,NA,NA,Euphausia pacifica,Adult,Unknown,NA,NA,NA,RespirationRate,11.79041762,NA,NA,Replicate,ugC/ind/day,NA,NA,12,NA,NA,NA,105.9042012,ug,Calculated,NA,NA,NA,Thalassiosira fluviatilus; Thalassiosira angsti,1200-2000,cells/ml,NA,Assimilation experiments,Puget Sound,47.74648,-122.437477,Figure3,Extracted data using ImageJ in log-log space from figure 3 and then back transformed the data,Calculated carbon weight using wide size range of euphausiids and linear regression techniques,Measured to the middle of each point. Collected x-axis data points first and then y-axis. Back-transformed respiration rates to uLO2 using assumed RQ 0.9 following Ross methods.
NA,124,Ross1982,https://doi.org/10.1007/BF00393135,NA,NA,Euphausia pacifica,Adult,Unknown,NA,NA,NA,RespirationRate,14.75857481,NA,NA,Replicate,ugC/ind/day,NA,NA,12,NA,NA,NA,105.7644967,ug,Calculated,NA,NA,NA,Thalassiosira fluviatilus; Thalassiosira angsti,1200-2000,cells/ml,NA,Assimilation experiments,Puget Sound,47.74648,-122.437477,Figure3,Extracted data using ImageJ in log-log space from figure 3 and then back transformed the data,Calculated carbon weight using wide size range of euphausiids and linear regression techniques,Measured to the middle of each point. Collected x-axis data points first and then y-axis. Back-transformed respiration rates to uLO2 using assumed RQ 0.9 following Ross methods.
NA,125,Ross1982,https://doi.org/10.1007/BF00393135,NA,NA,Euphausia pacifica,Adult,Unknown,NA,NA,NA,RespirationRate,9.430929062,NA,NA,Replicate,ugC/ind/day,NA,NA,12,NA,NA,NA,115.9535364,ug,Calculated,NA,NA,NA,Thalassiosira fluviatilus; Thalassiosira angsti,1200-2000,cells/ml,NA,Assimilation experiments,Puget Sound,47.74648,-122.437477,Figure3,Extracted data using ImageJ in log-log space from figure 3 and then back transformed the data,Calculated carbon weight using wide size range of euphausiids and linear regression techniques,Measured to the middle of each point. Collected x-axis data points first and then y-axis. Back-transformed respiration rates to uLO2 using assumed RQ 0.9 following Ross methods.
NA,126,Ross1982,https://doi.org/10.1007/BF00393135,NA,NA,Euphausia pacifica,Adult,Unknown,NA,NA,NA,RespirationRate,9.751577732,NA,NA,Replicate,ugC/ind/day,NA,NA,12,NA,NA,NA,127.7987708,ug,Calculated,NA,NA,NA,Thalassiosira fluviatilus; Thalassiosira angsti,1200-2000,cells/ml,NA,Assimilation experiments,Puget Sound,47.74648,-122.437477,Figure3,Extracted data using ImageJ in log-log space from figure 3 and then back transformed the data,Calculated carbon weight using wide size range of euphausiids and linear regression techniques,Measured to the middle of each point. Collected x-axis data points first and then y-axis. Back-transformed respiration rates to uLO2 using assumed RQ 0.9 following Ross methods.
NA,127,Ross1982,https://doi.org/10.1007/BF00393135,NA,NA,Euphausia pacifica,Adult,Unknown,NA,NA,NA,RespirationRate,11.58413451,NA,NA,Replicate,ugC/ind/day,NA,NA,12,NA,NA,NA,138.4714916,ug,Calculated,NA,NA,NA,Thalassiosira fluviatilus; Thalassiosira angsti,1200-2000,cells/ml,NA,Assimilation experiments,Puget Sound,47.74648,-122.437477,Figure3,Extracted data using ImageJ in log-log space from figure 3 and then back transformed the data,Calculated carbon weight using wide size range of euphausiids and linear regression techniques,Measured to the middle of each point. Collected x-axis data points first and then y-axis. Back-transformed respiration rates to uLO2 using assumed RQ 0.9 following Ross methods.
NA,128,Ross1982,https://doi.org/10.1007/BF00393135,NA,NA,Euphausia pacifica,Adult,Unknown,NA,NA,NA,RespirationRate,11.24259263,NA,NA,Replicate,ugC/ind/day,NA,NA,12,NA,NA,NA,161.6055157,ug,Calculated,NA,NA,NA,Thalassiosira fluviatilus; Thalassiosira angsti,1200-2000,cells/ml,NA,Assimilation experiments,Puget Sound,47.74648,-122.437477,Figure3,Extracted data using ImageJ in log-log space from figure 3 and then back transformed the data,Calculated carbon weight using wide size range of euphausiids and linear regression techniques,Measured to the middle of each point. Collected x-axis data points first and then y-axis. Back-transformed respiration rates to uLO2 using assumed RQ 0.9 following Ross methods.
NA,129,Ross1982,https://doi.org/10.1007/BF00393135,NA,NA,Euphausia pacifica,Adult,Unknown,NA,NA,NA,RespirationRate,15.60256369,NA,NA,Replicate,ugC/ind/day,NA,NA,12,NA,NA,NA,123.3722039,ug,Calculated,NA,NA,NA,Thalassiosira fluviatilus; Thalassiosira angsti,1200-2000,cells/ml,NA,Assimilation experiments,Puget Sound,47.74648,-122.437477,Figure3,Extracted data using ImageJ in log-log space from figure 3 and then back transformed the data,Calculated carbon weight using wide size range of euphausiids and linear regression techniques,Measured to the middle of each point. Collected x-axis data points first and then y-axis. Back-transformed respiration rates to uLO2 using assumed RQ 0.9 following Ross methods.
NA,130,Ross1982,https://doi.org/10.1007/BF00393135,NA,NA,Euphausia pacifica,Adult,Unknown,NA,NA,NA,RespirationRate,17.7365773,NA,NA,Replicate,ugC/ind/day,NA,NA,12,NA,NA,NA,122.2820428,ug,Calculated,NA,NA,NA,Thalassiosira fluviatilus; Thalassiosira angsti,1200-2000,cells/ml,NA,Assimilation experiments,Puget Sound,47.74648,-122.437477,Figure3,Extracted data using ImageJ in log-log space from figure 3 and then back transformed the data,Calculated carbon weight using wide size range of euphausiids and linear regression techniques,Measured to the middle of each point. Collected x-axis data points first and then y-axis. Back-transformed respiration rates to uLO2 using assumed RQ 0.9 following Ross methods.
NA,131,Ross1982,https://doi.org/10.1007/BF00393135,NA,NA,Euphausia pacifica,Adult,Unknown,NA,NA,NA,RespirationRate,17.19222855,NA,NA,Replicate,ugC/ind/day,NA,NA,12,NA,NA,NA,130.515162,ug,Calculated,NA,NA,NA,Thalassiosira fluviatilus; Thalassiosira angsti,1200-2000,cells/ml,NA,Assimilation experiments,Puget Sound,47.74648,-122.437477,Figure3,Extracted data using ImageJ in log-log space from figure 3 and then back transformed the data,Calculated carbon weight using wide size range of euphausiids and linear regression techniques,Measured to the middle of each point. Collected x-axis data points first and then y-axis. Back-transformed respiration rates to uLO2 using assumed RQ 0.9 following Ross methods.
NA,132,Ross1982,https://doi.org/10.1007/BF00393135,NA,NA,Euphausia pacifica,Adult,Unknown,NA,NA,NA,RespirationRate,22.26200989,NA,NA,Replicate,ugC/ind/day,NA,NA,12,NA,NA,NA,148.4015904,ug,Calculated,NA,NA,NA,Thalassiosira fluviatilus; Thalassiosira angsti,1200-2000,cells/ml,NA,Assimilation experiments,Puget Sound,47.74648,-122.437477,Figure3,Extracted data using ImageJ in log-log space from figure 3 and then back transformed the data,Calculated carbon weight using wide size range of euphausiids and linear regression techniques,Measured to the middle of each point. Collected x-axis data points first and then y-axis. Back-transformed respiration rates to uLO2 using assumed RQ 0.9 following Ross methods.
NA,133,Ross1982,https://doi.org/10.1007/BF00393135,NA,NA,Euphausia pacifica,Adult,Unknown,NA,NA,NA,RespirationRate,22.76379385,NA,NA,Replicate,ugC/ind/day,NA,NA,12,NA,NA,NA,158.3435366,ug,Calculated,NA,NA,NA,Thalassiosira fluviatilus; Thalassiosira angsti,1200-2000,cells/ml,NA,Assimilation experiments,Puget Sound,47.74648,-122.437477,Figure3,Extracted data using ImageJ in log-log space from figure 3 and then back transformed the data,Calculated carbon weight using wide size range of euphausiids and linear regression techniques,Measured to the middle of each point. Collected x-axis data points first and then y-axis. Back-transformed respiration rates to uLO2 using assumed RQ 0.9 following Ross methods.
NA,134,Ross1982,https://doi.org/10.1007/BF00393135,NA,NA,Euphausia pacifica,Adult,Unknown,NA,NA,NA,RespirationRate,28.81376522,NA,NA,Replicate,ugC/ind/day,NA,NA,12,NA,NA,NA,163.3457923,ug,Calculated,NA,NA,NA,Thalassiosira fluviatilus; Thalassiosira angsti,1200-2000,cells/ml,NA,Assimilation experiments,Puget Sound,47.74648,-122.437477,Figure3,Extracted data using ImageJ in log-log space from figure 3 and then back transformed the data,Calculated carbon weight using wide size range of euphausiids and linear regression techniques,Measured to the middle of each point. Collected x-axis data points first and then y-axis. Back-transformed respiration rates to uLO2 using assumed RQ 0.9 following Ross methods.
NA,135,Ross1982,https://doi.org/10.1007/BF00393135,NA,NA,Euphausia pacifica,Adult,Unknown,NA,NA,NA,RespirationRate,32.83263753,NA,NA,Replicate,ugC/ind/day,NA,NA,12,NA,NA,NA,192.0088833,ug,Calculated,NA,NA,NA,Thalassiosira fluviatilus; Thalassiosira angsti,1200-2000,cells/ml,NA,Assimilation experiments,Puget Sound,47.74648,-122.437477,Figure3,Extracted data using ImageJ in log-log space from figure 3 and then back transformed the data,Calculated carbon weight using wide size range of euphausiids and linear regression techniques,Measured to the middle of each point. Collected x-axis data points first and then y-axis. Back-transformed respiration rates to uLO2 using assumed RQ 0.9 following Ross methods.
NA,136,Ross1982,https://doi.org/10.1007/BF00393135,NA,NA,Euphausia pacifica,Adult,Unknown,NA,NA,NA,RespirationRate,28.5913084,NA,NA,Replicate,ugC/ind/day,NA,NA,12,NA,NA,NA,201.7615931,ug,Calculated,NA,NA,NA,Thalassiosira fluviatilus; Thalassiosira angsti,1200-2000,cells/ml,NA,Assimilation experiments,Puget Sound,47.74648,-122.437477,Figure3,Extracted data using ImageJ in log-log space from figure 3 and then back transformed the data,Calculated carbon weight using wide size range of euphausiids and linear regression techniques,Measured to the middle of each point. Collected x-axis data points first and then y-axis. Back-transformed respiration rates to uLO2 using assumed RQ 0.9 following Ross methods.
NA,137,Ross1982,https://doi.org/10.1007/BF00393135,NA,NA,Euphausia pacifica,Adult,Unknown,NA,NA,NA,RespirationRate,16.73071037,NA,NA,Replicate,ugC/ind/day,NA,NA,12,NA,NA,NA,185.0997905,ug,Calculated,NA,NA,NA,Thalassiosira fluviatilus; Thalassiosira angsti,1200-2000,cells/ml,NA,Assimilation experiments,Puget Sound,47.74648,-122.437477,Figure3,Extracted data using ImageJ in log-log space from figure 3 and then back transformed the data,Calculated carbon weight using wide size range of euphausiids and linear regression techniques,Measured to the middle of each point. Collected x-axis data points first and then y-axis. Back-transformed respiration rates to uLO2 using assumed RQ 0.9 following Ross methods.
NA,138,Ross1982,https://doi.org/10.1007/BF00393135,NA,NA,Euphausia pacifica,Adult,Unknown,NA,NA,NA,RespirationRate,16.07019315,NA,NA,Replicate,ugC/ind/day,NA,NA,12,NA,NA,NA,221.3656237,ug,Calculated,NA,NA,NA,Thalassiosira fluviatilus; Thalassiosira angsti,1200-2000,cells/ml,NA,Assimilation experiments,Puget Sound,47.74648,-122.437477,Figure3,Extracted data using ImageJ in log-log space from figure 3 and then back transformed the data,Calculated carbon weight using wide size range of euphausiids and linear regression techniques,Measured to the middle of each point. Collected x-axis data points first and then y-axis. Back-transformed respiration rates to uLO2 using assumed RQ 0.9 following Ross methods.
NA,139,Ross1982,https://doi.org/10.1007/BF00393135,NA,NA,Euphausia pacifica,Adult,Unknown,NA,NA,NA,RespirationRate,29.26222936,NA,NA,Replicate,ugC/ind/day,NA,NA,12,NA,NA,NA,229.7294473,ug,Calculated,NA,NA,NA,Thalassiosira fluviatilus; Thalassiosira angsti,1200-2000,cells/ml,NA,Assimilation experiments,Puget Sound,47.74648,-122.437477,Figure3,Extracted data using ImageJ in log-log space from figure 3 and then back transformed the data,Calculated carbon weight using wide size range of euphausiids and linear regression techniques,Measured to the middle of each point. Collected x-axis data points first and then y-axis. Back-transformed respiration rates to uLO2 using assumed RQ 0.9 following Ross methods.
NA,140,Ross1982,https://doi.org/10.1007/BF00393135,NA,NA,Euphausia pacifica,Adult,Unknown,NA,NA,NA,RespirationRate,25.27967044,NA,NA,Replicate,ugC/ind/day,NA,NA,12,NA,NA,NA,293.3663484,ug,Calculated,NA,NA,NA,Thalassiosira fluviatilus; Thalassiosira angsti,1200-2000,cells/ml,NA,Assimilation experiments,Puget Sound,47.74648,-122.437477,Figure3,Extracted data using ImageJ in log-log space from figure 3 and then back transformed the data,Calculated carbon weight using wide size range of euphausiids and linear regression techniques,Measured to the middle of each point. Collected x-axis data points first and then y-axis. Back-transformed respiration rates to uLO2 using assumed RQ 0.9 following Ross methods.
NA,141,Ross1982,https://doi.org/10.1007/BF00393135,NA,NA,Euphausia pacifica,Adult,Unknown,NA,NA,NA,RespirationRate,19.58904959,NA,NA,Replicate,ugC/ind/day,NA,NA,12,NA,NA,NA,329.1881142,ug,Calculated,NA,NA,NA,Thalassiosira fluviatilus; Thalassiosira angsti,1200-2000,cells/ml,NA,Assimilation experiments,Puget Sound,47.74648,-122.437477,Figure3,Extracted data using ImageJ in log-log space from figure 3 and then back transformed the data,Calculated carbon weight using wide size range of euphausiids and linear regression techniques,Measured to the middle of each point. Collected x-axis data points first and then y-axis. Back-transformed respiration rates to uLO2 using assumed RQ 0.9 following Ross methods.
NA,142,Ross1982,https://doi.org/10.1007/BF00393135,NA,NA,Euphausia pacifica,Adult,Unknown,NA,NA,NA,RespirationRate,27.87735649,NA,NA,Replicate,ugC/ind/day,NA,NA,12,NA,NA,NA,328.5059761,ug,Calculated,NA,NA,NA,Thalassiosira fluviatilus; Thalassiosira angsti,1200-2000,cells/ml,NA,Assimilation experiments,Puget Sound,47.74648,-122.437477,Figure3,Extracted data using ImageJ in log-log space from figure 3 and then back transformed the data,Calculated carbon weight using wide size range of euphausiids and linear regression techniques,Measured to the middle of each point. Collected x-axis data points first and then y-axis. Back-transformed respiration rates to uLO2 using assumed RQ 0.9 following Ross methods.
NA,143,Ross1982,https://doi.org/10.1007/BF00393135,NA,NA,Euphausia pacifica,Adult,Unknown,NA,NA,NA,RespirationRate,32.36056174,NA,NA,Replicate,ugC/ind/day,NA,NA,12,NA,NA,NA,315.1561938,ug,Calculated,NA,NA,NA,Thalassiosira fluviatilus; Thalassiosira angsti,1200-2000,cells/ml,NA,Assimilation experiments,Puget Sound,47.74648,-122.437477,Figure3,Extracted data using ImageJ in log-log space from figure 3 and then back transformed the data,Calculated carbon weight using wide size range of euphausiids and linear regression techniques,Measured to the middle of each point. Collected x-axis data points first and then y-axis. Back-transformed respiration rates to uLO2 using assumed RQ 0.9 following Ross methods.
NA,144,Ross1982,https://doi.org/10.1007/BF00393135,NA,NA,Euphausia pacifica,Adult,Unknown,NA,NA,NA,RespirationRate,34.56716495,NA,NA,Replicate,ugC/ind/day,NA,NA,12,NA,NA,NA,358.7524038,ug,Calculated,NA,NA,NA,Thalassiosira fluviatilus; Thalassiosira angsti,1200-2000,cells/ml,NA,Assimilation experiments,Puget Sound,47.74648,-122.437477,Figure3,Extracted data using ImageJ in log-log space from figure 3 and then back transformed the data,Calculated carbon weight using wide size range of euphausiids and linear regression techniques,Measured to the middle of each point. Collected x-axis data points first and then y-axis. Back-transformed respiration rates to uLO2 using assumed RQ 0.9 following Ross methods.
NA,145,Ross1982,https://doi.org/10.1007/BF00393135,NA,NA,Euphausia pacifica,Adult,Unknown,NA,NA,NA,RespirationRate,25.94029867,NA,NA,Replicate,ugC/ind/day,NA,NA,12,NA,NA,NA,402.6341135,ug,Calculated,NA,NA,NA,Thalassiosira fluviatilus; Thalassiosira angsti,1200-2000,cells/ml,NA,Assimilation experiments,Puget Sound,47.74648,-122.437477,Figure3,Extracted data using ImageJ in log-log space from figure 3 and then back transformed the data,Calculated carbon weight using wide size range of euphausiids and linear regression techniques,Measured to the middle of each point. Collected x-axis data points first and then y-axis. Back-transformed respiration rates to uLO2 using assumed RQ 0.9 following Ross methods.
NA,146,Ross1982,https://doi.org/10.1007/BF00393135,NA,NA,Euphausia pacifica,Adult,Unknown,NA,NA,NA,RespirationRate,22.10138608,NA,NA,Replicate,ugC/ind/day,NA,NA,12,NA,NA,NA,409.6133956,ug,Calculated,NA,NA,NA,Thalassiosira fluviatilus; Thalassiosira angsti,1200-2000,cells/ml,NA,Assimilation experiments,Puget Sound,47.74648,-122.437477,Figure3,Extracted data using ImageJ in log-log space from figure 3 and then back transformed the data,Calculated carbon weight using wide size range of euphausiids and linear regression techniques,Measured to the middle of each point. Collected x-axis data points first and then y-axis. Back-transformed respiration rates to uLO2 using assumed RQ 0.9 following Ross methods.
NA,147,Ross1982,https://doi.org/10.1007/BF00393135,NA,NA,Euphausia pacifica,Adult,Unknown,NA,NA,NA,RespirationRate,16.41104655,NA,NA,Replicate,ugC/ind/day,NA,NA,12,NA,NA,NA,463.4941387,ug,Calculated,NA,NA,NA,Thalassiosira fluviatilus; Thalassiosira angsti,1200-2000,cells/ml,NA,Assimilation experiments,Puget Sound,47.74648,-122.437477,Figure3,Extracted data using ImageJ in log-log space from figure 3 and then back transformed the data,Calculated carbon weight using wide size range of euphausiids and linear regression techniques,Measured to the middle of each point. Collected x-axis data points first and then y-axis. Back-transformed respiration rates to uLO2 using assumed RQ 0.9 following Ross methods.
NA,148,Ross1982,https://doi.org/10.1007/BF00393135,NA,NA,Euphausia pacifica,Adult,Unknown,NA,NA,NA,RespirationRate,19.28337836,NA,NA,Replicate,ugC/ind/day,NA,NA,12,NA,NA,NA,494.1412884,ug,Calculated,NA,NA,NA,Thalassiosira fluviatilus; Thalassiosira angsti,1200-2000,cells/ml,NA,Assimilation experiments,Puget Sound,47.74648,-122.437477,Figure3,Extracted data using ImageJ in log-log space from figure 3 and then back transformed the data,Calculated carbon weight using wide size range of euphausiids and linear regression techniques,Measured to the middle of each point. Collected x-axis data points first and then y-axis. Back-transformed respiration rates to uLO2 using assumed RQ 0.9 following Ross methods.
NA,149,Ross1982,https://doi.org/10.1007/BF00393135,NA,NA,Euphausia pacifica,Adult,Unknown,NA,NA,NA,RespirationRate,24.92747225,NA,NA,Replicate,ugC/ind/day,NA,NA,12,NA,NA,NA,497.4197353,ug,Calculated,NA,NA,NA,Thalassiosira fluviatilus; Thalassiosira angsti,1200-2000,cells/ml,NA,Assimilation experiments,Puget Sound,47.74648,-122.437477,Figure3,Extracted data using ImageJ in log-log space from figure 3 and then back transformed the data,Calculated carbon weight using wide size range of euphausiids and linear regression techniques,Measured to the middle of each point. Collected x-axis data points first and then y-axis. Back-transformed respiration rates to uLO2 using assumed RQ 0.9 following Ross methods.
NA,150,Ross1982,https://doi.org/10.1007/BF00393135,NA,NA,Euphausia pacifica,Adult,Unknown,NA,NA,NA,RespirationRate,26.63024059,NA,NA,Replicate,ugC/ind/day,NA,NA,12,NA,NA,NA,570.846093,ug,Calculated,NA,NA,NA,Thalassiosira fluviatilus; Thalassiosira angsti,1200-2000,cells/ml,NA,Assimilation experiments,Puget Sound,47.74648,-122.437477,Figure3,Extracted data using ImageJ in log-log space from figure 3 and then back transformed the data,Calculated carbon weight using wide size range of euphausiids and linear regression techniques,Measured to the middle of each point. Collected x-axis data points first and then y-axis. Back-transformed respiration rates to uLO2 using assumed RQ 0.9 following Ross methods.
NA,151,Ross1982,https://doi.org/10.1007/BF00393135,NA,NA,Euphausia pacifica,Adult,Unknown,NA,NA,NA,RespirationRate,21.03873972,NA,NA,Replicate,ugC/ind/day,NA,NA,12,NA,NA,NA,553.3646625,ug,Calculated,NA,NA,NA,Thalassiosira fluviatilus; Thalassiosira angsti,1200-2000,cells/ml,NA,Assimilation experiments,Puget Sound,47.74648,-122.437477,Figure3,Extracted data using ImageJ in log-log space from figure 3 and then back transformed the data,Calculated carbon weight using wide size range of euphausiids and linear regression techniques,Measured to the middle of each point. Collected x-axis data points first and then y-axis. Back-transformed respiration rates to uLO2 using assumed RQ 0.9 following Ross methods.
NA,152,Ross1982,https://doi.org/10.1007/BF00393135,NA,NA,Euphausia pacifica,Adult,Unknown,NA,NA,NA,RespirationRate,23.96503483,NA,NA,Replicate,ugC/ind/day,NA,NA,12,NA,NA,NA,634.8098371,ug,Calculated,NA,NA,NA,Thalassiosira fluviatilus; Thalassiosira angsti,1200-2000,cells/ml,NA,Assimilation experiments,Puget Sound,47.74648,-122.437477,Figure3,Extracted data using ImageJ in log-log space from figure 3 and then back transformed the data,Calculated carbon weight using wide size range of euphausiids and linear regression techniques,Measured to the middle of each point. Collected x-axis data points first and then y-axis. Back-transformed respiration rates to uLO2 using assumed RQ 0.9 following Ross methods.
NA,153,Ross1982,https://doi.org/10.1007/BF00393135,NA,NA,Euphausia pacifica,Adult,Unknown,NA,NA,NA,RespirationRate,35.87208343,NA,NA,Replicate,ugC/ind/day,NA,NA,12,NA,NA,NA,512.7468883,ug,Calculated,NA,NA,NA,Thalassiosira fluviatilus; Thalassiosira angsti,1200-2000,cells/ml,NA,Assimilation experiments,Puget Sound,47.74648,-122.437477,Figure3,Extracted data using ImageJ in log-log space from figure 3 and then back transformed the data,Calculated carbon weight using wide size range of euphausiids and linear regression techniques,Measured to the middle of each point. Collected x-axis data points first and then y-axis. Back-transformed respiration rates to uLO2 using assumed RQ 0.9 following Ross methods.
NA,154,Ross1982,https://doi.org/10.1007/BF00393135,NA,NA,Euphausia pacifica,Adult,Unknown,NA,NA,NA,RespirationRate,40.82920988,NA,NA,Replicate,ugC/ind/day,NA,NA,12,NA,NA,NA,555.707072,ug,Calculated,NA,NA,NA,Thalassiosira fluviatilus; Thalassiosira angsti,1200-2000,cells/ml,NA,Assimilation experiments,Puget Sound,47.74648,-122.437477,Figure3,Extracted data using ImageJ in log-log space from figure 3 and then back transformed the data,Calculated carbon weight using wide size range of euphausiids and linear regression techniques,Measured to the middle of each point. Collected x-axis data points first and then y-axis. Back-transformed respiration rates to uLO2 using assumed RQ 0.9 following Ross methods.
NA,155,Ross1982,https://doi.org/10.1007/BF00393135,NA,NA,Euphausia pacifica,Adult,Unknown,NA,NA,NA,RespirationRate,33.71161805,NA,NA,Replicate,ugC/ind/day,NA,NA,12,NA,NA,NA,593.6817407,ug,Calculated,NA,NA,NA,Thalassiosira fluviatilus; Thalassiosira angsti,1200-2000,cells/ml,NA,Assimilation experiments,Puget Sound,47.74648,-122.437477,Figure3,Extracted data using ImageJ in log-log space from figure 3 and then back transformed the data,Calculated carbon weight using wide size range of euphausiids and linear regression techniques,Measured to the middle of each point. Collected x-axis data points first and then y-axis. Back-transformed respiration rates to uLO2 using assumed RQ 0.9 following Ross methods.
NA,156,Ross1982,https://doi.org/10.1007/BF00393135,NA,NA,Euphausia pacifica,Adult,Unknown,NA,NA,NA,RespirationRate,26.47851342,NA,NA,Replicate,ugC/ind/day,NA,NA,12,NA,NA,NA,816.086969,ug,Calculated,NA,NA,NA,Thalassiosira fluviatilus; Thalassiosira angsti,1200-2000,cells/ml,NA,Assimilation experiments,Puget Sound,47.74648,-122.437477,Figure3,Extracted data using ImageJ in log-log space from figure 3 and then back transformed the data,Calculated carbon weight using wide size range of euphausiids and linear regression techniques,Measured to the middle of each point. Collected x-axis data points first and then y-axis. Back-transformed respiration rates to uLO2 using assumed RQ 0.9 following Ross methods.
NA,157,Ross1982,https://doi.org/10.1007/BF00393135,NA,NA,Euphausia pacifica,Adult,Unknown,NA,NA,NA,RespirationRate,30.77503708,NA,NA,Replicate,ugC/ind/day,NA,NA,12,NA,NA,NA,856.0843213,ug,Calculated,NA,NA,NA,Thalassiosira fluviatilus; Thalassiosira angsti,1200-2000,cells/ml,NA,Assimilation experiments,Puget Sound,47.74648,-122.437477,Figure3,Extracted data using ImageJ in log-log space from figure 3 and then back transformed the data,Calculated carbon weight using wide size range of euphausiids and linear regression techniques,Measured to the middle of each point. Collected x-axis data points first and then y-axis. Back-transformed respiration rates to uLO2 using assumed RQ 0.9 following Ross methods.
NA,158,Ross1982,https://doi.org/10.1007/BF00393135,NA,NA,Euphausia pacifica,Adult,Unknown,NA,NA,NA,RespirationRate,38.05672706,NA,NA,Replicate,ugC/ind/day,NA,NA,12,NA,NA,NA,769.3411049,ug,Calculated,NA,NA,NA,Thalassiosira fluviatilus; Thalassiosira angsti,1200-2000,cells/ml,NA,Assimilation experiments,Puget Sound,47.74648,-122.437477,Figure3,Extracted data using ImageJ in log-log space from figure 3 and then back transformed the data,Calculated carbon weight using wide size range of euphausiids and linear regression techniques,Measured to the middle of each point. Collected x-axis data points first and then y-axis. Back-transformed respiration rates to uLO2 using assumed RQ 0.9 following Ross methods.
NA,159,Ross1982,https://doi.org/10.1007/BF00393135,NA,NA,Euphausia pacifica,Adult,Unknown,NA,NA,NA,RespirationRate,43.3304526,NA,NA,Replicate,ugC/ind/day,NA,NA,12,NA,NA,NA,854.3640603,ug,Calculated,NA,NA,NA,Thalassiosira fluviatilus; Thalassiosira angsti,1200-2000,cells/ml,NA,Assimilation experiments,Puget Sound,47.74648,-122.437477,Figure3,Extracted data using ImageJ in log-log space from figure 3 and then back transformed the data,Calculated carbon weight using wide size range of euphausiids and linear regression techniques,Measured to the middle of each point. Collected x-axis data points first and then y-axis. Back-transformed respiration rates to uLO2 using assumed RQ 0.9 following Ross methods.
NA,160,Ross1982,https://doi.org/10.1007/BF00393135,NA,NA,Euphausia pacifica,Adult,Unknown,NA,NA,NA,RespirationRate,48.12754372,NA,NA,Replicate,ugC/ind/day,NA,NA,12,NA,NA,NA,743.7212045,ug,Calculated,NA,NA,NA,Thalassiosira fluviatilus; Thalassiosira angsti,1200-2000,cells/ml,NA,Assimilation experiments,Puget Sound,47.74648,-122.437477,Figure3,Extracted data using ImageJ in log-log space from figure 3 and then back transformed the data,Calculated carbon weight using wide size range of euphausiids and linear regression techniques,Measured to the middle of each point. Collected x-axis data points first and then y-axis. Back-transformed respiration rates to uLO2 using assumed RQ 0.9 following Ross methods.
NA,161,Ross1982,https://doi.org/10.1007/BF00393135,NA,NA,Euphausia pacifica,Adult,Unknown,NA,NA,NA,RespirationRate,55.9369372,NA,NA,Replicate,ugC/ind/day,NA,NA,12,NA,NA,NA,780.1718283,ug,Calculated,NA,NA,NA,Thalassiosira fluviatilus; Thalassiosira angsti,1200-2000,cells/ml,NA,Assimilation experiments,Puget Sound,47.74648,-122.437477,Figure3,Extracted data using ImageJ in log-log space from figure 3 and then back transformed the data,Calculated carbon weight using wide size range of euphausiids and linear regression techniques,Measured to the middle of each point. Collected x-axis data points first and then y-axis. Back-transformed respiration rates to uLO2 using assumed RQ 0.9 following Ross methods.
NA,162,Ross1982,https://doi.org/10.1007/BF00393135,NA,NA,Euphausia pacifica,Adult,Unknown,NA,NA,NA,RespirationRate,41.64334752,NA,NA,Replicate,ugC/ind/day,NA,NA,12,NA,NA,NA,1064.100049,ug,Calculated,NA,NA,NA,Thalassiosira fluviatilus; Thalassiosira angsti,1200-2000,cells/ml,NA,Assimilation experiments,Puget Sound,47.74648,-122.437477,Figure3,Extracted data using ImageJ in log-log space from figure 3 and then back transformed the data,Calculated carbon weight using wide size range of euphausiids and linear regression techniques,Measured to the middle of each point. Collected x-axis data points first and then y-axis. Back-transformed respiration rates to uLO2 using assumed RQ 0.9 following Ross methods.
NA,163,Ross1982,https://doi.org/10.1007/BF00393135,NA,NA,Euphausia pacifica,Adult,Unknown,NA,NA,NA,RespirationRate,78.26473883,NA,NA,Replicate,ugC/ind/day,NA,NA,12,NA,NA,NA,1068.805948,ug,Calculated,NA,NA,NA,Thalassiosira fluviatilus; Thalassiosira angsti,1200-2000,cells/ml,NA,Assimilation experiments,Puget Sound,47.74648,-122.437477,Figure3,Extracted data using ImageJ in log-log space from figure 3 and then back transformed the data,Calculated carbon weight using wide size range of euphausiids and linear regression techniques,Measured to the middle of each point. Collected x-axis data points first and then y-axis. Back-transformed respiration rates to uLO2 using assumed RQ 0.9 following Ross methods.
NA,164,Ross1982,https://doi.org/10.1007/BF00393135,NA,NA,Euphausia pacifica,Adult,Unknown,NA,NA,NA,RespirationRate,72.77709113,NA,NA,Replicate,ugC/ind/day,NA,NA,12,NA,NA,NA,1247.68188,ug,Calculated,NA,NA,NA,Thalassiosira fluviatilus; Thalassiosira angsti,1200-2000,cells/ml,NA,Assimilation experiments,Puget Sound,47.74648,-122.437477,Figure3,Extracted data using ImageJ in log-log space from figure 3 and then back transformed the data,Calculated carbon weight using wide size range of euphausiids and linear regression techniques,Measured to the middle of each point. Collected x-axis data points first and then y-axis. Back-transformed respiration rates to uLO2 using assumed RQ 0.9 following Ross methods.
NA,165,Ross1982,https://doi.org/10.1007/BF00393135,NA,NA,Euphausia pacifica,Adult,Unknown,NA,NA,NA,RespirationRate,85.51485002,NA,NA,Replicate,ugC/ind/day,NA,NA,12,NA,NA,NA,1330.181075,ug,Calculated,NA,NA,NA,Thalassiosira fluviatilus; Thalassiosira angsti,1200-2000,cells/ml,NA,Assimilation experiments,Puget Sound,47.74648,-122.437477,Figure3,Extracted data using ImageJ in log-log space from figure 3 and then back transformed the data,Calculated carbon weight using wide size range of euphausiids and linear regression techniques,Measured to the middle of each point. Collected x-axis data points first and then y-axis. Back-transformed respiration rates to uLO2 using assumed RQ 0.9 following Ross methods.
NA,166,Ross1982,https://doi.org/10.1007/BF00393135,NA,NA,Euphausia pacifica,Adult,Unknown,NA,NA,NA,RespirationRate,95.15425758,NA,NA,Replicate,ugC/ind/day,NA,NA,12,NA,NA,NA,1318.592877,ug,Calculated,NA,NA,NA,Thalassiosira fluviatilus; Thalassiosira angsti,1200-2000,cells/ml,NA,Assimilation experiments,Puget Sound,47.74648,-122.437477,Figure3,Extracted data using ImageJ in log-log space from figure 3 and then back transformed the data,Calculated carbon weight using wide size range of euphausiids and linear regression techniques,Measured to the middle of each point. Collected x-axis data points first and then y-axis. Back-transformed respiration rates to uLO2 using assumed RQ 0.9 following Ross methods.
NA,167,Ross1982,https://doi.org/10.1007/BF00393135,NA,NA,Euphausia pacifica,Adult,Unknown,NA,NA,NA,RespirationRate,68.40168942,NA,NA,Replicate,ugC/ind/day,NA,NA,12,NA,NA,NA,1456.403031,ug,Calculated,NA,NA,NA,Thalassiosira fluviatilus; Thalassiosira angsti,1200-2000,cells/ml,NA,Assimilation experiments,Puget Sound,47.74648,-122.437477,Figure3,Extracted data using ImageJ in log-log space from figure 3 and then back transformed the data,Calculated carbon weight using wide size range of euphausiids and linear regression techniques,Measured to the middle of each point. Collected x-axis data points first and then y-axis. Back-transformed respiration rates to uLO2 using assumed RQ 0.9 following Ross methods.
NA,168,Ross1982,https://doi.org/10.1007/BF00393135,NA,NA,Euphausia pacifica,Adult,Unknown,NA,NA,NA,RespirationRate,86.61031394,NA,NA,Replicate,ugC/ind/day,NA,NA,12,NA,NA,NA,1539.466806,ug,Calculated,NA,NA,NA,Thalassiosira fluviatilus; Thalassiosira angsti,1200-2000,cells/ml,NA,Assimilation experiments,Puget Sound,47.74648,-122.437477,Figure3,Extracted data using ImageJ in log-log space from figure 3 and then back transformed the data,Calculated carbon weight using wide size range of euphausiids and linear regression techniques,Measured to the middle of each point. Collected x-axis data points first and then y-axis. Back-transformed respiration rates to uLO2 using assumed RQ 0.9 following Ross methods.
NA,169,Ross1982,https://doi.org/10.1007/BF00393135,NA,NA,Euphausia pacifica,Adult,Unknown,NA,NA,NA,RespirationRate,79.67194958,NA,NA,Replicate,ugC/ind/day,NA,NA,12,NA,NA,NA,1782.689005,ug,Calculated,NA,NA,NA,Thalassiosira fluviatilus; Thalassiosira angsti,1200-2000,cells/ml,NA,Assimilation experiments,Puget Sound,47.74648,-122.437477,Figure3,Extracted data using ImageJ in log-log space from figure 3 and then back transformed the data,Calculated carbon weight using wide size range of euphausiids and linear regression techniques,Measured to the middle of each point. Collected x-axis data points first and then y-axis. Back-transformed respiration rates to uLO2 using assumed RQ 0.9 following Ross methods.
NA,170,Ross1982,https://doi.org/10.1007/BF00393135,NA,NA,Euphausia pacifica,Adult,Unknown,NA,NA,NA,RespirationRate,115.7539986,NA,NA,Replicate,ugC/ind/day,NA,NA,12,NA,NA,NA,1694.173282,ug,Calculated,NA,NA,NA,Thalassiosira fluviatilus; Thalassiosira angsti,1200-2000,cells/ml,NA,Assimilation experiments,Puget Sound,47.74648,-122.437477,Figure3,Extracted data using ImageJ in log-log space from figure 3 and then back transformed the data,Calculated carbon weight using wide size range of euphausiids and linear regression techniques,Measured to the middle of each point. Collected x-axis data points first and then y-axis. Back-transformed respiration rates to uLO2 using assumed RQ 0.9 following Ross methods.
NA,171,Ross1982,https://doi.org/10.1007/BF00393135,NA,NA,Euphausia pacifica,Adult,Unknown,NA,NA,NA,RespirationRate,100.8350865,NA,NA,Replicate,ugC/ind/day,NA,NA,12,NA,NA,NA,1824.131525,ug,Calculated,NA,NA,NA,Thalassiosira fluviatilus; Thalassiosira angsti,1200-2000,cells/ml,NA,Assimilation experiments,Puget Sound,47.74648,-122.437477,Figure3,Extracted data using ImageJ in log-log space from figure 3 and then back transformed the data,Calculated carbon weight using wide size range of euphausiids and linear regression techniques,Measured to the middle of each point. Collected x-axis data points first and then y-axis. Back-transformed respiration rates to uLO2 using assumed RQ 0.9 following Ross methods.
NA,172,Ross1982,https://doi.org/10.1007/BF00393135,NA,NA,Euphausia pacifica,Adult,Unknown,NA,NA,NA,RespirationRate,118.4032682,NA,NA,Replicate,ugC/ind/day,NA,NA,12,NA,NA,NA,1852.254923,ug,Calculated,NA,NA,NA,Thalassiosira fluviatilus; Thalassiosira angsti,1200-2000,cells/ml,NA,Assimilation experiments,Puget Sound,47.74648,-122.437477,Figure3,Extracted data using ImageJ in log-log space from figure 3 and then back transformed the data,Calculated carbon weight using wide size range of euphausiids and linear regression techniques,Measured to the middle of each point. Collected x-axis data points first and then y-axis. Back-transformed respiration rates to uLO2 using assumed RQ 0.9 following Ross methods.
NA,173,Ross1982,https://doi.org/10.1007/BF00393135,NA,NA,Euphausia pacifica,Adult,Unknown,NA,NA,NA,RespirationRate,128.9770235,NA,NA,Replicate,ugC/ind/day,NA,NA,12,NA,NA,NA,1851.323717,ug,Calculated,NA,NA,NA,Thalassiosira fluviatilus; Thalassiosira angsti,1200-2000,cells/ml,NA,Assimilation experiments,Puget Sound,47.74648,-122.437477,Figure3,Extracted data using ImageJ in log-log space from figure 3 and then back transformed the data,Calculated carbon weight using wide size range of euphausiids and linear regression techniques,Measured to the middle of each point. Collected x-axis data points first and then y-axis. Back-transformed respiration rates to uLO2 using assumed RQ 0.9 following Ross methods.
NA,174,Ross1982,https://doi.org/10.1007/BF00393135,NA,NA,Euphausia pacifica,Adult,Unknown,NA,NA,NA,RespirationRate,142.1660763,NA,NA,Replicate,ugC/ind/day,NA,NA,12,NA,NA,NA,2006.81414,ug,Calculated,NA,NA,NA,Thalassiosira fluviatilus; Thalassiosira angsti,1200-2000,cells/ml,NA,Assimilation experiments,Puget Sound,47.74648,-122.437477,Figure3,Extracted data using ImageJ in log-log space from figure 3 and then back transformed the data,Calculated carbon weight using wide size range of euphausiids and linear regression techniques,Measured to the middle of each point. Collected x-axis data points first and then y-axis. Back-transformed respiration rates to uLO2 using assumed RQ 0.9 following Ross methods.
NA,1,Ikeda1986,https://doi.org/10.1007/BF00392514,Kiorboe2014,https://doi.org/10.1594/PANGAEA.819850,Beroidae,Unknown,Unknown,NA,NA,7,RespirationRate,15.6,12.2,19,Mean,ulO2/ind/hr,3.4,Std dev,-1.5,NA,NA,627.7,33.2681,mg,Calculated,NA,NA,NA,NA,NA,NA,Water bottle method,Rate process and corresponding weight experiments across multiple zooplankton species.,Antarctic Ocean,-61.386667,89.86,Table2,Extracted from table2 and calculated carbon weights from reported % in table 3.,NA,5.3% of carbon
NA,2,Ikeda1986,https://doi.org/10.1007/BF00392514,Kiorboe2014,https://doi.org/10.1594/PANGAEA.819850,Beroidae,Unknown,Unknown,NA,NA,4,RespirationRate,40.9,27.8,54,Mean,ulO2/ind/hr,13.1,Std dev,-1.7,NA,NA,2647.3,161.4853,mg,Calculated,NA,NA,NA,NA,NA,NA,Water bottle method,Rate process and corresponding weight experiments across multiple zooplankton species.,Antarctic Ocean,-62.11,88.723333,Table2,Extracted from table2 and calculated carbon weights from reported % in table 3.,NA,6.1% of carbon
NA,3,Ikeda1986,https://doi.org/10.1007/BF00392514,Kiorboe2014,https://doi.org/10.1594/PANGAEA.819850,Mertensiidae,Unknown,Unknown,NA,NA,8,RespirationRate,12.1,-1,25.2,Mean,ulO2/ind/hr,6.3,Std dev,-1.6,NA,NA,93.69,10.49328,mg,Calculated,NA,NA,NA,NA,NA,NA,Water bottle method,Rate process and corresponding weight experiments across multiple zooplankton species.,Antarctic Ocean,-66.53,62.863333,Table2,Extracted from table2 and calculated carbon weights from reported % in table 3.,NA,11.2% of carbon
NA,4,Ikeda1986,https://doi.org/10.1007/BF00392514,Kiorboe2014,https://doi.org/10.1594/PANGAEA.819850,Diphyes antarctica,Unknown,Unknown,NA,NA,7,RespirationRate,5.6,-0.7,11.9,Mean,ulO2/ind/hr,1.8,Std dev,-1.7,NA,NA,84.95,9.3445,mg,Calculated,NA,NA,NA,NA,NA,NA,Water bottle method,Rate process and corresponding weight experiments across multiple zooplankton species.,Antarctic Ocean,-65.065,72.115,Table2,Extracted from table2 and calculated carbon weights from reported % in table 3.,NA,11% of carbon
NA,5,Ikeda1986,https://doi.org/10.1007/BF00392514,Kiorboe2014,https://doi.org/10.1594/PANGAEA.819850,Psychroteuthis,Unknown,Unknown,NA,NA,6,RespirationRate,23.7,21.9,25.5,Mean,ulO2/ind/hr,8,Std dev,-0.8,NA,NA,64.44,37.24632,mg,Calculated,NA,NA,NA,NA,NA,NA,Water bottle method,Rate process and corresponding weight experiments across multiple zooplankton species.,Antarctic Ocean,-66.876667,62.953333,Table2,Extracted from table2 and calculated carbon weights from reported % in table 3.,NA,57.8% of carbon
NA,6,Ikeda1986,https://doi.org/10.1007/BF00392514,Kiorboe2014,https://doi.org/10.1594/PANGAEA.819850,Antarctomysis maxima,Unknown,Unknown,NA,NA,8,RespirationRate,29.4,21.4,37.4,Mean,ulO2/ind/hr,8.2,Std dev,-1.6,NA,NA,170.5,75.1905,mg,Calculated,NA,NA,NA,NA,NA,NA,Water bottle method,Rate process and corresponding weight experiments across multiple zooplankton species.,Antarctic Ocean,66.761667,73.071667,Table2,Extracted from table2 and calculated carbon weights from reported % in table 3.,NA,44.1% of carbon
NA,7,Ikeda1986,https://doi.org/10.1007/BF00392514,Kiorboe2014,https://doi.org/10.1594/PANGAEA.819850,Euphausia superba,Unknown,Unknown,NA,NA,5,RespirationRate,26.4,18.2,34.6,Mean,ulO2/ind/hr,1.3,Std dev,-1.8,NA,NA,46.68,19.88568,mg,Calculated,NA,NA,NA,NA,NA,NA,Water bottle method,Rate process and corresponding weight experiments across multiple zooplankton species.,Antarctic Ocean,-67.171667,72.486667,Table2,Extracted from table2 and calculated carbon weights from reported % in table 3.,NA,42.6% of carbon
NA,8,Ikeda1986,https://doi.org/10.1007/BF00392514,Kiorboe2014,https://doi.org/10.1594/PANGAEA.819850,Euphausia superba,Unknown,Unknown,NA,NA,10,RespirationRate,37.3,36,38.6,Mean,ulO2/ind/hr,6.9,Std dev,-1.6,NA,NA,76.22,32.69838,mg,Calculated,NA,NA,NA,NA,NA,NA,Water bottle method,Rate process and corresponding weight experiments across multiple zooplankton species.,Antarctic Ocean,-66.963333,74.193333,Table2,Extracted from table2 and calculated carbon weights from reported % in table 3.,NA,42.9% of carbon
NA,9,Ikeda1986,https://doi.org/10.1007/BF00392514,Kiorboe2014,https://doi.org/10.1594/PANGAEA.819850,Euphausia superba,Unknown,Unknown,NA,NA,22,RespirationRate,68.9,62,75.8,Mean,ulO2/ind/hr,16,Std dev,-1.6,NA,NA,135.4,59.0344,mg,Calculated,NA,NA,NA,NA,NA,NA,Water bottle method,Rate process and corresponding weight experiments across multiple zooplankton species.,Antarctic Ocean,-66.963333,74.193333,Table2,Extracted from table2 and calculated carbon weights from reported % in table 3.,NA,43.6% of carbon
NA,10,Ikeda1986,https://doi.org/10.1007/BF00392514,Kiorboe2014,https://doi.org/10.1594/PANGAEA.819850,Euphausia superba,Unknown,Unknown,NA,NA,11,RespirationRate,119,103,135,Mean,ulO2/ind/hr,12,Std dev,-1.6,NA,NA,242.5,105.73,mg,Calculated,NA,NA,NA,NA,NA,NA,Water bottle method,Rate process and corresponding weight experiments across multiple zooplankton species.,Antarctic Ocean,-67.498333,74.956667,Table2,Extracted from table2 and calculated carbon weights from reported % in table 3.,NA,43.6% of carbon
NA,11,Ikeda1986,https://doi.org/10.1007/BF00392514,Kiorboe2014,https://doi.org/10.1594/PANGAEA.819850,Euphausia superba,Unknown,Unknown,NA,NA,6,RespirationRate,178,166,190,Mean,ulO2/ind/hr,21,Std dev,-1.7,NA,NA,350.7,165.1797,mg,Calculated,NA,NA,NA,NA,NA,NA,Water bottle method,Rate process and corresponding weight experiments across multiple zooplankton species.,Antarctic Ocean,-67.498333,74.956667,Table2,Extracted from table2 and calculated carbon weights from reported % in table 3.,NA,47.1% of carbon
NA,12,Ikeda1986,https://doi.org/10.1007/BF00392514,Kiorboe2014,https://doi.org/10.1594/PANGAEA.819850,Euphausia crystallorophias,Unknown,Unknown,NA,NA,13,RespirationRate,9.2,-11.8,30.2,Mean,ulO2/ind/hr,2.87,Std dev,-1.7,NA,NA,17.09,7.74177,mg,Calculated,NA,NA,NA,NA,NA,NA,Water bottle method,Rate process and corresponding weight experiments across multiple zooplankton species.,Antarctic Ocean,-66.87,62.868333,Table2,Extracted from table2 and calculated carbon weights from reported % in table 3.,NA,45.3% of carbon
NA,13,Ikeda1986,https://doi.org/10.1007/BF00392514,Kiorboe2014,https://doi.org/10.1594/PANGAEA.819850,Euphausia crystallorophias,Unknown,Unknown,NA,NA,11,RespirationRate,24.9,22.03,27.77,Mean,ulO2/ind/hr,6.9,Std dev,-1.7,NA,NA,46.93,21.49394,mg,Calculated,NA,NA,NA,NA,NA,NA,Water bottle method,Rate process and corresponding weight experiments across multiple zooplankton species.,Antarctic Ocean,-68.576667,72.09,Table2,Extracted from table2 and calculated carbon weights from reported % in table 3.,NA,45.8% of carbon
NA,14,Ikeda1986,https://doi.org/10.1007/BF00392514,Kiorboe2014,https://doi.org/10.1594/PANGAEA.819850,Euphausia crystallorophias,Unknown,Unknown,NA,NA,6,RespirationRate,37.6,30.7,44.5,Mean,ulO2/ind/hr,9.4,Std dev,-1.7,NA,NA,50.38,22.06644,mg,Calculated,NA,NA,NA,NA,NA,NA,Water bottle method,Rate process and corresponding weight experiments across multiple zooplankton species.,Antarctic Ocean,-68.576667,72.09,Table2,Extracted from table2 and calculated carbon weights from reported % in table 3.,NA,43.8% of carbon
NA,15,Ikeda1986,https://doi.org/10.1007/BF00392514,Kiorboe2014,https://doi.org/10.1594/PANGAEA.819850,Chorismus antarcticus,Unknown,Unknown,NA,NA,9,RespirationRate,54.5,45.1,63.9,Mean,ulO2/ind/hr,16.8,Std dev,-1.7,NA,NA,593.9,242.3112,mg,Calculated,NA,NA,NA,NA,NA,NA,Water bottle method,Rate process and corresponding weight experiments across multiple zooplankton species.,Antarctic Ocean,-67.305,65.563333,Table2,Extracted from table2 and calculated carbon weights from reported % in table 3.,NA,40.8% of carbon
NA,16,Ikeda1986,https://doi.org/10.1007/BF00392514,Kiorboe2014,https://doi.org/10.1594/PANGAEA.819850,Salpa thompsoni,Unknown,Unknown,NA,NA,12,RespirationRate,49.9,33.1,66.7,Mean,ulO2/ind/hr,25.7,Std dev,-1.6,NA,NA,487.8,22.9266,mg,Calculated,NA,NA,NA,NA,NA,NA,Water bottle method,Rate process and corresponding weight experiments across multiple zooplankton species.,Antarctic Ocean,-61.386667,89.86,Table2,Extracted from table2 and calculated carbon weights from reported % in table 3.,NA,4.7% of carbon
NA,17,Ikeda1986,https://doi.org/10.1007/BF00392514,Kiorboe2014,https://doi.org/10.1594/PANGAEA.819850,Salpa thompsoni,Unknown,Unknown,NA,NA,6,RespirationRate,109,83.3,134.7,Mean,ulO2/ind/hr,25,Std dev,-1.7,NA,NA,1314.3,55.2006,mg,Calculated,NA,NA,NA,NA,NA,NA,Water bottle method,Rate process and corresponding weight experiments across multiple zooplankton species.,Antarctic Ocean,-63.055,82.935,Table2,Extracted from table2 and calculated carbon weights from reported % in table 3.,NA,4.2% of carbon
NA,1,Goldstein2023,https://www.sciencedirect.com/science/article/pii/S0025326X23001339,NA,NA,Aurelia aurita,Ephyrae,Unknown,NA,NA,NA,RespirationRate,0.52,NA,NA,Replicate,mlO2/ind/day,NA,NA,15.5,NA,NA,NA,3.53,mg,Calculated,NA,NA,NA,Artemia salina,Low,NA,Plankton kreisel tank,Prey particle treatments,Kertinge Nor,55.427778,10.581944,Table3,Extracted from table 3 and results/methods text,NA,NA
NA,2,Goldstein2023,https://www.sciencedirect.com/science/article/pii/S0025326X23001339,NA,NA,Aurelia aurita,Medusae,Unknown,NA,NA,NA,RespirationRate,7.36,NA,NA,Replicate,mlO2/ind/day,NA,NA,15.2,NA,NA,NA,48.35,mg,Calculated,NA,NA,NA,Artemia salina,Low,NA,Plankton kreisel tank,Prey particle treatments,Kertinge Nor,55.427778,10.581944,Table3,Extracted from table 3 and results/methods text,NA,NA
NA,3,Goldstein2023,https://www.sciencedirect.com/science/article/pii/S0025326X23001339,NA,NA,Aurelia aurita,Ephyrae,Unknown,NA,NA,NA,RespirationRate,0.55,NA,NA,Replicate,mlO2/ind/day,NA,NA,15.5,NA,NA,NA,3.33,mg,Calculated,NA,NA,NA,Artemia salina,Medium,NA,Plankton kreisel tank,Prey particle treatments,Kertinge Nor,55.427778,10.581944,Table3,Extracted from table 3 and results/methods text,NA,NA
NA,4,Goldstein2023,https://www.sciencedirect.com/science/article/pii/S0025326X23001339,NA,NA,Aurelia aurita,Medusae,Unknown,NA,NA,NA,RespirationRate,9.22,NA,NA,Replicate,mlO2/ind/day,NA,NA,15.2,NA,NA,NA,52.55,mg,Calculated,NA,NA,NA,Artemia salina,Medium,NA,Plankton kreisel tank,Prey particle treatments,Kertinge Nor,55.427778,10.581944,Table3,Extracted from table 3 and results/methods text,NA,NA
NA,5,Goldstein2023,https://www.sciencedirect.com/science/article/pii/S0025326X23001339,NA,NA,Aurelia aurita,Ephyrae,Unknown,NA,NA,NA,RespirationRate,0.69,NA,NA,Replicate,mlO2/ind/day,NA,NA,15.5,NA,NA,NA,3.52,mg,Calculated,NA,NA,NA,Artemia salina,High,NA,Plankton kreisel tank,Prey particle treatments,Kertinge Nor,55.427778,10.581944,Table3,Extracted from table 3 and results/methods text,NA,NA
NA,6,Goldstein2023,https://www.sciencedirect.com/science/article/pii/S0025326X23001339,NA,NA,Aurelia aurita,Medusae,Unknown,NA,NA,NA,RespirationRate,8.43,NA,NA,Replicate,mlO2/ind/day,NA,NA,15.2,NA,NA,NA,54.46,mg,Calculated,NA,NA,NA,Artemia salina,High,NA,Plankton kreisel tank,Prey particle treatments,Kertinge Nor,55.427778,10.581944,Table3,Extracted from table 3 and results/methods text,NA,NA
NA,1,Arashkevich2024,https://doi.org/10.1134/S0001437024020024,NA,NA,Calanus,Mixed,Mixed,NA,NA,NA,RespirationRate,0.060817636,NA,NA,Replicate,ulO2/ind/day,NA,NA,-1.5,NA,NA,NA,1.117498716,ug,Measured,NA,NA,NA,NA,NA,NA,NA,NA,Siberian Arctic Sea,78.43744629,82.27002083,Figure3,Extracted from figure3,NA,"Estimated lat lon based on methods, there were several samplings from Kara Sea and Laptov Sea."
NA,2,Arashkevich2024,https://doi.org/10.1134/S0001437024020024,NA,NA,Calanus,Mixed,Mixed,NA,NA,NA,RespirationRate,0.078474836,NA,NA,Replicate,ulO2/ind/day,NA,NA,-1.5,NA,NA,NA,1.117812815,ug,Measured,NA,NA,NA,NA,NA,NA,NA,NA,Siberian Arctic Sea,78.43744629,82.27002083,Figure3,Extracted from figure3,NA,"Estimated lat lon based on methods, there were several samplings from Kara Sea and Laptov Sea."
NA,3,Arashkevich2024,https://doi.org/10.1134/S0001437024020024,NA,NA,Calanus,Mixed,Mixed,NA,NA,NA,RespirationRate,0.089140437,NA,NA,Replicate,ulO2/ind/day,NA,NA,-1.5,NA,NA,NA,1.126516899,ug,Measured,NA,NA,NA,NA,NA,NA,NA,NA,Siberian Arctic Sea,78.43744629,82.27002083,Figure3,Extracted from figure3,NA,"Estimated lat lon based on methods, there were several samplings from Kara Sea and Laptov Sea."
NA,4,Arashkevich2024,https://doi.org/10.1134/S0001437024020024,NA,NA,Calanus,Mixed,Mixed,NA,NA,NA,RespirationRate,0.122457972,NA,NA,Replicate,ulO2/ind/day,NA,NA,-1.5,NA,NA,NA,2.010332686,ug,Measured,NA,NA,NA,NA,NA,NA,NA,NA,Siberian Arctic Sea,78.43744629,82.27002083,Figure3,Extracted from figure3,NA,"Estimated lat lon based on methods, there were several samplings from Kara Sea and Laptov Sea."
NA,5,Arashkevich2024,https://doi.org/10.1134/S0001437024020024,NA,NA,Calanus,Mixed,Mixed,NA,NA,NA,RespirationRate,0.139105277,NA,NA,Replicate,ulO2/ind/day,NA,NA,-1.5,NA,NA,NA,1.995360446,ug,Measured,NA,NA,NA,NA,NA,NA,NA,NA,Siberian Arctic Sea,78.43744629,82.27002083,Figure3,Extracted from figure3,NA,"Estimated lat lon based on methods, there were several samplings from Kara Sea and Laptov Sea."
NA,6,Arashkevich2024,https://doi.org/10.1134/S0001437024020024,NA,NA,Calanus,Mixed,Mixed,NA,NA,NA,RespirationRate,0.156010166,NA,NA,Replicate,ulO2/ind/day,NA,NA,-1.5,NA,NA,NA,2.010869482,ug,Measured,NA,NA,NA,NA,NA,NA,NA,NA,Siberian Arctic Sea,78.43744629,82.27002083,Figure3,Extracted from figure3,NA,"Estimated lat lon based on methods, there were several samplings from Kara Sea and Laptov Sea."
NA,7,Arashkevich2024,https://doi.org/10.1134/S0001437024020024,NA,NA,Calanus,Mixed,Mixed,NA,NA,NA,RespirationRate,0.186296258,NA,NA,Replicate,ulO2/ind/day,NA,NA,-1.5,NA,NA,NA,3.480299143,ug,Measured,NA,NA,NA,NA,NA,NA,NA,NA,Siberian Arctic Sea,78.43744629,82.27002083,Figure3,Extracted from figure3,NA,"Estimated lat lon based on methods, there were several samplings from Kara Sea and Laptov Sea."
NA,8,Arashkevich2024,https://doi.org/10.1134/S0001437024020024,NA,NA,Calanus,Mixed,Mixed,NA,NA,NA,RespirationRate,0.243463553,NA,NA,Replicate,ulO2/ind/day,NA,NA,-1.5,NA,NA,NA,3.507941398,ug,Measured,NA,NA,NA,NA,NA,NA,NA,NA,Siberian Arctic Sea,78.43744629,82.27002083,Figure3,Extracted from figure3,NA,"Estimated lat lon based on methods, there were several samplings from Kara Sea and Laptov Sea."
NA,9,Arashkevich2024,https://doi.org/10.1134/S0001437024020024,NA,NA,Calanus,Mixed,Mixed,NA,NA,NA,RespirationRate,0.276424739,NA,NA,Replicate,ulO2/ind/day,NA,NA,-1.5,NA,NA,NA,4.545396588,ug,Measured,NA,NA,NA,NA,NA,NA,NA,NA,Siberian Arctic Sea,78.43744629,82.27002083,Figure3,Extracted from figure3,NA,"Estimated lat lon based on methods, there were several samplings from Kara Sea and Laptov Sea."
NA,10,Arashkevich2024,https://doi.org/10.1134/S0001437024020024,NA,NA,Calanus,Mixed,Mixed,NA,NA,NA,RespirationRate,0.255941581,NA,NA,Replicate,ulO2/ind/day,NA,NA,-1.5,NA,NA,NA,6.024435994,ug,Measured,NA,NA,NA,NA,NA,NA,NA,NA,Siberian Arctic Sea,78.43744629,82.27002083,Figure3,Extracted from figure3,NA,"Estimated lat lon based on methods, there were several samplings from Kara Sea and Laptov Sea."
NA,11,Arashkevich2024,https://doi.org/10.1134/S0001437024020024,NA,NA,Calanus,Mixed,Mixed,NA,NA,NA,RespirationRate,0.431578049,NA,NA,Replicate,ulO2/ind/day,NA,NA,-1.5,NA,NA,NA,6.167219458,ug,Measured,NA,NA,NA,NA,NA,NA,NA,NA,Siberian Arctic Sea,78.43744629,82.27002083,Figure3,Extracted from figure3,NA,"Estimated lat lon based on methods, there were several samplings from Kara Sea and Laptov Sea."
NA,12,Arashkevich2024,https://doi.org/10.1134/S0001437024020024,NA,NA,Calanus,Mixed,Mixed,NA,NA,NA,RespirationRate,0.448279141,NA,NA,Replicate,ulO2/ind/day,NA,NA,-1.5,NA,NA,NA,7.127744526,ug,Measured,NA,NA,NA,NA,NA,NA,NA,NA,Siberian Arctic Sea,78.43744629,82.27002083,Figure3,Extracted from figure3,NA,"Estimated lat lon based on methods, there were several samplings from Kara Sea and Laptov Sea."
NA,13,Arashkevich2024,https://doi.org/10.1134/S0001437024020024,NA,NA,Calanus,Mixed,Mixed,NA,NA,NA,RespirationRate,0.329929122,NA,NA,Replicate,ulO2/ind/day,NA,NA,-1.5,NA,NA,NA,10.19208177,ug,Measured,NA,NA,NA,NA,NA,NA,NA,NA,Siberian Arctic Sea,78.43744629,82.27002083,Figure3,Extracted from figure3,NA,"Estimated lat lon based on methods, there were several samplings from Kara Sea and Laptov Sea."
NA,14,Arashkevich2024,https://doi.org/10.1134/S0001437024020024,NA,NA,Calanus,Mixed,Mixed,NA,NA,NA,RespirationRate,0.496020178,NA,NA,Replicate,ulO2/ind/day,NA,NA,-1.5,NA,NA,NA,10.75502409,ug,Measured,NA,NA,NA,NA,NA,NA,NA,NA,Siberian Arctic Sea,78.43744629,82.27002083,Figure3,Extracted from figure3,NA,"Estimated lat lon based on methods, there were several samplings from Kara Sea and Laptov Sea."
NA,15,Arashkevich2024,https://doi.org/10.1134/S0001437024020024,NA,NA,Calanus,Mixed,Mixed,NA,NA,NA,RespirationRate,0.563474407,NA,NA,Replicate,ulO2/ind/day,NA,NA,-1.5,NA,NA,NA,10.43378805,ug,Measured,NA,NA,NA,NA,NA,NA,NA,NA,Siberian Arctic Sea,78.43744629,82.27002083,Figure3,Extracted from figure3,NA,"Estimated lat lon based on methods, there were several samplings from Kara Sea and Laptov Sea."
NA,16,Arashkevich2024,https://doi.org/10.1134/S0001437024020024,NA,NA,Calanus,Mixed,Mixed,NA,NA,NA,RespirationRate,0.607920038,NA,NA,Replicate,ulO2/ind/day,NA,NA,-1.5,NA,NA,NA,14.04349021,ug,Measured,NA,NA,NA,NA,NA,NA,NA,NA,Siberian Arctic Sea,78.43744629,82.27002083,Figure3,Extracted from figure3,NA,"Estimated lat lon based on methods, there were several samplings from Kara Sea and Laptov Sea."
NA,17,Arashkevich2024,https://doi.org/10.1134/S0001437024020024,NA,NA,Calanus,Mixed,Mixed,NA,NA,NA,RespirationRate,1.091963901,NA,NA,Replicate,ulO2/ind/day,NA,NA,-1.5,NA,NA,NA,19.2029259,ug,Measured,NA,NA,NA,NA,NA,NA,NA,NA,Siberian Arctic Sea,78.43744629,82.27002083,Figure3,Extracted from figure3,NA,"Estimated lat lon based on methods, there were several samplings from Kara Sea and Laptov Sea."
NA,18,Arashkevich2024,https://doi.org/10.1134/S0001437024020024,NA,NA,Calanus,Mixed,Mixed,NA,NA,NA,RespirationRate,1.037661969,NA,NA,Replicate,ulO2/ind/day,NA,NA,-1.5,NA,NA,NA,19.49656928,ug,Measured,NA,NA,NA,NA,NA,NA,NA,NA,Siberian Arctic Sea,78.43744629,82.27002083,Figure3,Extracted from figure3,NA,"Estimated lat lon based on methods, there were several samplings from Kara Sea and Laptov Sea."
NA,19,Arashkevich2024,https://doi.org/10.1134/S0001437024020024,NA,NA,Calanus,Mixed,Mixed,NA,NA,NA,RespirationRate,1.011077454,NA,NA,Replicate,ulO2/ind/day,NA,NA,-1.5,NA,NA,NA,25.06668004,ug,Measured,NA,NA,NA,NA,NA,NA,NA,NA,Siberian Arctic Sea,78.43744629,82.27002083,Figure3,Extracted from figure3,NA,"Estimated lat lon based on methods, there were several samplings from Kara Sea and Laptov Sea."
NA,20,Arashkevich2024,https://doi.org/10.1134/S0001437024020024,NA,NA,Calanus,Mixed,Mixed,NA,NA,NA,RespirationRate,1.193273509,NA,NA,Replicate,ulO2/ind/day,NA,NA,-1.5,NA,NA,NA,25.07125944,ug,Measured,NA,NA,NA,NA,NA,NA,NA,NA,Siberian Arctic Sea,78.43744629,82.27002083,Figure3,Extracted from figure3,NA,"Estimated lat lon based on methods, there were several samplings from Kara Sea and Laptov Sea."
NA,21,Arashkevich2024,https://doi.org/10.1134/S0001437024020024,NA,NA,Calanus,Mixed,Mixed,NA,NA,NA,RespirationRate,0.912351791,NA,NA,Replicate,ulO2/ind/day,NA,NA,-1.5,NA,NA,NA,38.39490876,ug,Measured,NA,NA,NA,NA,NA,NA,NA,NA,Siberian Arctic Sea,78.43744629,82.27002083,Figure3,Extracted from figure3,NA,"Estimated lat lon based on methods, there were several samplings from Kara Sea and Laptov Sea."
NA,22,Arashkevich2024,https://doi.org/10.1134/S0001437024020024,NA,NA,Calanus,Mixed,Mixed,NA,NA,NA,RespirationRate,0.997473886,NA,NA,Replicate,ulO2/ind/day,NA,NA,-1.5,NA,NA,NA,38.69224764,ug,Measured,NA,NA,NA,NA,NA,NA,NA,NA,Siberian Arctic Sea,78.43744629,82.27002083,Figure3,Extracted from figure3,NA,"Estimated lat lon based on methods, there were several samplings from Kara Sea and Laptov Sea."
NA,23,Arashkevich2024,https://doi.org/10.1134/S0001437024020024,NA,NA,Calanus,Mixed,Mixed,NA,NA,NA,RespirationRate,1.223135146,NA,NA,Replicate,ulO2/ind/day,NA,NA,-1.5,NA,NA,NA,38.11591928,ug,Measured,NA,NA,NA,NA,NA,NA,NA,NA,Siberian Arctic Sea,78.43744629,82.27002083,Figure3,Extracted from figure3,NA,"Estimated lat lon based on methods, there were several samplings from Kara Sea and Laptov Sea."
NA,24,Arashkevich2024,https://doi.org/10.1134/S0001437024020024,NA,NA,Calanus,Mixed,Mixed,NA,NA,NA,RespirationRate,1.406501622,NA,NA,Replicate,ulO2/ind/day,NA,NA,-1.5,NA,NA,NA,50.14725378,ug,Measured,NA,NA,NA,NA,NA,NA,NA,NA,Siberian Arctic Sea,78.43744629,82.27002083,Figure3,Extracted from figure3,NA,"Estimated lat lon based on methods, there were several samplings from Kara Sea and Laptov Sea."
NA,25,Arashkevich2024,https://doi.org/10.1134/S0001437024020024,NA,NA,Calanus,Mixed,Mixed,NA,NA,NA,RespirationRate,1.286076417,NA,NA,Replicate,ulO2/ind/day,NA,NA,-1.5,NA,NA,NA,58.83883331,ug,Measured,NA,NA,NA,NA,NA,NA,NA,NA,Siberian Arctic Sea,78.43744629,82.27002083,Figure3,Extracted from figure3,NA,"Estimated lat lon based on methods, there were several samplings from Kara Sea and Laptov Sea."
NA,26,Arashkevich2024,https://doi.org/10.1134/S0001437024020024,NA,NA,Calanus,Mixed,Mixed,NA,NA,NA,RespirationRate,1.318946003,NA,NA,Replicate,ulO2/ind/day,NA,NA,-1.5,NA,NA,NA,67.4859043,ug,Measured,NA,NA,NA,NA,NA,NA,NA,NA,Siberian Arctic Sea,78.43744629,82.27002083,Figure3,Extracted from figure3,NA,"Estimated lat lon based on methods, there were several samplings from Kara Sea and Laptov Sea."
NA,27,Arashkevich2024,https://doi.org/10.1134/S0001437024020024,NA,NA,Calanus,Mixed,Mixed,NA,NA,NA,RespirationRate,1.617312057,NA,NA,Replicate,ulO2/ind/day,NA,NA,-1.5,NA,NA,NA,66.98894101,ug,Measured,NA,NA,NA,NA,NA,NA,NA,NA,Siberian Arctic Sea,78.43744629,82.27002083,Figure3,Extracted from figure3,NA,"Estimated lat lon based on methods, there were several samplings from Kara Sea and Laptov Sea."
NA,28,Arashkevich2024,https://doi.org/10.1134/S0001437024020024,NA,NA,Calanus,Mixed,Mixed,NA,NA,NA,RespirationRate,2.060264818,NA,NA,Replicate,ulO2/ind/day,NA,NA,-1.5,NA,NA,NA,70.13982307,ug,Measured,NA,NA,NA,NA,NA,NA,NA,NA,Siberian Arctic Sea,78.43744629,82.27002083,Figure3,Extracted from figure3,NA,"Estimated lat lon based on methods, there were several samplings from Kara Sea and Laptov Sea."
NA,29,Arashkevich2024,https://doi.org/10.1134/S0001437024020024,NA,NA,Calanus,Mixed,Mixed,NA,NA,NA,RespirationRate,0.996059252,NA,NA,Replicate,ulO2/ind/day,NA,NA,-1.5,NA,NA,NA,83.50099228,ug,Measured,NA,NA,NA,NA,NA,NA,NA,NA,Siberian Arctic Sea,78.43744629,82.27002083,Figure3,Extracted from figure3,NA,"Estimated lat lon based on methods, there were several samplings from Kara Sea and Laptov Sea."
NA,30,Arashkevich2024,https://doi.org/10.1134/S0001437024020024,NA,NA,Calanus,Mixed,Mixed,NA,NA,NA,RespirationRate,1.268879844,NA,NA,Replicate,ulO2/ind/day,NA,NA,-1.5,NA,NA,NA,86.76520343,ug,Measured,NA,NA,NA,NA,NA,NA,NA,NA,Siberian Arctic Sea,78.43744629,82.27002083,Figure3,Extracted from figure3,NA,"Estimated lat lon based on methods, there were several samplings from Kara Sea and Laptov Sea."
NA,31,Arashkevich2024,https://doi.org/10.1134/S0001437024020024,NA,NA,Calanus,Mixed,Mixed,NA,NA,NA,RespirationRate,3.701072451,NA,NA,Replicate,ulO2/ind/day,NA,NA,-1.5,NA,NA,NA,90.92929231,ug,Measured,NA,NA,NA,NA,NA,NA,NA,NA,Siberian Arctic Sea,78.43744629,82.27002083,Figure3,Extracted from figure3,NA,"Estimated lat lon based on methods, there were several samplings from Kara Sea and Laptov Sea."
NA,32,Arashkevich2024,https://doi.org/10.1134/S0001437024020024,NA,NA,Calanus,Mixed,Mixed,NA,NA,NA,RespirationRate,3.516133522,NA,NA,Replicate,ulO2/ind/day,NA,NA,-1.5,NA,NA,NA,105.8842625,ug,Measured,NA,NA,NA,NA,NA,NA,NA,NA,Siberian Arctic Sea,78.43744629,82.27002083,Figure3,Extracted from figure3,NA,"Estimated lat lon based on methods, there were several samplings from Kara Sea and Laptov Sea."
NA,33,Arashkevich2024,https://doi.org/10.1134/S0001437024020024,NA,NA,Calanus,Mixed,Mixed,NA,NA,NA,RespirationRate,4.256756569,NA,NA,Replicate,ulO2/ind/day,NA,NA,-1.5,NA,NA,NA,107.5321072,ug,Measured,NA,NA,NA,NA,NA,NA,NA,NA,Siberian Arctic Sea,78.43744629,82.27002083,Figure3,Extracted from figure3,NA,"Estimated lat lon based on methods, there were several samplings from Kara Sea and Laptov Sea."
NA,34,Arashkevich2024,https://doi.org/10.1134/S0001437024020024,NA,NA,Calanus,Mixed,Mixed,NA,NA,NA,RespirationRate,2.138609594,NA,NA,Replicate,ulO2/ind/day,NA,NA,-1.5,NA,NA,NA,115.0739508,ug,Measured,NA,NA,NA,NA,NA,NA,NA,NA,Siberian Arctic Sea,78.43744629,82.27002083,Figure3,Extracted from figure3,NA,"Estimated lat lon based on methods, there were several samplings from Kara Sea and Laptov Sea."
NA,35,Arashkevich2024,https://doi.org/10.1134/S0001437024020024,NA,NA,Calanus,Mixed,Mixed,NA,NA,NA,RespirationRate,2.867064906,NA,NA,Replicate,ulO2/ind/day,NA,NA,-1.5,NA,NA,NA,115.1111475,ug,Measured,NA,NA,NA,NA,NA,NA,NA,NA,Siberian Arctic Sea,78.43744629,82.27002083,Figure3,Extracted from figure3,NA,"Estimated lat lon based on methods, there were several samplings from Kara Sea and Laptov Sea."
NA,36,Arashkevich2024,https://doi.org/10.1134/S0001437024020024,NA,NA,Calanus,Mixed,Mixed,NA,NA,NA,RespirationRate,2.278655006,NA,NA,Replicate,ulO2/ind/day,NA,NA,-1.5,NA,NA,NA,135.0414688,ug,Measured,NA,NA,NA,NA,NA,NA,NA,NA,Siberian Arctic Sea,78.43744629,82.27002083,Figure3,Extracted from figure3,NA,"Estimated lat lon based on methods, there were several samplings from Kara Sea and Laptov Sea."
NA,37,Arashkevich2024,https://doi.org/10.1134/S0001437024020024,NA,NA,Calanus,Mixed,Mixed,NA,NA,NA,RespirationRate,2.459323221,NA,NA,Replicate,ulO2/ind/day,NA,NA,-1.5,NA,NA,NA,147.9772587,ug,Measured,NA,NA,NA,NA,NA,NA,NA,NA,Siberian Arctic Sea,78.43744629,82.27002083,Figure3,Extracted from figure3,NA,"Estimated lat lon based on methods, there were several samplings from Kara Sea and Laptov Sea."
NA,38,Arashkevich2024,https://doi.org/10.1134/S0001437024020024,NA,NA,Calanus,Mixed,Mixed,NA,NA,NA,RespirationRate,3.214267738,NA,NA,Replicate,ulO2/ind/day,NA,NA,-1.5,NA,NA,NA,142.4902433,ug,Measured,NA,NA,NA,NA,NA,NA,NA,NA,Siberian Arctic Sea,78.43744629,82.27002083,Figure3,Extracted from figure3,NA,"Estimated lat lon based on methods, there were several samplings from Kara Sea and Laptov Sea."
NA,39,Arashkevich2024,https://doi.org/10.1134/S0001437024020024,NA,NA,Calanus,Mixed,Mixed,NA,NA,NA,RespirationRate,3.941551134,NA,NA,Replicate,ulO2/ind/day,NA,NA,-1.5,NA,NA,NA,138.2459338,ug,Measured,NA,NA,NA,NA,NA,NA,NA,NA,Siberian Arctic Sea,78.43744629,82.27002083,Figure3,Extracted from figure3,NA,"Estimated lat lon based on methods, there were several samplings from Kara Sea and Laptov Sea."
NA,40,Arashkevich2024,https://doi.org/10.1134/S0001437024020024,NA,NA,Calanus,Mixed,Mixed,NA,NA,NA,RespirationRate,4.771648191,NA,NA,Replicate,ulO2/ind/day,NA,NA,-1.5,NA,NA,NA,142.552326,ug,Measured,NA,NA,NA,NA,NA,NA,NA,NA,Siberian Arctic Sea,78.43744629,82.27002083,Figure3,Extracted from figure3,NA,"Estimated lat lon based on methods, there were several samplings from Kara Sea and Laptov Sea."
NA,41,Arashkevich2024,https://doi.org/10.1134/S0001437024020024,NA,NA,Calanus,Mixed,Mixed,NA,NA,NA,RespirationRate,3.744806202,NA,NA,Replicate,ulO2/ind/day,NA,NA,-1.5,NA,NA,NA,156.1527253,ug,Measured,NA,NA,NA,NA,NA,NA,NA,NA,Siberian Arctic Sea,78.43744629,82.27002083,Figure3,Extracted from figure3,NA,"Estimated lat lon based on methods, there were several samplings from Kara Sea and Laptov Sea."
NA,42,Arashkevich2024,https://doi.org/10.1134/S0001437024020024,NA,NA,Calanus,Mixed,Mixed,NA,NA,NA,RespirationRate,3.254260566,NA,NA,Replicate,ulO2/ind/day,NA,NA,-1.5,NA,NA,NA,175.0235351,ug,Measured,NA,NA,NA,NA,NA,NA,NA,NA,Siberian Arctic Sea,78.43744629,82.27002083,Figure3,Extracted from figure3,NA,"Estimated lat lon based on methods, there were several samplings from Kara Sea and Laptov Sea."
NA,43,Arashkevich2024,https://doi.org/10.1134/S0001437024020024,NA,NA,Calanus,Mixed,Mixed,NA,NA,NA,RespirationRate,2.587149527,NA,NA,Replicate,ulO2/ind/day,NA,NA,-1.5,NA,NA,NA,174.9792718,ug,Measured,NA,NA,NA,NA,NA,NA,NA,NA,Siberian Arctic Sea,78.43744629,82.27002083,Figure3,Extracted from figure3,NA,"Estimated lat lon based on methods, there were several samplings from Kara Sea and Laptov Sea."
NA,44,Arashkevich2024,https://doi.org/10.1134/S0001437024020024,NA,NA,Calanus,Mixed,Mixed,NA,NA,NA,RespirationRate,3.091604942,NA,NA,Replicate,ulO2/ind/day,NA,NA,-1.5,NA,NA,NA,205.367472,ug,Measured,NA,NA,NA,NA,NA,NA,NA,NA,Siberian Arctic Sea,78.43744629,82.27002083,Figure3,Extracted from figure3,NA,"Estimated lat lon based on methods, there were several samplings from Kara Sea and Laptov Sea."
NA,45,Arashkevich2024,https://doi.org/10.1134/S0001437024020024,NA,NA,Calanus,Mixed,Mixed,NA,NA,NA,RespirationRate,3.989751995,NA,NA,Replicate,ulO2/ind/day,NA,NA,-1.5,NA,NA,NA,190.3608788,ug,Measured,NA,NA,NA,NA,NA,NA,NA,NA,Siberian Arctic Sea,78.43744629,82.27002083,Figure3,Extracted from figure3,NA,"Estimated lat lon based on methods, there were several samplings from Kara Sea and Laptov Sea."
NA,46,Arashkevich2024,https://doi.org/10.1134/S0001437024020024,NA,NA,Calanus,Mixed,Mixed,NA,NA,NA,RespirationRate,5.280563325,NA,NA,Replicate,ulO2/ind/day,NA,NA,-1.5,NA,NA,NA,199.3230677,ug,Measured,NA,NA,NA,NA,NA,NA,NA,NA,Siberian Arctic Sea,78.43744629,82.27002083,Figure3,Extracted from figure3,NA,"Estimated lat lon based on methods, there were several samplings from Kara Sea and Laptov Sea."
NA,47,Arashkevich2024,https://doi.org/10.1134/S0001437024020024,NA,NA,Calanus,Mixed,Mixed,NA,NA,NA,RespirationRate,3.98879904,NA,NA,Replicate,ulO2/ind/day,NA,NA,-1.5,NA,NA,NA,216.6740566,ug,Measured,NA,NA,NA,NA,NA,NA,NA,NA,Siberian Arctic Sea,78.43744629,82.27002083,Figure3,Extracted from figure3,NA,"Estimated lat lon based on methods, there were several samplings from Kara Sea and Laptov Sea."
NA,48,Arashkevich2024,https://doi.org/10.1134/S0001437024020024,NA,NA,Calanus,Mixed,Mixed,NA,NA,NA,RespirationRate,2.937326868,NA,NA,Replicate,ulO2/ind/day,NA,NA,-1.5,NA,NA,NA,230.2084487,ug,Measured,NA,NA,NA,NA,NA,NA,NA,NA,Siberian Arctic Sea,78.43744629,82.27002083,Figure3,Extracted from figure3,NA,"Estimated lat lon based on methods, there were several samplings from Kara Sea and Laptov Sea."
NA,49,Arashkevich2024,https://doi.org/10.1134/S0001437024020024,NA,NA,Calanus,Mixed,Mixed,NA,NA,NA,RespirationRate,4.890371325,NA,NA,Replicate,ulO2/ind/day,NA,NA,-1.5,NA,NA,NA,233.8732567,ug,Measured,NA,NA,NA,NA,NA,NA,NA,NA,Siberian Arctic Sea,78.43744629,82.27002083,Figure3,Extracted from figure3,NA,"Estimated lat lon based on methods, there were several samplings from Kara Sea and Laptov Sea."
NA,50,Arashkevich2024,https://doi.org/10.1134/S0001437024020024,NA,NA,Calanus,Mixed,Mixed,NA,NA,NA,RespirationRate,4.529838838,NA,NA,Replicate,ulO2/ind/day,NA,NA,-1.5,NA,NA,NA,248.5448415,ug,Measured,NA,NA,NA,NA,NA,NA,NA,NA,Siberian Arctic Sea,78.43744629,82.27002083,Figure3,Extracted from figure3,NA,"Estimated lat lon based on methods, there were several samplings from Kara Sea and Laptov Sea."
NA,51,Arashkevich2024,https://doi.org/10.1134/S0001437024020024,NA,NA,Calanus,Mixed,Mixed,NA,NA,NA,RespirationRate,3.987173936,NA,NA,Replicate,ulO2/ind/day,NA,NA,-1.5,NA,NA,NA,270.2261268,ug,Measured,NA,NA,NA,NA,NA,NA,NA,NA,Siberian Arctic Sea,78.43744629,82.27002083,Figure3,Extracted from figure3,NA,"Estimated lat lon based on methods, there were several samplings from Kara Sea and Laptov Sea."
NA,52,Arashkevich2024,https://doi.org/10.1134/S0001437024020024,NA,NA,Calanus,Mixed,Mixed,NA,NA,NA,RespirationRate,3.93529753,NA,NA,Replicate,ulO2/ind/day,NA,NA,-1.5,NA,NA,NA,326.8972395,ug,Measured,NA,NA,NA,NA,NA,NA,NA,NA,Siberian Arctic Sea,78.43744629,82.27002083,Figure3,Extracted from figure3,NA,"Estimated lat lon based on methods, there were several samplings from Kara Sea and Laptov Sea."
NA,53,Arashkevich2024,https://doi.org/10.1134/S0001437024020024,NA,NA,Calanus,Mixed,Mixed,NA,NA,NA,RespirationRate,3.377724098,NA,NA,Replicate,ulO2/ind/day,NA,NA,-1.5,NA,NA,NA,300.5760782,ug,Measured,NA,NA,NA,NA,NA,NA,NA,NA,Siberian Arctic Sea,78.43744629,82.27002083,Figure3,Extracted from figure3,NA,"Estimated lat lon based on methods, there were several samplings from Kara Sea and Laptov Sea."
NA,54,Arashkevich2024,https://doi.org/10.1134/S0001437024020024,NA,NA,Calanus,Mixed,Mixed,NA,NA,NA,RespirationRate,5.481904147,NA,NA,Replicate,ulO2/ind/day,NA,NA,-1.5,NA,NA,NA,310.0392767,ug,Measured,NA,NA,NA,NA,NA,NA,NA,NA,Siberian Arctic Sea,78.43744629,82.27002083,Figure3,Extracted from figure3,NA,"Estimated lat lon based on methods, there were several samplings from Kara Sea and Laptov Sea."
NA,55,Arashkevich2024,https://doi.org/10.1134/S0001437024020024,NA,NA,Calanus,Mixed,Mixed,NA,NA,NA,RespirationRate,6.389335754,NA,NA,Replicate,ulO2/ind/day,NA,NA,-1.5,NA,NA,NA,272.4336399,ug,Measured,NA,NA,NA,NA,NA,NA,NA,NA,Siberian Arctic Sea,78.43744629,82.27002083,Figure3,Extracted from figure3,NA,"Estimated lat lon based on methods, there were several samplings from Kara Sea and Laptov Sea."
NA,56,Arashkevich2024,https://doi.org/10.1134/S0001437024020024,NA,NA,Calanus,Mixed,Mixed,NA,NA,NA,RespirationRate,7.166510192,NA,NA,Replicate,ulO2/ind/day,NA,NA,-1.5,NA,NA,NA,260.2975327,ug,Measured,NA,NA,NA,NA,NA,NA,NA,NA,Siberian Arctic Sea,78.43744629,82.27002083,Figure3,Extracted from figure3,NA,"Estimated lat lon based on methods, there were several samplings from Kara Sea and Laptov Sea."
NA,57,Arashkevich2024,https://doi.org/10.1134/S0001437024020024,NA,NA,Calanus,Mixed,Mixed,NA,NA,NA,RespirationRate,7.073367403,NA,NA,Replicate,ulO2/ind/day,NA,NA,-1.5,NA,NA,NA,312.4973706,ug,Measured,NA,NA,NA,NA,NA,NA,NA,NA,Siberian Arctic Sea,78.43744629,82.27002083,Figure3,Extracted from figure3,NA,"Estimated lat lon based on methods, there were several samplings from Kara Sea and Laptov Sea."
NA,58,Arashkevich2024,https://doi.org/10.1134/S0001437024020024,NA,NA,Calanus,Mixed,Mixed,NA,NA,NA,RespirationRate,6.634723706,NA,NA,Replicate,ulO2/ind/day,NA,NA,-1.5,NA,NA,NA,366.6700778,ug,Measured,NA,NA,NA,NA,NA,NA,NA,NA,Siberian Arctic Sea,78.43744629,82.27002083,Figure3,Extracted from figure3,NA,"Estimated lat lon based on methods, there were several samplings from Kara Sea and Laptov Sea."
NA,59,Arashkevich2024,https://doi.org/10.1134/S0001437024020024,NA,NA,Calanus,Mixed,Mixed,NA,NA,NA,RespirationRate,7.343065449,NA,NA,Replicate,ulO2/ind/day,NA,NA,-1.5,NA,NA,NA,486.0775014,ug,Measured,NA,NA,NA,NA,NA,NA,NA,NA,Siberian Arctic Sea,78.43744629,82.27002083,Figure3,Extracted from figure3,NA,"Estimated lat lon based on methods, there were several samplings from Kara Sea and Laptov Sea."
NA,60,Arashkevich2024,https://doi.org/10.1134/S0001437024020024,NA,NA,Calanus,Mixed,Mixed,NA,NA,NA,RespirationRate,8.556294477,NA,NA,Replicate,ulO2/ind/day,NA,NA,-1.5,NA,NA,NA,493.6213692,ug,Measured,NA,NA,NA,NA,NA,NA,NA,NA,Siberian Arctic Sea,78.43744629,82.27002083,Figure3,Extracted from figure3,NA,"Estimated lat lon based on methods, there were several samplings from Kara Sea and Laptov Sea."
NA,61,Arashkevich2024,https://doi.org/10.1134/S0001437024020024,NA,NA,Calanus,Mixed,Mixed,NA,NA,NA,RespirationRate,9.596240415,NA,NA,Replicate,ulO2/ind/day,NA,NA,-1.5,NA,NA,NA,493.6837992,ug,Measured,NA,NA,NA,NA,NA,NA,NA,NA,Siberian Arctic Sea,78.43744629,82.27002083,Figure3,Extracted from figure3,NA,"Estimated lat lon based on methods, there were several samplings from Kara Sea and Laptov Sea."
NA,62,Arashkevich2024,https://doi.org/10.1134/S0001437024020024,NA,NA,Calanus,Mixed,Mixed,NA,NA,NA,RespirationRate,7.52968165,NA,NA,Replicate,ulO2/ind/day,NA,NA,-1.5,NA,NA,NA,601.6314718,ug,Measured,NA,NA,NA,NA,NA,NA,NA,NA,Siberian Arctic Sea,78.43744629,82.27002083,Figure3,Extracted from figure3,NA,"Estimated lat lon based on methods, there were several samplings from Kara Sea and Laptov Sea."
NA,63,Arashkevich2024,https://doi.org/10.1134/S0001437024020024,NA,NA,Calanus,Mixed,Mixed,NA,NA,NA,RespirationRate,9.469788513,NA,NA,Replicate,ulO2/ind/day,NA,NA,-1.5,NA,NA,NA,654.3709355,ug,Measured,NA,NA,NA,NA,NA,NA,NA,NA,Siberian Arctic Sea,78.43744629,82.27002083,Figure3,Extracted from figure3,NA,"Estimated lat lon based on methods, there were several samplings from Kara Sea and Laptov Sea."
NA,64,Arashkevich2024,https://doi.org/10.1134/S0001437024020024,NA,NA,Calanus,Mixed,Mixed,NA,NA,NA,RespirationRate,8.883907619,NA,NA,Replicate,ulO2/ind/day,NA,NA,-1.5,NA,NA,NA,706.1053405,ug,Measured,NA,NA,NA,NA,NA,NA,NA,NA,Siberian Arctic Sea,78.43744629,82.27002083,Figure3,Extracted from figure3,NA,"Estimated lat lon based on methods, there were several samplings from Kara Sea and Laptov Sea."
NA,65,Arashkevich2024,https://doi.org/10.1134/S0001437024020024,NA,NA,Calanus,Mixed,Mixed,NA,NA,NA,RespirationRate,9.111346925,NA,NA,Replicate,ulO2/ind/day,NA,NA,-1.5,NA,NA,NA,791.5816406,ug,Measured,NA,NA,NA,NA,NA,NA,NA,NA,Siberian Arctic Sea,78.43744629,82.27002083,Figure3,Extracted from figure3,NA,"Estimated lat lon based on methods, there were several samplings from Kara Sea and Laptov Sea."
NA,66,Arashkevich2024,https://doi.org/10.1134/S0001437024020024,NA,NA,Calanus,Mixed,Mixed,NA,NA,NA,RespirationRate,10.08735952,NA,NA,Replicate,ulO2/ind/day,NA,NA,-1.5,NA,NA,NA,880.7465372,ug,Measured,NA,NA,NA,NA,NA,NA,NA,NA,Siberian Arctic Sea,78.43744629,82.27002083,Figure3,Extracted from figure3,NA,"Estimated lat lon based on methods, there were several samplings from Kara Sea and Laptov Sea."
NA,67,Arashkevich2024,https://doi.org/10.1134/S0001437024020024,NA,NA,Calanus,Mixed,Mixed,NA,NA,NA,RespirationRate,11.90526798,NA,NA,Replicate,ulO2/ind/day,NA,NA,-1.5,NA,NA,NA,874.2239039,ug,Measured,NA,NA,NA,NA,NA,NA,NA,NA,Siberian Arctic Sea,78.43744629,82.27002083,Figure3,Extracted from figure3,NA,"Estimated lat lon based on methods, there were several samplings from Kara Sea and Laptov Sea."
NA,68,Arashkevich2024,https://doi.org/10.1134/S0001437024020024,NA,NA,Calanus,Mixed,Mixed,NA,NA,NA,RespirationRate,15.75810692,NA,NA,Replicate,ulO2/ind/day,NA,NA,-1.5,NA,NA,NA,881.1798039,ug,Measured,NA,NA,NA,NA,NA,NA,NA,NA,Siberian Arctic Sea,78.43744629,82.27002083,Figure3,Extracted from figure3,NA,"Estimated lat lon based on methods, there were several samplings from Kara Sea and Laptov Sea."
NA,69,Arashkevich2024,https://doi.org/10.1134/S0001437024020024,NA,NA,Calanus,Mixed,Mixed,NA,NA,NA,RespirationRate,20.86045773,NA,NA,Replicate,ulO2/ind/day,NA,NA,-1.5,NA,NA,NA,829.3502607,ug,Measured,NA,NA,NA,NA,NA,NA,NA,NA,Siberian Arctic Sea,78.43744629,82.27002083,Figure3,Extracted from figure3,NA,"Estimated lat lon based on methods, there were several samplings from Kara Sea and Laptov Sea."
NA,70,Arashkevich2024,https://doi.org/10.1134/S0001437024020024,NA,NA,Calanus,Mixed,Mixed,NA,NA,NA,RespirationRate,15.36410214,NA,NA,Replicate,ulO2/ind/day,NA,NA,-1.5,NA,NA,NA,804.1945405,ug,Measured,NA,NA,NA,NA,NA,NA,NA,NA,Siberian Arctic Sea,78.43744629,82.27002083,Figure3,Extracted from figure3,NA,"Estimated lat lon based on methods, there were several samplings from Kara Sea and Laptov Sea."
NA,71,Arashkevich2024,https://doi.org/10.1134/S0001437024020024,NA,NA,Calanus,Mixed,Mixed,NA,NA,NA,RespirationRate,16.9934291,NA,NA,Replicate,ulO2/ind/day,NA,NA,-1.5,NA,NA,NA,1513.354962,ug,Measured,NA,NA,NA,NA,NA,NA,NA,NA,Siberian Arctic Sea,78.43744629,82.27002083,Figure3,Extracted from figure3,NA,"Estimated lat lon based on methods, there were several samplings from Kara Sea and Laptov Sea."
NA,72,Arashkevich2024,https://doi.org/10.1134/S0001437024020024,NA,NA,Calanus,Mixed,Mixed,NA,NA,NA,RespirationRate,20.05564332,NA,NA,Replicate,ulO2/ind/day,NA,NA,-1.5,NA,NA,NA,1513.631435,ug,Measured,NA,NA,NA,NA,NA,NA,NA,NA,Siberian Arctic Sea,78.43744629,82.27002083,Figure3,Extracted from figure3,NA,"Estimated lat lon based on methods, there were several samplings from Kara Sea and Laptov Sea."
NA,73,Arashkevich2024,https://doi.org/10.1134/S0001437024020024,NA,NA,Calanus,Mixed,Mixed,NA,NA,NA,RespirationRate,23.66966822,NA,NA,Replicate,ulO2/ind/day,NA,NA,-1.5,NA,NA,NA,1513.907959,ug,Measured,NA,NA,NA,NA,NA,NA,NA,NA,Siberian Arctic Sea,78.43744629,82.27002083,Figure3,Extracted from figure3,NA,"Estimated lat lon based on methods, there were several samplings from Kara Sea and Laptov Sea."
NA,74,Arashkevich2024,https://doi.org/10.1134/S0001437024020024,NA,NA,Calanus,Mixed,Mixed,NA,NA,NA,RespirationRate,34.67997082,NA,NA,Replicate,ulO2/ind/day,NA,NA,-1.5,NA,NA,NA,1860.320494,ug,Measured,NA,NA,NA,NA,NA,NA,NA,NA,Siberian Arctic Sea,78.43744629,82.27002083,Figure3,Extracted from figure3,NA,"Estimated lat lon based on methods, there were several samplings from Kara Sea and Laptov Sea."
NA,1,Larson1987,https://www.sciencedirect.com/science/article/pii/0300962987904300,Acuna2011,https://doi.pangaea.de/10.1594/PANGAEA.832241,Aequorea victoria,Unknown,Unknown,NA,NA,NA,RespirationRate,0.0604,NA,NA,Replicate,umol/ind/hr,NA,NA,10,NA,2.44e-4,8.78e-12,4.39e-7,kg,NA,NA,NA,NA,NA,NA,NA,NA,NA,Saanich Inlet,48.59042447,-123.4990765,Acuna2011,https://doi.pangaea.de/10.1594/PANGAEA.832241,NA,NA
NA,2,Larson1987,https://www.sciencedirect.com/science/article/pii/0300962987904300,Acuna2011,https://doi.pangaea.de/10.1594/PANGAEA.832241,Aequorea victoria,Unknown,Unknown,NA,NA,NA,RespirationRate,0.0596,NA,NA,Replicate,umol/ind/hr,NA,NA,10,NA,0.00176,6.33e-11,3.17e-6,kg,NA,NA,NA,NA,NA,NA,NA,NA,NA,Saanich Inlet,48.59042447,-123.4990765,Acuna2011,https://doi.pangaea.de/10.1594/PANGAEA.832241,NA,NA
NA,3,Larson1987,https://www.sciencedirect.com/science/article/pii/0300962987904300,Acuna2011,https://doi.pangaea.de/10.1594/PANGAEA.832241,Aequorea victoria,Unknown,Unknown,NA,NA,NA,RespirationRate,0.12,NA,NA,Replicate,umol/ind/hr,NA,NA,10,NA,0.00109,3.92e-11,1.96e-6,kg,NA,NA,NA,NA,NA,NA,NA,NA,NA,Saanich Inlet,48.59042447,-123.4990765,Acuna2011,https://doi.pangaea.de/10.1594/PANGAEA.832241,NA,NA
NA,4,Larson1987,https://www.sciencedirect.com/science/article/pii/0300962987904300,Acuna2011,https://doi.pangaea.de/10.1594/PANGAEA.832241,Aequorea victoria,Unknown,Unknown,NA,NA,NA,RespirationRate,0.141,NA,NA,Replicate,umol/ind/hr,NA,NA,10,NA,0.00114,4.11e-11,2.05e-6,kg,NA,NA,NA,NA,NA,NA,NA,NA,NA,Saanich Inlet,48.59042447,-123.4990765,Acuna2011,https://doi.pangaea.de/10.1594/PANGAEA.832241,NA,NA
NA,5,Larson1987,https://www.sciencedirect.com/science/article/pii/0300962987904300,Acuna2011,https://doi.pangaea.de/10.1594/PANGAEA.832241,Aequorea victoria,Unknown,Unknown,NA,NA,NA,RespirationRate,0.122,NA,NA,Replicate,umol/ind/hr,NA,NA,10,NA,0.00151,5.44e-11,2.72e-6,kg,NA,NA,NA,NA,NA,NA,NA,NA,NA,Saanich Inlet,48.59042447,-123.4990765,Acuna2011,https://doi.pangaea.de/10.1594/PANGAEA.832241,NA,NA
NA,6,Larson1987,https://www.sciencedirect.com/science/article/pii/0300962987904300,Acuna2011,https://doi.pangaea.de/10.1594/PANGAEA.832241,Aequorea victoria,Unknown,Unknown,NA,NA,NA,RespirationRate,0.233,NA,NA,Replicate,umol/ind/hr,NA,NA,10,NA,0.00142,5.1e-11,2.55e-6,kg,NA,NA,NA,NA,NA,NA,NA,NA,NA,Saanich Inlet,48.59042447,-123.4990765,Acuna2011,https://doi.pangaea.de/10.1594/PANGAEA.832241,NA,NA
NA,7,Larson1987,https://www.sciencedirect.com/science/article/pii/0300962987904300,Acuna2011,https://doi.pangaea.de/10.1594/PANGAEA.832241,Aequorea victoria,Unknown,Unknown,NA,NA,NA,RespirationRate,0.199,NA,NA,Replicate,umol/ind/hr,NA,NA,10,NA,0.00159,5.73e-11,2.86e-6,kg,NA,NA,NA,NA,NA,NA,NA,NA,NA,Saanich Inlet,48.59042447,-123.4990765,Acuna2011,https://doi.pangaea.de/10.1594/PANGAEA.832241,NA,NA
NA,8,Larson1987,https://www.sciencedirect.com/science/article/pii/0300962987904300,Acuna2011,https://doi.pangaea.de/10.1594/PANGAEA.832241,Aequorea victoria,Unknown,Unknown,NA,NA,NA,RespirationRate,0.142,NA,NA,Replicate,umol/ind/hr,NA,NA,10,NA,0.00216,7.78e-11,3.89e-6,kg,NA,NA,NA,NA,NA,NA,NA,NA,NA,Saanich Inlet,48.59042447,-123.4990765,Acuna2011,https://doi.pangaea.de/10.1594/PANGAEA.832241,NA,NA
NA,9,Larson1987,https://www.sciencedirect.com/science/article/pii/0300962987904300,Acuna2011,https://doi.pangaea.de/10.1594/PANGAEA.832241,Aequorea victoria,Unknown,Unknown,NA,NA,NA,RespirationRate,0.235,NA,NA,Replicate,umol/ind/hr,NA,NA,10,NA,0.00221,7.96e-11,3.98e-6,kg,NA,NA,NA,NA,NA,NA,NA,NA,NA,Saanich Inlet,48.59042447,-123.4990765,Acuna2011,https://doi.pangaea.de/10.1594/PANGAEA.832241,NA,NA
NA,10,Larson1987,https://www.sciencedirect.com/science/article/pii/0300962987904300,Acuna2011,https://doi.pangaea.de/10.1594/PANGAEA.832241,Aequorea victoria,Unknown,Unknown,NA,NA,NA,RespirationRate,0.238,NA,NA,Replicate,umol/ind/hr,NA,NA,10,NA,0.00276,9.95e-11,4.98e-6,kg,NA,NA,NA,NA,NA,NA,NA,NA,NA,Saanich Inlet,48.59042447,-123.4990765,Acuna2011,https://doi.pangaea.de/10.1594/PANGAEA.832241,NA,NA
NA,11,Larson1987,https://www.sciencedirect.com/science/article/pii/0300962987904300,Acuna2011,https://doi.pangaea.de/10.1594/PANGAEA.832241,Aequorea victoria,Unknown,Unknown,NA,NA,NA,RespirationRate,0.242,NA,NA,Replicate,umol/ind/hr,NA,NA,10,NA,0.00335,1.21e-10,6.04e-6,kg,NA,NA,NA,NA,NA,NA,NA,NA,NA,Saanich Inlet,48.59042447,-123.4990765,Acuna2011,https://doi.pangaea.de/10.1594/PANGAEA.832241,NA,NA
NA,12,Larson1987,https://www.sciencedirect.com/science/article/pii/0300962987904300,Acuna2011,https://doi.pangaea.de/10.1594/PANGAEA.832241,Aequorea victoria,Unknown,Unknown,NA,NA,NA,RespirationRate,0.2,NA,NA,Replicate,umol/ind/hr,NA,NA,10,NA,0.00272,9.78e-11,4.89e-6,kg,NA,NA,NA,NA,NA,NA,NA,NA,NA,Saanich Inlet,48.59042447,-123.4990765,Acuna2011,https://doi.pangaea.de/10.1594/PANGAEA.832241,NA,NA
NA,13,Larson1987,https://www.sciencedirect.com/science/article/pii/0300962987904300,Acuna2011,https://doi.pangaea.de/10.1594/PANGAEA.832241,Aequorea victoria,Unknown,Unknown,NA,NA,NA,RespirationRate,0.337,NA,NA,Replicate,umol/ind/hr,NA,NA,10,NA,0.00337,1.21e-10,6.07e-6,kg,NA,NA,NA,NA,NA,NA,NA,NA,NA,Saanich Inlet,48.59042447,-123.4990765,Acuna2011,https://doi.pangaea.de/10.1594/PANGAEA.832241,NA,NA
NA,14,Larson1987,https://www.sciencedirect.com/science/article/pii/0300962987904300,Acuna2011,https://doi.pangaea.de/10.1594/PANGAEA.832241,Aequorea victoria,Unknown,Unknown,NA,NA,NA,RespirationRate,0.467,NA,NA,Replicate,umol/ind/hr,NA,NA,10,NA,0.00349,1.26e-10,6.28e-6,kg,NA,NA,NA,NA,NA,NA,NA,NA,NA,Saanich Inlet,48.59042447,-123.4990765,Acuna2011,https://doi.pangaea.de/10.1594/PANGAEA.832241,NA,NA
NA,15,Larson1987,https://www.sciencedirect.com/science/article/pii/0300962987904300,Acuna2011,https://doi.pangaea.de/10.1594/PANGAEA.832241,Aequorea victoria,Unknown,Unknown,NA,NA,NA,RespirationRate,0.479,NA,NA,Replicate,umol/ind/hr,NA,NA,10,NA,0.00562,2.02e-10,1.01e-5,kg,NA,NA,NA,NA,NA,NA,NA,NA,NA,Saanich Inlet,48.59042447,-123.4990765,Acuna2011,https://doi.pangaea.de/10.1594/PANGAEA.832241,NA,NA
NA,16,Larson1987,https://www.sciencedirect.com/science/article/pii/0300962987904300,Acuna2011,https://doi.pangaea.de/10.1594/PANGAEA.832241,Aequorea victoria,Unknown,Unknown,NA,NA,NA,RespirationRate,0.971,NA,NA,Replicate,umol/ind/hr,NA,NA,10,NA,0.00416,1.5e-10,7.48e-6,kg,NA,NA,NA,NA,NA,NA,NA,NA,NA,Saanich Inlet,48.59042447,-123.4990765,Acuna2011,https://doi.pangaea.de/10.1594/PANGAEA.832241,NA,NA
NA,17,Larson1987,https://www.sciencedirect.com/science/article/pii/0300962987904300,Acuna2011,https://doi.pangaea.de/10.1594/PANGAEA.832241,Aequorea victoria,Unknown,Unknown,NA,NA,NA,RespirationRate,1.37,NA,NA,Replicate,umol/ind/hr,NA,NA,10,NA,0.00234,8.42e-11,4.21e-6,kg,NA,NA,NA,NA,NA,NA,NA,NA,NA,Saanich Inlet,48.59042447,-123.4990765,Acuna2011,https://doi.pangaea.de/10.1594/PANGAEA.832241,NA,NA
NA,18,Larson1987,https://www.sciencedirect.com/science/article/pii/0300962987904300,Acuna2011,https://doi.pangaea.de/10.1594/PANGAEA.832241,Aequorea victoria,Unknown,Unknown,NA,NA,NA,RespirationRate,1.16,NA,NA,Replicate,umol/ind/hr,NA,NA,10,NA,0.00813,2.93e-10,1.46e-5,kg,NA,NA,NA,NA,NA,NA,NA,NA,NA,Saanich Inlet,48.59042447,-123.4990765,Acuna2011,https://doi.pangaea.de/10.1594/PANGAEA.832241,NA,NA
NA,19,Larson1987,https://www.sciencedirect.com/science/article/pii/0300962987904300,Acuna2011,https://doi.pangaea.de/10.1594/PANGAEA.832241,Aequorea victoria,Unknown,Unknown,NA,NA,NA,RespirationRate,2.75,NA,NA,Replicate,umol/ind/hr,NA,NA,10,NA,0.0178,6.42e-10,3.21e-5,kg,NA,NA,NA,NA,NA,NA,NA,NA,NA,Saanich Inlet,48.59042447,-123.4990765,Acuna2011,https://doi.pangaea.de/10.1594/PANGAEA.832241,NA,NA
NA,20,Larson1987,https://www.sciencedirect.com/science/article/pii/0300962987904300,Acuna2011,https://doi.pangaea.de/10.1594/PANGAEA.832241,Aequorea victoria,Unknown,Unknown,NA,NA,NA,RespirationRate,3.81,NA,NA,Replicate,umol/ind/hr,NA,NA,10,NA,0.0221,7.94e-10,3.97e-5,kg,NA,NA,NA,NA,NA,NA,NA,NA,NA,Saanich Inlet,48.59042447,-123.4990765,Acuna2011,https://doi.pangaea.de/10.1594/PANGAEA.832241,NA,NA
NA,21,Larson1987,https://www.sciencedirect.com/science/article/pii/0300962987904300,Acuna2011,https://doi.pangaea.de/10.1594/PANGAEA.832241,Aequorea victoria,Unknown,Unknown,NA,NA,NA,RespirationRate,4.46,NA,NA,Replicate,umol/ind/hr,NA,NA,10,NA,0.0245,8.84e-10,4.42e-5,kg,NA,NA,NA,NA,NA,NA,NA,NA,NA,Saanich Inlet,48.59042447,-123.4990765,Acuna2011,https://doi.pangaea.de/10.1594/PANGAEA.832241,NA,NA
NA,22,Larson1987,https://www.sciencedirect.com/science/article/pii/0300962987904300,Acuna2011,https://doi.pangaea.de/10.1594/PANGAEA.832241,Aequorea victoria,Unknown,Unknown,NA,NA,NA,RespirationRate,7.38,NA,NA,Replicate,umol/ind/hr,NA,NA,10,NA,0.0255,9.17e-10,4.59e-5,kg,NA,NA,NA,NA,NA,NA,NA,NA,NA,Saanich Inlet,48.59042447,-123.4990765,Acuna2011,https://doi.pangaea.de/10.1594/PANGAEA.832241,NA,NA
NA,23,Larson1987,https://www.sciencedirect.com/science/article/pii/0300962987904300,Acuna2011,https://doi.pangaea.de/10.1594/PANGAEA.832241,Aequorea victoria,Unknown,Unknown,NA,NA,NA,RespirationRate,8.67,NA,NA,Replicate,umol/ind/hr,NA,NA,10,NA,0.0545,1.96e-9,9.81e-5,kg,NA,NA,NA,NA,NA,NA,NA,NA,NA,Saanich Inlet,48.59042447,-123.4990765,Acuna2011,https://doi.pangaea.de/10.1594/PANGAEA.832241,NA,NA
NA,24,Larson1987,https://www.sciencedirect.com/science/article/pii/0300962987904300,Acuna2011,https://doi.pangaea.de/10.1594/PANGAEA.832241,Aglantha digitale,Unknown,Unknown,NA,NA,NA,RespirationRate,0.0696,NA,NA,Replicate,umol/ind/hr,NA,NA,10,NA,3.37e-5,1.21e-12,6.07e-8,kg,NA,NA,NA,NA,NA,NA,NA,NA,NA,Saanich Inlet,48.59042447,-123.4990765,Acuna2011,https://doi.pangaea.de/10.1594/PANGAEA.832241,NA,NA
NA,25,Larson1987,https://www.sciencedirect.com/science/article/pii/0300962987904300,Acuna2011,https://doi.pangaea.de/10.1594/PANGAEA.832241,Aglantha digitale,Unknown,Unknown,NA,NA,NA,RespirationRate,0.0979,NA,NA,Replicate,umol/ind/hr,NA,NA,10,NA,6.25e-5,2.25e-12,1.13e-7,kg,NA,NA,NA,NA,NA,NA,NA,NA,NA,Saanich Inlet,48.59042447,-123.4990765,Acuna2011,https://doi.pangaea.de/10.1594/PANGAEA.832241,NA,NA
NA,26,Larson1987,https://www.sciencedirect.com/science/article/pii/0300962987904300,Acuna2011,https://doi.pangaea.de/10.1594/PANGAEA.832241,Aglantha digitale,Unknown,Unknown,NA,NA,NA,RespirationRate,0.118,NA,NA,Replicate,umol/ind/hr,NA,NA,10,NA,7.81e-5,2.81e-12,1.41e-7,kg,NA,NA,NA,NA,NA,NA,NA,NA,NA,Saanich Inlet,48.59042447,-123.4990765,Acuna2011,https://doi.pangaea.de/10.1594/PANGAEA.832241,NA,NA
NA,27,Larson1987,https://www.sciencedirect.com/science/article/pii/0300962987904300,Acuna2011,https://doi.pangaea.de/10.1594/PANGAEA.832241,Aglantha digitale,Unknown,Unknown,NA,NA,NA,RespirationRate,0.149,NA,NA,Replicate,umol/ind/hr,NA,NA,10,NA,7.01e-5,2.52e-12,1.26e-7,kg,NA,NA,NA,NA,NA,NA,NA,NA,NA,Saanich Inlet,48.59042447,-123.4990765,Acuna2011,https://doi.pangaea.de/10.1594/PANGAEA.832241,NA,NA
NA,28,Larson1987,https://www.sciencedirect.com/science/article/pii/0300962987904300,Acuna2011,https://doi.pangaea.de/10.1594/PANGAEA.832241,Aglantha digitale,Unknown,Unknown,NA,NA,NA,RespirationRate,0.159,NA,NA,Replicate,umol/ind/hr,NA,NA,10,NA,1.35e-4,4.87e-12,2.44e-7,kg,NA,NA,NA,NA,NA,NA,NA,NA,NA,Saanich Inlet,48.59042447,-123.4990765,Acuna2011,https://doi.pangaea.de/10.1594/PANGAEA.832241,NA,NA
NA,29,Larson1987,https://www.sciencedirect.com/science/article/pii/0300962987904300,Acuna2011,https://doi.pangaea.de/10.1594/PANGAEA.832241,Aglantha digitale,Unknown,Unknown,NA,NA,NA,RespirationRate,0.195,NA,NA,Replicate,umol/ind/hr,NA,NA,10,NA,1.46e-4,5.27e-12,2.64e-7,kg,NA,NA,NA,NA,NA,NA,NA,NA,NA,Saanich Inlet,48.59042447,-123.4990765,Acuna2011,https://doi.pangaea.de/10.1594/PANGAEA.832241,NA,NA
NA,30,Larson1987,https://www.sciencedirect.com/science/article/pii/0300962987904300,Acuna2011,https://doi.pangaea.de/10.1594/PANGAEA.832241,Aglantha digitale,Unknown,Unknown,NA,NA,NA,RespirationRate,0.223,NA,NA,Replicate,umol/ind/hr,NA,NA,10,NA,1.18e-4,4.25e-12,2.12e-7,kg,NA,NA,NA,NA,NA,NA,NA,NA,NA,Saanich Inlet,48.59042447,-123.4990765,Acuna2011,https://doi.pangaea.de/10.1594/PANGAEA.832241,NA,NA
NA,31,Larson1987,https://www.sciencedirect.com/science/article/pii/0300962987904300,Acuna2011,https://doi.pangaea.de/10.1594/PANGAEA.832241,Aglantha digitale,Unknown,Unknown,NA,NA,NA,RespirationRate,0.256,NA,NA,Replicate,umol/ind/hr,NA,NA,10,NA,2.84e-4,1.02e-11,5.11e-7,kg,NA,NA,NA,NA,NA,NA,NA,NA,NA,Saanich Inlet,48.59042447,-123.4990765,Acuna2011,https://doi.pangaea.de/10.1594/PANGAEA.832241,NA,NA
NA,32,Larson1987,https://www.sciencedirect.com/science/article/pii/0300962987904300,Acuna2011,https://doi.pangaea.de/10.1594/PANGAEA.832241,Aglantha digitale,Unknown,Unknown,NA,NA,NA,RespirationRate,0.313,NA,NA,Replicate,umol/ind/hr,NA,NA,10,NA,2.56e-4,9.23e-12,4.61e-7,kg,NA,NA,NA,NA,NA,NA,NA,NA,NA,Saanich Inlet,48.59042447,-123.4990765,Acuna2011,https://doi.pangaea.de/10.1594/PANGAEA.832241,NA,NA
NA,33,Larson1987,https://www.sciencedirect.com/science/article/pii/0300962987904300,Acuna2011,https://doi.pangaea.de/10.1594/PANGAEA.832241,Aglantha digitale,Unknown,Unknown,NA,NA,NA,RespirationRate,0.335,NA,NA,Replicate,umol/ind/hr,NA,NA,10,NA,3.39e-4,1.22e-11,6.11e-7,kg,NA,NA,NA,NA,NA,NA,NA,NA,NA,Saanich Inlet,48.59042447,-123.4990765,Acuna2011,https://doi.pangaea.de/10.1594/PANGAEA.832241,NA,NA
NA,34,Larson1987,https://www.sciencedirect.com/science/article/pii/0300962987904300,Acuna2011,https://doi.pangaea.de/10.1594/PANGAEA.832241,Aglantha digitale,Unknown,Unknown,NA,NA,NA,RespirationRate,0.467,NA,NA,Replicate,umol/ind/hr,NA,NA,10,NA,4.25e-4,1.53e-11,7.65e-7,kg,NA,NA,NA,NA,NA,NA,NA,NA,NA,Saanich Inlet,48.59042447,-123.4990765,Acuna2011,https://doi.pangaea.de/10.1594/PANGAEA.832241,NA,NA
NA,35,Larson1987,https://www.sciencedirect.com/science/article/pii/0300962987904300,Acuna2011,https://doi.pangaea.de/10.1594/PANGAEA.832241,Aurelia aurita,Unknown,Unknown,NA,NA,NA,RespirationRate,0.177,NA,NA,Replicate,umol/ind/hr,NA,NA,10,NA,3.3e-4,1.19e-11,8.32e-7,kg,NA,NA,NA,NA,NA,NA,NA,NA,NA,Saanich Inlet,48.59042447,-123.4990765,Acuna2011,https://doi.pangaea.de/10.1594/PANGAEA.832241,NA,NA
NA,36,Larson1987,https://www.sciencedirect.com/science/article/pii/0300962987904300,Acuna2011,https://doi.pangaea.de/10.1594/PANGAEA.832241,Aurelia aurita,Unknown,Unknown,NA,NA,NA,RespirationRate,0.304,NA,NA,Replicate,umol/ind/hr,NA,NA,10,NA,0.0017,6.11e-11,4.28e-6,kg,NA,NA,NA,NA,NA,NA,NA,NA,NA,Saanich Inlet,48.59042447,-123.4990765,Acuna2011,https://doi.pangaea.de/10.1594/PANGAEA.832241,NA,NA
NA,37,Larson1987,https://www.sciencedirect.com/science/article/pii/0300962987904300,Acuna2011,https://doi.pangaea.de/10.1594/PANGAEA.832241,Aurelia aurita,Unknown,Unknown,NA,NA,NA,RespirationRate,1.42,NA,NA,Replicate,umol/ind/hr,NA,NA,10,NA,0.00362,1.3e-10,9.13e-6,kg,NA,NA,NA,NA,NA,NA,NA,NA,NA,Saanich Inlet,48.59042447,-123.4990765,Acuna2011,https://doi.pangaea.de/10.1594/PANGAEA.832241,NA,NA
NA,38,Larson1987,https://www.sciencedirect.com/science/article/pii/0300962987904300,Acuna2011,https://doi.pangaea.de/10.1594/PANGAEA.832241,Aurelia aurita,Unknown,Unknown,NA,NA,NA,RespirationRate,2.48,NA,NA,Replicate,umol/ind/hr,NA,NA,10,NA,0.00877,3.16e-10,2.21e-5,kg,NA,NA,NA,NA,NA,NA,NA,NA,NA,Saanich Inlet,48.59042447,-123.4990765,Acuna2011,https://doi.pangaea.de/10.1594/PANGAEA.832241,NA,NA
NA,39,Larson1987,https://www.sciencedirect.com/science/article/pii/0300962987904300,Acuna2011,https://doi.pangaea.de/10.1594/PANGAEA.832241,Aurelia aurita,Unknown,Unknown,NA,NA,NA,RespirationRate,1.63,NA,NA,Replicate,umol/ind/hr,NA,NA,10,NA,0.00985,3.55e-10,2.48e-5,kg,NA,NA,NA,NA,NA,NA,NA,NA,NA,Saanich Inlet,48.59042447,-123.4990765,Acuna2011,https://doi.pangaea.de/10.1594/PANGAEA.832241,NA,NA
NA,40,Larson1987,https://www.sciencedirect.com/science/article/pii/0300962987904300,Acuna2011,https://doi.pangaea.de/10.1594/PANGAEA.832241,Aurelia aurita,Unknown,Unknown,NA,NA,NA,RespirationRate,3.68,NA,NA,Replicate,umol/ind/hr,NA,NA,10,NA,0.0244,8.77e-10,6.14e-5,kg,NA,NA,NA,NA,NA,NA,NA,NA,NA,Saanich Inlet,48.59042447,-123.4990765,Acuna2011,https://doi.pangaea.de/10.1594/PANGAEA.832241,NA,NA
NA,41,Larson1987,https://www.sciencedirect.com/science/article/pii/0300962987904300,Acuna2011,https://doi.pangaea.de/10.1594/PANGAEA.832241,Aurelia aurita,Unknown,Unknown,NA,NA,NA,RespirationRate,5.46,NA,NA,Replicate,umol/ind/hr,NA,NA,10,NA,0.0225,8.08e-10,5.66e-5,kg,NA,NA,NA,NA,NA,NA,NA,NA,NA,Saanich Inlet,48.59042447,-123.4990765,Acuna2011,https://doi.pangaea.de/10.1594/PANGAEA.832241,NA,NA
NA,42,Larson1987,https://www.sciencedirect.com/science/article/pii/0300962987904300,Acuna2011,https://doi.pangaea.de/10.1594/PANGAEA.832241,Aurelia aurita,Unknown,Unknown,NA,NA,NA,RespirationRate,9.75,NA,NA,Replicate,umol/ind/hr,NA,NA,10,NA,0.0448,1.61e-9,1.13e-4,kg,NA,NA,NA,NA,NA,NA,NA,NA,NA,Saanich Inlet,48.59042447,-123.4990765,Acuna2011,https://doi.pangaea.de/10.1594/PANGAEA.832241,NA,NA
NA,43,Larson1987,https://www.sciencedirect.com/science/article/pii/0300962987904300,Acuna2011,https://doi.pangaea.de/10.1594/PANGAEA.832241,Aurelia aurita,Unknown,Unknown,NA,NA,NA,RespirationRate,9.79,NA,NA,Replicate,umol/ind/hr,NA,NA,10,NA,0.0936,3.37e-9,2.36e-4,kg,NA,NA,NA,NA,NA,NA,NA,NA,NA,Saanich Inlet,48.59042447,-123.4990765,Acuna2011,https://doi.pangaea.de/10.1594/PANGAEA.832241,NA,NA
NA,44,Larson1987,https://www.sciencedirect.com/science/article/pii/0300962987904300,Acuna2011,https://doi.pangaea.de/10.1594/PANGAEA.832241,Aurelia aurita,Unknown,Unknown,NA,NA,NA,RespirationRate,25.9,NA,NA,Replicate,umol/ind/hr,NA,NA,10,NA,0.195,7.01e-9,4.91e-4,kg,NA,NA,NA,NA,NA,NA,NA,NA,NA,Saanich Inlet,48.59042447,-123.4990765,Acuna2011,https://doi.pangaea.de/10.1594/PANGAEA.832241,NA,NA
NA,45,Larson1987,https://www.sciencedirect.com/science/article/pii/0300962987904300,Acuna2011,https://doi.pangaea.de/10.1594/PANGAEA.832241,Aurelia aurita,Unknown,Unknown,NA,NA,NA,RespirationRate,0.0958,NA,NA,Replicate,umol/ind/hr,NA,NA,15,NA,3.39e-4,1.22e-11,8.54e-7,kg,NA,NA,NA,NA,NA,NA,NA,NA,NA,Saanich Inlet,48.59042447,-123.4990765,Acuna2011,https://doi.pangaea.de/10.1594/PANGAEA.832241,NA,NA
NA,46,Larson1987,https://www.sciencedirect.com/science/article/pii/0300962987904300,Acuna2011,https://doi.pangaea.de/10.1594/PANGAEA.832241,Aurelia aurita,Unknown,Unknown,NA,NA,NA,RespirationRate,0.45,NA,NA,Replicate,umol/ind/hr,NA,NA,15,NA,6.51e-4,2.35e-11,1.64e-6,kg,NA,NA,NA,NA,NA,NA,NA,NA,NA,Saanich Inlet,48.59042447,-123.4990765,Acuna2011,https://doi.pangaea.de/10.1594/PANGAEA.832241,NA,NA
NA,47,Larson1987,https://www.sciencedirect.com/science/article/pii/0300962987904300,Acuna2011,https://doi.pangaea.de/10.1594/PANGAEA.832241,Aurelia aurita,Unknown,Unknown,NA,NA,NA,RespirationRate,3.08,NA,NA,Replicate,umol/ind/hr,NA,NA,15,NA,0.00765,2.75e-10,1.93e-5,kg,NA,NA,NA,NA,NA,NA,NA,NA,NA,Saanich Inlet,48.59042447,-123.4990765,Acuna2011,https://doi.pangaea.de/10.1594/PANGAEA.832241,NA,NA
NA,48,Larson1987,https://www.sciencedirect.com/science/article/pii/0300962987904300,Acuna2011,https://doi.pangaea.de/10.1594/PANGAEA.832241,Aurelia aurita,Unknown,Unknown,NA,NA,NA,RespirationRate,5.46,NA,NA,Replicate,umol/ind/hr,NA,NA,15,NA,0.00719,2.59e-10,1.81e-5,kg,NA,NA,NA,NA,NA,NA,NA,NA,NA,Saanich Inlet,48.59042447,-123.4990765,Acuna2011,https://doi.pangaea.de/10.1594/PANGAEA.832241,NA,NA
NA,49,Larson1987,https://www.sciencedirect.com/science/article/pii/0300962987904300,Acuna2011,https://doi.pangaea.de/10.1594/PANGAEA.832241,Aurelia aurita,Unknown,Unknown,NA,NA,NA,RespirationRate,5.5,NA,NA,Replicate,umol/ind/hr,NA,NA,15,NA,0.0128,4.62e-10,3.23e-5,kg,NA,NA,NA,NA,NA,NA,NA,NA,NA,Saanich Inlet,48.59042447,-123.4990765,Acuna2011,https://doi.pangaea.de/10.1594/PANGAEA.832241,NA,NA
NA,50,Larson1987,https://www.sciencedirect.com/science/article/pii/0300962987904300,Acuna2011,https://doi.pangaea.de/10.1594/PANGAEA.832241,Aurelia aurita,Unknown,Unknown,NA,NA,NA,RespirationRate,4.5,NA,NA,Replicate,umol/ind/hr,NA,NA,15,NA,0.0152,5.48e-10,3.84e-5,kg,NA,NA,NA,NA,NA,NA,NA,NA,NA,Saanich Inlet,48.59042447,-123.4990765,Acuna2011,https://doi.pangaea.de/10.1594/PANGAEA.832241,NA,NA
NA,51,Larson1987,https://www.sciencedirect.com/science/article/pii/0300962987904300,Acuna2011,https://doi.pangaea.de/10.1594/PANGAEA.832241,Aurelia aurita,Unknown,Unknown,NA,NA,NA,RespirationRate,5.46,NA,NA,Replicate,umol/ind/hr,NA,NA,15,NA,0.0199,7.15e-10,5.01e-5,kg,NA,NA,NA,NA,NA,NA,NA,NA,NA,Saanich Inlet,48.59042447,-123.4990765,Acuna2011,https://doi.pangaea.de/10.1594/PANGAEA.832241,NA,NA
NA,52,Larson1987,https://www.sciencedirect.com/science/article/pii/0300962987904300,Acuna2011,https://doi.pangaea.de/10.1594/PANGAEA.832241,Aurelia aurita,Unknown,Unknown,NA,NA,NA,RespirationRate,6.63,NA,NA,Replicate,umol/ind/hr,NA,NA,15,NA,0.025,9.01e-10,6.3e-5,kg,NA,NA,NA,NA,NA,NA,NA,NA,NA,Saanich Inlet,48.59042447,-123.4990765,Acuna2011,https://doi.pangaea.de/10.1594/PANGAEA.832241,NA,NA
NA,53,Larson1987,https://www.sciencedirect.com/science/article/pii/0300962987904300,Acuna2011,https://doi.pangaea.de/10.1594/PANGAEA.832241,Aurelia aurita,Unknown,Unknown,NA,NA,NA,RespirationRate,8.08,NA,NA,Replicate,umol/ind/hr,NA,NA,15,NA,0.0222,7.99e-10,5.59e-5,kg,NA,NA,NA,NA,NA,NA,NA,NA,NA,Saanich Inlet,48.59042447,-123.4990765,Acuna2011,https://doi.pangaea.de/10.1594/PANGAEA.832241,NA,NA
NA,54,Larson1987,https://www.sciencedirect.com/science/article/pii/0300962987904300,Acuna2011,https://doi.pangaea.de/10.1594/PANGAEA.832241,Aurelia aurita,Unknown,Unknown,NA,NA,NA,RespirationRate,14.4,NA,NA,Replicate,umol/ind/hr,NA,NA,15,NA,0.0436,1.57e-9,1.1e-4,kg,NA,NA,NA,NA,NA,NA,NA,NA,NA,Saanich Inlet,48.59042447,-123.4990765,Acuna2011,https://doi.pangaea.de/10.1594/PANGAEA.832241,NA,NA
NA,55,Larson1987,https://www.sciencedirect.com/science/article/pii/0300962987904300,Acuna2011,https://doi.pangaea.de/10.1594/PANGAEA.832241,Aurelia aurita,Unknown,Unknown,NA,NA,NA,RespirationRate,11.6,NA,NA,Replicate,umol/ind/hr,NA,NA,15,NA,0.0427,1.54e-9,1.08e-4,kg,NA,NA,NA,NA,NA,NA,NA,NA,NA,Saanich Inlet,48.59042447,-123.4990765,Acuna2011,https://doi.pangaea.de/10.1594/PANGAEA.832241,NA,NA
NA,56,Larson1987,https://www.sciencedirect.com/science/article/pii/0300962987904300,Acuna2011,https://doi.pangaea.de/10.1594/PANGAEA.832241,Aurelia aurita,Unknown,Unknown,NA,NA,NA,RespirationRate,11.8,NA,NA,Replicate,umol/ind/hr,NA,NA,15,NA,0.0673,2.42e-9,1.7e-4,kg,NA,NA,NA,NA,NA,NA,NA,NA,NA,Saanich Inlet,48.59042447,-123.4990765,Acuna2011,https://doi.pangaea.de/10.1594/PANGAEA.832241,NA,NA
NA,57,Larson1987,https://www.sciencedirect.com/science/article/pii/0300962987904300,Acuna2011,https://doi.pangaea.de/10.1594/PANGAEA.832241,Aurelia aurita,Unknown,Unknown,NA,NA,NA,RespirationRate,20.7,NA,NA,Replicate,umol/ind/hr,NA,NA,15,NA,0.0946,3.41e-9,2.38e-4,kg,NA,NA,NA,NA,NA,NA,NA,NA,NA,Saanich Inlet,48.59042447,-123.4990765,Acuna2011,https://doi.pangaea.de/10.1594/PANGAEA.832241,NA,NA
NA,58,Larson1987,https://www.sciencedirect.com/science/article/pii/0300962987904300,Acuna2011,https://doi.pangaea.de/10.1594/PANGAEA.832241,Cyanea capillata,Unknown,Unknown,NA,NA,NA,RespirationRate,0.35,NA,NA,Replicate,umol/ind/hr,NA,NA,10,NA,5.99e-4,2.16e-11,1.08e-6,kg,NA,NA,NA,NA,NA,NA,NA,NA,NA,Saanich Inlet,48.59042447,-123.4990765,Acuna2011,https://doi.pangaea.de/10.1594/PANGAEA.832241,NA,NA
NA,59,Larson1987,https://www.sciencedirect.com/science/article/pii/0300962987904300,Acuna2011,https://doi.pangaea.de/10.1594/PANGAEA.832241,Cyanea capillata,Unknown,Unknown,NA,NA,NA,RespirationRate,0.979,NA,NA,Replicate,umol/ind/hr,NA,NA,10,NA,0.00118,4.27e-11,2.13e-6,kg,NA,NA,NA,NA,NA,NA,NA,NA,NA,Saanich Inlet,48.59042447,-123.4990765,Acuna2011,https://doi.pangaea.de/10.1594/PANGAEA.832241,NA,NA
NA,60,Larson1987,https://www.sciencedirect.com/science/article/pii/0300962987904300,Acuna2011,https://doi.pangaea.de/10.1594/PANGAEA.832241,Cyanea capillata,Unknown,Unknown,NA,NA,NA,RespirationRate,0.425,NA,NA,Replicate,umol/ind/hr,NA,NA,10,NA,0.00176,6.33e-11,3.17e-6,kg,NA,NA,NA,NA,NA,NA,NA,NA,NA,Saanich Inlet,48.59042447,-123.4990765,Acuna2011,https://doi.pangaea.de/10.1594/PANGAEA.832241,NA,NA
NA,61,Larson1987,https://www.sciencedirect.com/science/article/pii/0300962987904300,Acuna2011,https://doi.pangaea.de/10.1594/PANGAEA.832241,Cyanea capillata,Unknown,Unknown,NA,NA,NA,RespirationRate,5,NA,NA,Replicate,umol/ind/hr,NA,NA,10,NA,0.00463,1.67e-10,8.33e-6,kg,NA,NA,NA,NA,NA,NA,NA,NA,NA,Saanich Inlet,48.59042447,-123.4990765,Acuna2011,https://doi.pangaea.de/10.1594/PANGAEA.832241,NA,NA
NA,62,Larson1987,https://www.sciencedirect.com/science/article/pii/0300962987904300,Acuna2011,https://doi.pangaea.de/10.1594/PANGAEA.832241,Cyanea capillata,Unknown,Unknown,NA,NA,NA,RespirationRate,4.96,NA,NA,Replicate,umol/ind/hr,NA,NA,10,NA,0.0069,2.48e-10,1.24e-5,kg,NA,NA,NA,NA,NA,NA,NA,NA,NA,Saanich Inlet,48.59042447,-123.4990765,Acuna2011,https://doi.pangaea.de/10.1594/PANGAEA.832241,NA,NA
NA,63,Larson1987,https://www.sciencedirect.com/science/article/pii/0300962987904300,Acuna2011,https://doi.pangaea.de/10.1594/PANGAEA.832241,Cyanea capillata,Unknown,Unknown,NA,NA,NA,RespirationRate,9.25,NA,NA,Replicate,umol/ind/hr,NA,NA,10,NA,0.0134,4.81e-10,2.4e-5,kg,NA,NA,NA,NA,NA,NA,NA,NA,NA,Saanich Inlet,48.59042447,-123.4990765,Acuna2011,https://doi.pangaea.de/10.1594/PANGAEA.832241,NA,NA
NA,64,Larson1987,https://www.sciencedirect.com/science/article/pii/0300962987904300,Acuna2011,https://doi.pangaea.de/10.1594/PANGAEA.832241,Cyanea capillata,Unknown,Unknown,NA,NA,NA,RespirationRate,13.7,NA,NA,Replicate,umol/ind/hr,NA,NA,10,NA,0.0258,9.3e-10,4.65e-5,kg,NA,NA,NA,NA,NA,NA,NA,NA,NA,Saanich Inlet,48.59042447,-123.4990765,Acuna2011,https://doi.pangaea.de/10.1594/PANGAEA.832241,NA,NA
NA,65,Larson1987,https://www.sciencedirect.com/science/article/pii/0300962987904300,Acuna2011,https://doi.pangaea.de/10.1594/PANGAEA.832241,Cyanea capillata,Unknown,Unknown,NA,NA,NA,RespirationRate,47.1,NA,NA,Replicate,umol/ind/hr,NA,NA,10,NA,0.0532,1.92e-9,9.58e-5,kg,NA,NA,NA,NA,NA,NA,NA,NA,NA,Saanich Inlet,48.59042447,-123.4990765,Acuna2011,https://doi.pangaea.de/10.1594/PANGAEA.832241,NA,NA
NA,66,Larson1987,https://www.sciencedirect.com/science/article/pii/0300962987904300,Acuna2011,https://doi.pangaea.de/10.1594/PANGAEA.832241,Cyanea capillata,Unknown,Unknown,NA,NA,NA,RespirationRate,0.638,NA,NA,Replicate,umol/ind/hr,NA,NA,15,NA,3.58e-4,1.29e-11,6.44e-7,kg,NA,NA,NA,NA,NA,NA,NA,NA,NA,Saanich Inlet,48.59042447,-123.4990765,Acuna2011,https://doi.pangaea.de/10.1594/PANGAEA.832241,NA,NA
NA,67,Larson1987,https://www.sciencedirect.com/science/article/pii/0300962987904300,Acuna2011,https://doi.pangaea.de/10.1594/PANGAEA.832241,Cyanea capillata,Unknown,Unknown,NA,NA,NA,RespirationRate,1.52,NA,NA,Replicate,umol/ind/hr,NA,NA,15,NA,0.00121,4.36e-11,2.18e-6,kg,NA,NA,NA,NA,NA,NA,NA,NA,NA,Saanich Inlet,48.59042447,-123.4990765,Acuna2011,https://doi.pangaea.de/10.1594/PANGAEA.832241,NA,NA
NA,68,Larson1987,https://www.sciencedirect.com/science/article/pii/0300962987904300,Acuna2011,https://doi.pangaea.de/10.1594/PANGAEA.832241,Cyanea capillata,Unknown,Unknown,NA,NA,NA,RespirationRate,11,NA,NA,Replicate,umol/ind/hr,NA,NA,15,NA,0.00765,2.75e-10,1.38e-5,kg,NA,NA,NA,NA,NA,NA,NA,NA,NA,Saanich Inlet,48.59042447,-123.4990765,Acuna2011,https://doi.pangaea.de/10.1594/PANGAEA.832241,NA,NA
NA,69,Larson1987,https://www.sciencedirect.com/science/article/pii/0300962987904300,Acuna2011,https://doi.pangaea.de/10.1594/PANGAEA.832241,Cyanea capillata,Unknown,Unknown,NA,NA,NA,RespirationRate,25.4,NA,NA,Replicate,umol/ind/hr,NA,NA,15,NA,0.0208,7.49e-10,3.74e-5,kg,NA,NA,NA,NA,NA,NA,NA,NA,NA,Saanich Inlet,48.59042447,-123.4990765,Acuna2011,https://doi.pangaea.de/10.1594/PANGAEA.832241,NA,NA
NA,70,Larson1987,https://www.sciencedirect.com/science/article/pii/0300962987904300,Acuna2011,https://doi.pangaea.de/10.1594/PANGAEA.832241,Eperetmus typus,Unknown,Unknown,NA,NA,NA,RespirationRate,0.369,NA,NA,Replicate,umol/ind/hr,NA,NA,10,NA,0.0018,6.47e-11,3.24e-6,kg,NA,NA,NA,NA,NA,NA,NA,NA,NA,Saanich Inlet,48.59042447,-123.4990765,Acuna2011,https://doi.pangaea.de/10.1594/PANGAEA.832241,NA,NA
NA,71,Larson1987,https://www.sciencedirect.com/science/article/pii/0300962987904300,Acuna2011,https://doi.pangaea.de/10.1594/PANGAEA.832241,Eperetmus typus,Unknown,Unknown,NA,NA,NA,RespirationRate,0.55,NA,NA,Replicate,umol/ind/hr,NA,NA,10,NA,0.0011,3.94e-11,1.97e-6,kg,NA,NA,NA,NA,NA,NA,NA,NA,NA,Saanich Inlet,48.59042447,-123.4990765,Acuna2011,https://doi.pangaea.de/10.1594/PANGAEA.832241,NA,NA
NA,72,Larson1987,https://www.sciencedirect.com/science/article/pii/0300962987904300,Acuna2011,https://doi.pangaea.de/10.1594/PANGAEA.832241,Eperetmus typus,Unknown,Unknown,NA,NA,NA,RespirationRate,0.933,NA,NA,Replicate,umol/ind/hr,NA,NA,10,NA,0.00218,7.85e-11,3.92e-6,kg,NA,NA,NA,NA,NA,NA,NA,NA,NA,Saanich Inlet,48.59042447,-123.4990765,Acuna2011,https://doi.pangaea.de/10.1594/PANGAEA.832241,NA,NA
NA,73,Larson1987,https://www.sciencedirect.com/science/article/pii/0300962987904300,Acuna2011,https://doi.pangaea.de/10.1594/PANGAEA.832241,Eperetmus typus,Unknown,Unknown,NA,NA,NA,RespirationRate,1.3,NA,NA,Replicate,umol/ind/hr,NA,NA,10,NA,0.00287,1.03e-10,5.17e-6,kg,NA,NA,NA,NA,NA,NA,NA,NA,NA,Saanich Inlet,48.59042447,-123.4990765,Acuna2011,https://doi.pangaea.de/10.1594/PANGAEA.832241,NA,NA
NA,74,Larson1987,https://www.sciencedirect.com/science/article/pii/0300962987904300,Acuna2011,https://doi.pangaea.de/10.1594/PANGAEA.832241,Eperetmus typus,Unknown,Unknown,NA,NA,NA,RespirationRate,2.16,NA,NA,Replicate,umol/ind/hr,NA,NA,10,NA,0.00463,1.67e-10,8.34e-6,kg,NA,NA,NA,NA,NA,NA,NA,NA,NA,Saanich Inlet,48.59042447,-123.4990765,Acuna2011,https://doi.pangaea.de/10.1594/PANGAEA.832241,NA,NA
NA,75,Larson1987,https://www.sciencedirect.com/science/article/pii/0300962987904300,Acuna2011,https://doi.pangaea.de/10.1594/PANGAEA.832241,Eutonina indicans,Unknown,Unknown,NA,NA,NA,RespirationRate,0.0617,NA,NA,Replicate,umol/ind/hr,NA,NA,10,NA,1.13e-4,4.06e-12,2.03e-7,kg,NA,NA,NA,NA,NA,NA,NA,NA,NA,Saanich Inlet,48.59042447,-123.4990765,Acuna2011,https://doi.pangaea.de/10.1594/PANGAEA.832241,NA,NA
NA,76,Larson1987,https://www.sciencedirect.com/science/article/pii/0300962987904300,Acuna2011,https://doi.pangaea.de/10.1594/PANGAEA.832241,Eutonina indicans,Unknown,Unknown,NA,NA,NA,RespirationRate,0.105,NA,NA,Replicate,umol/ind/hr,NA,NA,10,NA,1.51e-4,5.43e-12,2.71e-7,kg,NA,NA,NA,NA,NA,NA,NA,NA,NA,Saanich Inlet,48.59042447,-123.4990765,Acuna2011,https://doi.pangaea.de/10.1594/PANGAEA.832241,NA,NA
NA,77,Larson1987,https://www.sciencedirect.com/science/article/pii/0300962987904300,Acuna2011,https://doi.pangaea.de/10.1594/PANGAEA.832241,Eutonina indicans,Unknown,Unknown,NA,NA,NA,RespirationRate,0.15,NA,NA,Replicate,umol/ind/hr,NA,NA,10,NA,3.89e-4,1.4e-11,7.01e-7,kg,NA,NA,NA,NA,NA,NA,NA,NA,NA,Saanich Inlet,48.59042447,-123.4990765,Acuna2011,https://doi.pangaea.de/10.1594/PANGAEA.832241,NA,NA
NA,78,Larson1987,https://www.sciencedirect.com/science/article/pii/0300962987904300,Acuna2011,https://doi.pangaea.de/10.1594/PANGAEA.832241,Eutonina indicans,Unknown,Unknown,NA,NA,NA,RespirationRate,0.167,NA,NA,Replicate,umol/ind/hr,NA,NA,10,NA,6.28e-4,2.26e-11,1.13e-6,kg,NA,NA,NA,NA,NA,NA,NA,NA,NA,Saanich Inlet,48.59042447,-123.4990765,Acuna2011,https://doi.pangaea.de/10.1594/PANGAEA.832241,NA,NA
NA,79,Larson1987,https://www.sciencedirect.com/science/article/pii/0300962987904300,Acuna2011,https://doi.pangaea.de/10.1594/PANGAEA.832241,Eutonina indicans,Unknown,Unknown,NA,NA,NA,RespirationRate,0.217,NA,NA,Replicate,umol/ind/hr,NA,NA,10,NA,8.87e-4,3.19e-11,1.6e-6,kg,NA,NA,NA,NA,NA,NA,NA,NA,NA,Saanich Inlet,48.59042447,-123.4990765,Acuna2011,https://doi.pangaea.de/10.1594/PANGAEA.832241,NA,NA
NA,80,Larson1987,https://www.sciencedirect.com/science/article/pii/0300962987904300,Acuna2011,https://doi.pangaea.de/10.1594/PANGAEA.832241,Eutonina indicans,Unknown,Unknown,NA,NA,NA,RespirationRate,0.336,NA,NA,Replicate,umol/ind/hr,NA,NA,10,NA,9.11e-4,3.28e-11,1.64e-6,kg,NA,NA,NA,NA,NA,NA,NA,NA,NA,Saanich Inlet,48.59042447,-123.4990765,Acuna2011,https://doi.pangaea.de/10.1594/PANGAEA.832241,NA,NA
NA,81,Larson1987,https://www.sciencedirect.com/science/article/pii/0300962987904300,Acuna2011,https://doi.pangaea.de/10.1594/PANGAEA.832241,Eutonina indicans,Unknown,Unknown,NA,NA,NA,RespirationRate,0.261,NA,NA,Replicate,umol/ind/hr,NA,NA,10,NA,0.00106,3.81e-11,1.91e-6,kg,NA,NA,NA,NA,NA,NA,NA,NA,NA,Saanich Inlet,48.59042447,-123.4990765,Acuna2011,https://doi.pangaea.de/10.1594/PANGAEA.832241,NA,NA
NA,82,Larson1987,https://www.sciencedirect.com/science/article/pii/0300962987904300,Acuna2011,https://doi.pangaea.de/10.1594/PANGAEA.832241,Eutonina indicans,Unknown,Unknown,NA,NA,NA,RespirationRate,0.4,NA,NA,Replicate,umol/ind/hr,NA,NA,10,NA,0.00125,4.49e-11,2.25e-6,kg,NA,NA,NA,NA,NA,NA,NA,NA,NA,Saanich Inlet,48.59042447,-123.4990765,Acuna2011,https://doi.pangaea.de/10.1594/PANGAEA.832241,NA,NA
NA,83,Larson1987,https://www.sciencedirect.com/science/article/pii/0300962987904300,Acuna2011,https://doi.pangaea.de/10.1594/PANGAEA.832241,Eutonina indicans,Unknown,Unknown,NA,NA,NA,RespirationRate,0.396,NA,NA,Replicate,umol/ind/hr,NA,NA,10,NA,0.00144,5.19e-11,2.6e-6,kg,NA,NA,NA,NA,NA,NA,NA,NA,NA,Saanich Inlet,48.59042447,-123.4990765,Acuna2011,https://doi.pangaea.de/10.1594/PANGAEA.832241,NA,NA
NA,84,Larson1987,https://www.sciencedirect.com/science/article/pii/0300962987904300,Acuna2011,https://doi.pangaea.de/10.1594/PANGAEA.832241,Eutonina indicans,Unknown,Unknown,NA,NA,NA,RespirationRate,0.525,NA,NA,Replicate,umol/ind/hr,NA,NA,10,NA,0.00194,6.99e-11,3.49e-6,kg,NA,NA,NA,NA,NA,NA,NA,NA,NA,Saanich Inlet,48.59042447,-123.4990765,Acuna2011,https://doi.pangaea.de/10.1594/PANGAEA.832241,NA,NA
NA,85,Larson1987,https://www.sciencedirect.com/science/article/pii/0300962987904300,Acuna2011,https://doi.pangaea.de/10.1594/PANGAEA.832241,Eutonina indicans,Unknown,Unknown,NA,NA,NA,RespirationRate,0.817,NA,NA,Replicate,umol/ind/hr,NA,NA,10,NA,0.00179,6.45e-11,3.23e-6,kg,NA,NA,NA,NA,NA,NA,NA,NA,NA,Saanich Inlet,48.59042447,-123.4990765,Acuna2011,https://doi.pangaea.de/10.1594/PANGAEA.832241,NA,NA
NA,86,Larson1987,https://www.sciencedirect.com/science/article/pii/0300962987904300,Acuna2011,https://doi.pangaea.de/10.1594/PANGAEA.832241,Eutonina indicans,Unknown,Unknown,NA,NA,NA,RespirationRate,0.813,NA,NA,Replicate,umol/ind/hr,NA,NA,10,NA,0.00249,8.98e-11,4.49e-6,kg,NA,NA,NA,NA,NA,NA,NA,NA,NA,Saanich Inlet,48.59042447,-123.4990765,Acuna2011,https://doi.pangaea.de/10.1594/PANGAEA.832241,NA,NA
NA,87,Larson1987,https://www.sciencedirect.com/science/article/pii/0300962987904300,Acuna2011,https://doi.pangaea.de/10.1594/PANGAEA.832241,Gonionemus vertens,Unknown,Unknown,NA,NA,NA,RespirationRate,0.396,NA,NA,Replicate,umol/ind/hr,NA,NA,10,NA,6.22e-4,2.24e-11,1.12e-6,kg,NA,NA,NA,NA,NA,NA,NA,NA,NA,Saanich Inlet,48.59042447,-123.4990765,Acuna2011,https://doi.pangaea.de/10.1594/PANGAEA.832241,NA,NA
NA,88,Larson1987,https://www.sciencedirect.com/science/article/pii/0300962987904300,Acuna2011,https://doi.pangaea.de/10.1594/PANGAEA.832241,Gonionemus vertens,Unknown,Unknown,NA,NA,NA,RespirationRate,0.458,NA,NA,Replicate,umol/ind/hr,NA,NA,10,NA,6.23e-4,2.24e-11,1.12e-6,kg,NA,NA,NA,NA,NA,NA,NA,NA,NA,Saanich Inlet,48.59042447,-123.4990765,Acuna2011,https://doi.pangaea.de/10.1594/PANGAEA.832241,NA,NA
NA,89,Larson1987,https://www.sciencedirect.com/science/article/pii/0300962987904300,Acuna2011,https://doi.pangaea.de/10.1594/PANGAEA.832241,Gonionemus vertens,Unknown,Unknown,NA,NA,NA,RespirationRate,0.692,NA,NA,Replicate,umol/ind/hr,NA,NA,10,NA,6.1e-4,2.2e-11,1.1e-6,kg,NA,NA,NA,NA,NA,NA,NA,NA,NA,Saanich Inlet,48.59042447,-123.4990765,Acuna2011,https://doi.pangaea.de/10.1594/PANGAEA.832241,NA,NA
NA,90,Larson1987,https://www.sciencedirect.com/science/article/pii/0300962987904300,Acuna2011,https://doi.pangaea.de/10.1594/PANGAEA.832241,Gonionemus vertens,Unknown,Unknown,NA,NA,NA,RespirationRate,0.729,NA,NA,Replicate,umol/ind/hr,NA,NA,10,NA,7.33e-4,2.64e-11,1.32e-6,kg,NA,NA,NA,NA,NA,NA,NA,NA,NA,Saanich Inlet,48.59042447,-123.4990765,Acuna2011,https://doi.pangaea.de/10.1594/PANGAEA.832241,NA,NA
NA,91,Larson1987,https://www.sciencedirect.com/science/article/pii/0300962987904300,Acuna2011,https://doi.pangaea.de/10.1594/PANGAEA.832241,Gonionemus vertens,Unknown,Unknown,NA,NA,NA,RespirationRate,0.896,NA,NA,Replicate,umol/ind/hr,NA,NA,10,NA,8.5e-4,3.06e-11,1.53e-6,kg,NA,NA,NA,NA,NA,NA,NA,NA,NA,Saanich Inlet,48.59042447,-123.4990765,Acuna2011,https://doi.pangaea.de/10.1594/PANGAEA.832241,NA,NA
NA,92,Larson1987,https://www.sciencedirect.com/science/article/pii/0300962987904300,Acuna2011,https://doi.pangaea.de/10.1594/PANGAEA.832241,Gonionemus vertens,Unknown,Unknown,NA,NA,NA,RespirationRate,1.35,NA,NA,Replicate,umol/ind/hr,NA,NA,10,NA,0.00151,5.43e-11,2.72e-6,kg,NA,NA,NA,NA,NA,NA,NA,NA,NA,Saanich Inlet,48.59042447,-123.4990765,Acuna2011,https://doi.pangaea.de/10.1594/PANGAEA.832241,NA,NA
NA,93,Larson1987,https://www.sciencedirect.com/science/article/pii/0300962987904300,Acuna2011,https://doi.pangaea.de/10.1594/PANGAEA.832241,Mitrocoma cellularia,Unknown,Unknown,NA,NA,NA,RespirationRate,0.126,NA,NA,Replicate,umol/ind/hr,NA,NA,10,NA,4.35e-4,1.56e-11,7.82e-7,kg,NA,NA,NA,NA,NA,NA,NA,NA,NA,Saanich Inlet,48.59042447,-123.4990765,Acuna2011,https://doi.pangaea.de/10.1594/PANGAEA.832241,NA,NA
NA,94,Larson1987,https://www.sciencedirect.com/science/article/pii/0300962987904300,Acuna2011,https://doi.pangaea.de/10.1594/PANGAEA.832241,Mitrocoma cellularia,Unknown,Unknown,NA,NA,NA,RespirationRate,0.0546,NA,NA,Replicate,umol/ind/hr,NA,NA,10,NA,8.39e-4,3.02e-11,1.51e-6,kg,NA,NA,NA,NA,NA,NA,NA,NA,NA,Saanich Inlet,48.59042447,-123.4990765,Acuna2011,https://doi.pangaea.de/10.1594/PANGAEA.832241,NA,NA
NA,95,Larson1987,https://www.sciencedirect.com/science/article/pii/0300962987904300,Acuna2011,https://doi.pangaea.de/10.1594/PANGAEA.832241,Mitrocoma cellularia,Unknown,Unknown,NA,NA,NA,RespirationRate,0.15,NA,NA,Replicate,umol/ind/hr,NA,NA,10,NA,0.00144,5.2e-11,2.6e-6,kg,NA,NA,NA,NA,NA,NA,NA,NA,NA,Saanich Inlet,48.59042447,-123.4990765,Acuna2011,https://doi.pangaea.de/10.1594/PANGAEA.832241,NA,NA
NA,96,Larson1987,https://www.sciencedirect.com/science/article/pii/0300962987904300,Acuna2011,https://doi.pangaea.de/10.1594/PANGAEA.832241,Mitrocoma cellularia,Unknown,Unknown,NA,NA,NA,RespirationRate,0.235,NA,NA,Replicate,umol/ind/hr,NA,NA,10,NA,0.00178,6.43e-11,3.21e-6,kg,NA,NA,NA,NA,NA,NA,NA,NA,NA,Saanich Inlet,48.59042447,-123.4990765,Acuna2011,https://doi.pangaea.de/10.1594/PANGAEA.832241,NA,NA
NA,97,Larson1987,https://www.sciencedirect.com/science/article/pii/0300962987904300,Acuna2011,https://doi.pangaea.de/10.1594/PANGAEA.832241,Mitrocoma cellularia,Unknown,Unknown,NA,NA,NA,RespirationRate,0.421,NA,NA,Replicate,umol/ind/hr,NA,NA,10,NA,0.0018,6.48e-11,3.24e-6,kg,NA,NA,NA,NA,NA,NA,NA,NA,NA,Saanich Inlet,48.59042447,-123.4990765,Acuna2011,https://doi.pangaea.de/10.1594/PANGAEA.832241,NA,NA
NA,98,Larson1987,https://www.sciencedirect.com/science/article/pii/0300962987904300,Acuna2011,https://doi.pangaea.de/10.1594/PANGAEA.832241,Mitrocoma cellularia,Unknown,Unknown,NA,NA,NA,RespirationRate,0.871,NA,NA,Replicate,umol/ind/hr,NA,NA,10,NA,0.0034,1.22e-10,6.12e-6,kg,NA,NA,NA,NA,NA,NA,NA,NA,NA,Saanich Inlet,48.59042447,-123.4990765,Acuna2011,https://doi.pangaea.de/10.1594/PANGAEA.832241,NA,NA
NA,99,Larson1987,https://www.sciencedirect.com/science/article/pii/0300962987904300,Acuna2011,https://doi.pangaea.de/10.1594/PANGAEA.832241,Mitrocoma cellularia,Unknown,Unknown,NA,NA,NA,RespirationRate,0.429,NA,NA,Replicate,umol/ind/hr,NA,NA,10,NA,0.00441,1.59e-10,7.94e-6,kg,NA,NA,NA,NA,NA,NA,NA,NA,NA,Saanich Inlet,48.59042447,-123.4990765,Acuna2011,https://doi.pangaea.de/10.1594/PANGAEA.832241,NA,NA
NA,100,Larson1987,https://www.sciencedirect.com/science/article/pii/0300962987904300,Acuna2011,https://doi.pangaea.de/10.1594/PANGAEA.832241,Mitrocoma cellularia,Unknown,Unknown,NA,NA,NA,RespirationRate,0.479,NA,NA,Replicate,umol/ind/hr,NA,NA,10,NA,0.00703,2.53e-10,1.27e-5,kg,NA,NA,NA,NA,NA,NA,NA,NA,NA,Saanich Inlet,48.59042447,-123.4990765,Acuna2011,https://doi.pangaea.de/10.1594/PANGAEA.832241,NA,NA
NA,101,Larson1987,https://www.sciencedirect.com/science/article/pii/0300962987904300,Acuna2011,https://doi.pangaea.de/10.1594/PANGAEA.832241,Mitrocoma cellularia,Unknown,Unknown,NA,NA,NA,RespirationRate,0.583,NA,NA,Replicate,umol/ind/hr,NA,NA,10,NA,0.00904,3.25e-10,1.63e-5,kg,NA,NA,NA,NA,NA,NA,NA,NA,NA,Saanich Inlet,48.59042447,-123.4990765,Acuna2011,https://doi.pangaea.de/10.1594/PANGAEA.832241,NA,NA
NA,102,Larson1987,https://www.sciencedirect.com/science/article/pii/0300962987904300,Acuna2011,https://doi.pangaea.de/10.1594/PANGAEA.832241,Mitrocoma cellularia,Unknown,Unknown,NA,NA,NA,RespirationRate,0.871,NA,NA,Replicate,umol/ind/hr,NA,NA,10,NA,0.0119,4.29e-10,2.14e-5,kg,NA,NA,NA,NA,NA,NA,NA,NA,NA,Saanich Inlet,48.59042447,-123.4990765,Acuna2011,https://doi.pangaea.de/10.1594/PANGAEA.832241,NA,NA
NA,103,Larson1987,https://www.sciencedirect.com/science/article/pii/0300962987904300,Acuna2011,https://doi.pangaea.de/10.1594/PANGAEA.832241,Mitrocoma cellularia,Unknown,Unknown,NA,NA,NA,RespirationRate,1.04,NA,NA,Replicate,umol/ind/hr,NA,NA,10,NA,0.0125,4.49e-10,2.24e-5,kg,NA,NA,NA,NA,NA,NA,NA,NA,NA,Saanich Inlet,48.59042447,-123.4990765,Acuna2011,https://doi.pangaea.de/10.1594/PANGAEA.832241,NA,NA
NA,104,Larson1987,https://www.sciencedirect.com/science/article/pii/0300962987904300,Acuna2011,https://doi.pangaea.de/10.1594/PANGAEA.832241,Mitrocoma cellularia,Unknown,Unknown,NA,NA,NA,RespirationRate,1.4,NA,NA,Replicate,umol/ind/hr,NA,NA,10,NA,0.0114,4.09e-10,2.04e-5,kg,NA,NA,NA,NA,NA,NA,NA,NA,NA,Saanich Inlet,48.59042447,-123.4990765,Acuna2011,https://doi.pangaea.de/10.1594/PANGAEA.832241,NA,NA
NA,105,Larson1987,https://www.sciencedirect.com/science/article/pii/0300962987904300,Acuna2011,https://doi.pangaea.de/10.1594/PANGAEA.832241,Mitrocoma cellularia,Unknown,Unknown,NA,NA,NA,RespirationRate,2.11,NA,NA,Replicate,umol/ind/hr,NA,NA,10,NA,0.0094,3.38e-10,1.69e-5,kg,NA,NA,NA,NA,NA,NA,NA,NA,NA,Saanich Inlet,48.59042447,-123.4990765,Acuna2011,https://doi.pangaea.de/10.1594/PANGAEA.832241,NA,NA
NA,106,Larson1987,https://www.sciencedirect.com/science/article/pii/0300962987904300,Acuna2011,https://doi.pangaea.de/10.1594/PANGAEA.832241,Mitrocoma cellularia,Unknown,Unknown,NA,NA,NA,RespirationRate,1.36,NA,NA,Replicate,umol/ind/hr,NA,NA,10,NA,0.0142,5.13e-10,2.56e-5,kg,NA,NA,NA,NA,NA,NA,NA,NA,NA,Saanich Inlet,48.59042447,-123.4990765,Acuna2011,https://doi.pangaea.de/10.1594/PANGAEA.832241,NA,NA
NA,107,Larson1987,https://www.sciencedirect.com/science/article/pii/0300962987904300,Acuna2011,https://doi.pangaea.de/10.1594/PANGAEA.832241,Mitrocoma cellularia,Unknown,Unknown,NA,NA,NA,RespirationRate,1.58,NA,NA,Replicate,umol/ind/hr,NA,NA,10,NA,0.0154,5.54e-10,2.77e-5,kg,NA,NA,NA,NA,NA,NA,NA,NA,NA,Saanich Inlet,48.59042447,-123.4990765,Acuna2011,https://doi.pangaea.de/10.1594/PANGAEA.832241,NA,NA
NA,108,Larson1987,https://www.sciencedirect.com/science/article/pii/0300962987904300,Acuna2011,https://doi.pangaea.de/10.1594/PANGAEA.832241,Mitrocoma cellularia,Unknown,Unknown,NA,NA,NA,RespirationRate,2.16,NA,NA,Replicate,umol/ind/hr,NA,NA,10,NA,0.0176,6.33e-10,3.17e-5,kg,NA,NA,NA,NA,NA,NA,NA,NA,NA,Saanich Inlet,48.59042447,-123.4990765,Acuna2011,https://doi.pangaea.de/10.1594/PANGAEA.832241,NA,NA
NA,109,Larson1987,https://www.sciencedirect.com/science/article/pii/0300962987904300,Acuna2011,https://doi.pangaea.de/10.1594/PANGAEA.832241,Mitrocoma cellularia,Unknown,Unknown,NA,NA,NA,RespirationRate,3.8,NA,NA,Replicate,umol/ind/hr,NA,NA,10,NA,0.0225,8.09e-10,4.05e-5,kg,NA,NA,NA,NA,NA,NA,NA,NA,NA,Saanich Inlet,48.59042447,-123.4990765,Acuna2011,https://doi.pangaea.de/10.1594/PANGAEA.832241,NA,NA
NA,110,Larson1987,https://www.sciencedirect.com/science/article/pii/0300962987904300,Acuna2011,https://doi.pangaea.de/10.1594/PANGAEA.832241,Mitrocoma cellularia,Unknown,Unknown,NA,NA,NA,RespirationRate,0.667,NA,NA,Replicate,umol/ind/hr,NA,NA,15,NA,0.00245,8.82e-11,4.41e-6,kg,NA,NA,NA,NA,NA,NA,NA,NA,NA,Saanich Inlet,48.59042447,-123.4990765,Acuna2011,https://doi.pangaea.de/10.1594/PANGAEA.832241,NA,NA
NA,111,Larson1987,https://www.sciencedirect.com/science/article/pii/0300962987904300,Acuna2011,https://doi.pangaea.de/10.1594/PANGAEA.832241,Mitrocoma cellularia,Unknown,Unknown,NA,NA,NA,RespirationRate,1.36,NA,NA,Replicate,umol/ind/hr,NA,NA,15,NA,0.0042,1.51e-10,7.56e-6,kg,NA,NA,NA,NA,NA,NA,NA,NA,NA,Saanich Inlet,48.59042447,-123.4990765,Acuna2011,https://doi.pangaea.de/10.1594/PANGAEA.832241,NA,NA
NA,112,Larson1987,https://www.sciencedirect.com/science/article/pii/0300962987904300,Acuna2011,https://doi.pangaea.de/10.1594/PANGAEA.832241,Mitrocoma cellularia,Unknown,Unknown,NA,NA,NA,RespirationRate,1.55,NA,NA,Replicate,umol/ind/hr,NA,NA,15,NA,0.00576,2.07e-10,1.04e-5,kg,NA,NA,NA,NA,NA,NA,NA,NA,NA,Saanich Inlet,48.59042447,-123.4990765,Acuna2011,https://doi.pangaea.de/10.1594/PANGAEA.832241,NA,NA
NA,113,Larson1987,https://www.sciencedirect.com/science/article/pii/0300962987904300,Acuna2011,https://doi.pangaea.de/10.1594/PANGAEA.832241,Mitrocoma cellularia,Unknown,Unknown,NA,NA,NA,RespirationRate,1.85,NA,NA,Replicate,umol/ind/hr,NA,NA,15,NA,0.00756,2.72e-10,1.36e-5,kg,NA,NA,NA,NA,NA,NA,NA,NA,NA,Saanich Inlet,48.59042447,-123.4990765,Acuna2011,https://doi.pangaea.de/10.1594/PANGAEA.832241,NA,NA
NA,114,Larson1987,https://www.sciencedirect.com/science/article/pii/0300962987904300,Acuna2011,https://doi.pangaea.de/10.1594/PANGAEA.832241,Mitrocoma cellularia,Unknown,Unknown,NA,NA,NA,RespirationRate,2.5,NA,NA,Replicate,umol/ind/hr,NA,NA,15,NA,0.00793,2.85e-10,1.43e-5,kg,NA,NA,NA,NA,NA,NA,NA,NA,NA,Saanich Inlet,48.59042447,-123.4990765,Acuna2011,https://doi.pangaea.de/10.1594/PANGAEA.832241,NA,NA
NA,115,Larson1987,https://www.sciencedirect.com/science/article/pii/0300962987904300,Acuna2011,https://doi.pangaea.de/10.1594/PANGAEA.832241,Mitrocoma cellularia,Unknown,Unknown,NA,NA,NA,RespirationRate,1.84,NA,NA,Replicate,umol/ind/hr,NA,NA,15,NA,0.0102,3.68e-10,1.84e-5,kg,NA,NA,NA,NA,NA,NA,NA,NA,NA,Saanich Inlet,48.59042447,-123.4990765,Acuna2011,https://doi.pangaea.de/10.1594/PANGAEA.832241,NA,NA
NA,116,Larson1987,https://www.sciencedirect.com/science/article/pii/0300962987904300,Acuna2011,https://doi.pangaea.de/10.1594/PANGAEA.832241,Mitrocoma cellularia,Unknown,Unknown,NA,NA,NA,RespirationRate,0.875,NA,NA,Replicate,umol/ind/hr,NA,NA,15,NA,0.00664,2.39e-10,1.2e-5,kg,NA,NA,NA,NA,NA,NA,NA,NA,NA,Saanich Inlet,48.59042447,-123.4990765,Acuna2011,https://doi.pangaea.de/10.1594/PANGAEA.832241,NA,NA
NA,117,Larson1987,https://www.sciencedirect.com/science/article/pii/0300962987904300,Acuna2011,https://doi.pangaea.de/10.1594/PANGAEA.832241,Mitrocoma cellularia,Unknown,Unknown,NA,NA,NA,RespirationRate,2.1,NA,NA,Replicate,umol/ind/hr,NA,NA,15,NA,0.0165,5.93e-10,2.97e-5,kg,NA,NA,NA,NA,NA,NA,NA,NA,NA,Saanich Inlet,48.59042447,-123.4990765,Acuna2011,https://doi.pangaea.de/10.1594/PANGAEA.832241,NA,NA
NA,118,Larson1987,https://www.sciencedirect.com/science/article/pii/0300962987904300,Acuna2011,https://doi.pangaea.de/10.1594/PANGAEA.832241,Mitrocoma cellularia,Unknown,Unknown,NA,NA,NA,RespirationRate,3.83,NA,NA,Replicate,umol/ind/hr,NA,NA,15,NA,0.013,4.67e-10,2.33e-5,kg,NA,NA,NA,NA,NA,NA,NA,NA,NA,Saanich Inlet,48.59042447,-123.4990765,Acuna2011,https://doi.pangaea.de/10.1594/PANGAEA.832241,NA,NA
NA,119,Larson1987,https://www.sciencedirect.com/science/article/pii/0300962987904300,Acuna2011,https://doi.pangaea.de/10.1594/PANGAEA.832241,Mitrocoma cellularia,Unknown,Unknown,NA,NA,NA,RespirationRate,5,NA,NA,Replicate,umol/ind/hr,NA,NA,15,NA,0.0178,6.41e-10,3.2e-5,kg,NA,NA,NA,NA,NA,NA,NA,NA,NA,Saanich Inlet,48.59042447,-123.4990765,Acuna2011,https://doi.pangaea.de/10.1594/PANGAEA.832241,NA,NA
NA,120,Larson1987,https://www.sciencedirect.com/science/article/pii/0300962987904300,Acuna2011,https://doi.pangaea.de/10.1594/PANGAEA.832241,Phialidium gregarium,Unknown,Unknown,NA,NA,NA,RespirationRate,0.108,NA,NA,Replicate,umol/ind/hr,NA,NA,10,NA,1.59e-4,5.74e-12,2.87e-7,kg,NA,NA,NA,NA,NA,NA,NA,NA,NA,Saanich Inlet,48.59042447,-123.4990765,Acuna2011,https://doi.pangaea.de/10.1594/PANGAEA.832241,NA,NA
NA,121,Larson1987,https://www.sciencedirect.com/science/article/pii/0300962987904300,Acuna2011,https://doi.pangaea.de/10.1594/PANGAEA.832241,Phialidium gregarium,Unknown,Unknown,NA,NA,NA,RespirationRate,0.0763,NA,NA,Replicate,umol/ind/hr,NA,NA,10,NA,2.43e-4,8.75e-12,4.37e-7,kg,NA,NA,NA,NA,NA,NA,NA,NA,NA,Saanich Inlet,48.59042447,-123.4990765,Acuna2011,https://doi.pangaea.de/10.1594/PANGAEA.832241,NA,NA
NA,122,Larson1987,https://www.sciencedirect.com/science/article/pii/0300962987904300,Acuna2011,https://doi.pangaea.de/10.1594/PANGAEA.832241,Phialidium gregarium,Unknown,Unknown,NA,NA,NA,RespirationRate,0.118,NA,NA,Replicate,umol/ind/hr,NA,NA,10,NA,2.6e-4,9.37e-12,4.69e-7,kg,NA,NA,NA,NA,NA,NA,NA,NA,NA,Saanich Inlet,48.59042447,-123.4990765,Acuna2011,https://doi.pangaea.de/10.1594/PANGAEA.832241,NA,NA
NA,123,Larson1987,https://www.sciencedirect.com/science/article/pii/0300962987904300,Acuna2011,https://doi.pangaea.de/10.1594/PANGAEA.832241,Phialidium gregarium,Unknown,Unknown,NA,NA,NA,RespirationRate,0.0913,NA,NA,Replicate,umol/ind/hr,NA,NA,10,NA,3.85e-4,1.39e-11,6.93e-7,kg,NA,NA,NA,NA,NA,NA,NA,NA,NA,Saanich Inlet,48.59042447,-123.4990765,Acuna2011,https://doi.pangaea.de/10.1594/PANGAEA.832241,NA,NA
NA,124,Larson1987,https://www.sciencedirect.com/science/article/pii/0300962987904300,Acuna2011,https://doi.pangaea.de/10.1594/PANGAEA.832241,Phialidium gregarium,Unknown,Unknown,NA,NA,NA,RespirationRate,0.141,NA,NA,Replicate,umol/ind/hr,NA,NA,10,NA,3.93e-4,1.41e-11,7.07e-7,kg,NA,NA,NA,NA,NA,NA,NA,NA,NA,Saanich Inlet,48.59042447,-123.4990765,Acuna2011,https://doi.pangaea.de/10.1594/PANGAEA.832241,NA,NA
NA,125,Larson1987,https://www.sciencedirect.com/science/article/pii/0300962987904300,Acuna2011,https://doi.pangaea.de/10.1594/PANGAEA.832241,Phialidium gregarium,Unknown,Unknown,NA,NA,NA,RespirationRate,0.155,NA,NA,Replicate,umol/ind/hr,NA,NA,10,NA,4.36e-4,1.57e-11,7.85e-7,kg,NA,NA,NA,NA,NA,NA,NA,NA,NA,Saanich Inlet,48.59042447,-123.4990765,Acuna2011,https://doi.pangaea.de/10.1594/PANGAEA.832241,NA,NA
NA,126,Larson1987,https://www.sciencedirect.com/science/article/pii/0300962987904300,Acuna2011,https://doi.pangaea.de/10.1594/PANGAEA.832241,Phialidium gregarium,Unknown,Unknown,NA,NA,NA,RespirationRate,0.17,NA,NA,Replicate,umol/ind/hr,NA,NA,10,NA,5.68e-4,2.04e-11,1.02e-6,kg,NA,NA,NA,NA,NA,NA,NA,NA,NA,Saanich Inlet,48.59042447,-123.4990765,Acuna2011,https://doi.pangaea.de/10.1594/PANGAEA.832241,NA,NA
NA,127,Larson1987,https://www.sciencedirect.com/science/article/pii/0300962987904300,Acuna2011,https://doi.pangaea.de/10.1594/PANGAEA.832241,Phialidium gregarium,Unknown,Unknown,NA,NA,NA,RespirationRate,0.205,NA,NA,Replicate,umol/ind/hr,NA,NA,10,NA,5.51e-4,1.98e-11,9.91e-7,kg,NA,NA,NA,NA,NA,NA,NA,NA,NA,Saanich Inlet,48.59042447,-123.4990765,Acuna2011,https://doi.pangaea.de/10.1594/PANGAEA.832241,NA,NA
NA,128,Larson1987,https://www.sciencedirect.com/science/article/pii/0300962987904300,Acuna2011,https://doi.pangaea.de/10.1594/PANGAEA.832241,Phialidium gregarium,Unknown,Unknown,NA,NA,NA,RespirationRate,0.243,NA,NA,Replicate,umol/ind/hr,NA,NA,10,NA,6.19e-4,2.23e-11,1.11e-6,kg,NA,NA,NA,NA,NA,NA,NA,NA,NA,Saanich Inlet,48.59042447,-123.4990765,Acuna2011,https://doi.pangaea.de/10.1594/PANGAEA.832241,NA,NA
NA,129,Larson1987,https://www.sciencedirect.com/science/article/pii/0300962987904300,Acuna2011,https://doi.pangaea.de/10.1594/PANGAEA.832241,Phialidium gregarium,Unknown,Unknown,NA,NA,NA,RespirationRate,0.321,NA,NA,Replicate,umol/ind/hr,NA,NA,10,NA,4.88e-4,1.76e-11,8.78e-7,kg,NA,NA,NA,NA,NA,NA,NA,NA,NA,Saanich Inlet,48.59042447,-123.4990765,Acuna2011,https://doi.pangaea.de/10.1594/PANGAEA.832241,NA,NA
NA,130,Larson1987,https://www.sciencedirect.com/science/article/pii/0300962987904300,Acuna2011,https://doi.pangaea.de/10.1594/PANGAEA.832241,Phialidium gregarium,Unknown,Unknown,NA,NA,NA,RespirationRate,0.295,NA,NA,Replicate,umol/ind/hr,NA,NA,10,NA,6.23e-4,2.24e-11,1.12e-6,kg,NA,NA,NA,NA,NA,NA,NA,NA,NA,Saanich Inlet,48.59042447,-123.4990765,Acuna2011,https://doi.pangaea.de/10.1594/PANGAEA.832241,NA,NA
NA,131,Larson1987,https://www.sciencedirect.com/science/article/pii/0300962987904300,Acuna2011,https://doi.pangaea.de/10.1594/PANGAEA.832241,Phialidium gregarium,Unknown,Unknown,NA,NA,NA,RespirationRate,0.326,NA,NA,Replicate,umol/ind/hr,NA,NA,10,NA,7.68e-4,2.76e-11,1.38e-6,kg,NA,NA,NA,NA,NA,NA,NA,NA,NA,Saanich Inlet,48.59042447,-123.4990765,Acuna2011,https://doi.pangaea.de/10.1594/PANGAEA.832241,NA,NA
NA,132,Larson1987,https://www.sciencedirect.com/science/article/pii/0300962987904300,Acuna2011,https://doi.pangaea.de/10.1594/PANGAEA.832241,Phialidium gregarium,Unknown,Unknown,NA,NA,NA,RespirationRate,0.0463,NA,NA,Replicate,umol/ind/hr,NA,NA,15,NA,1.12e-4,4.04e-12,2.02e-7,kg,NA,NA,NA,NA,NA,NA,NA,NA,NA,Saanich Inlet,48.59042447,-123.4990765,Acuna2011,https://doi.pangaea.de/10.1594/PANGAEA.832241,NA,NA
NA,133,Larson1987,https://www.sciencedirect.com/science/article/pii/0300962987904300,Acuna2011,https://doi.pangaea.de/10.1594/PANGAEA.832241,Phialidium gregarium,Unknown,Unknown,NA,NA,NA,RespirationRate,0.119,NA,NA,Replicate,umol/ind/hr,NA,NA,15,NA,1.42e-4,5.11e-12,2.55e-7,kg,NA,NA,NA,NA,NA,NA,NA,NA,NA,Saanich Inlet,48.59042447,-123.4990765,Acuna2011,https://doi.pangaea.de/10.1594/PANGAEA.832241,NA,NA
NA,134,Larson1987,https://www.sciencedirect.com/science/article/pii/0300962987904300,Acuna2011,https://doi.pangaea.de/10.1594/PANGAEA.832241,Phialidium gregarium,Unknown,Unknown,NA,NA,NA,RespirationRate,0.0829,NA,NA,Replicate,umol/ind/hr,NA,NA,15,NA,1.7e-4,6.13e-12,3.07e-7,kg,NA,NA,NA,NA,NA,NA,NA,NA,NA,Saanich Inlet,48.59042447,-123.4990765,Acuna2011,https://doi.pangaea.de/10.1594/PANGAEA.832241,NA,NA
NA,135,Larson1987,https://www.sciencedirect.com/science/article/pii/0300962987904300,Acuna2011,https://doi.pangaea.de/10.1594/PANGAEA.832241,Phialidium gregarium,Unknown,Unknown,NA,NA,NA,RespirationRate,0.119,NA,NA,Replicate,umol/ind/hr,NA,NA,15,NA,2.17e-4,7.8e-12,3.9e-7,kg,NA,NA,NA,NA,NA,NA,NA,NA,NA,Saanich Inlet,48.59042447,-123.4990765,Acuna2011,https://doi.pangaea.de/10.1594/PANGAEA.832241,NA,NA
NA,136,Larson1987,https://www.sciencedirect.com/science/article/pii/0300962987904300,Acuna2011,https://doi.pangaea.de/10.1594/PANGAEA.832241,Phialidium gregarium,Unknown,Unknown,NA,NA,NA,RespirationRate,0.223,NA,NA,Replicate,umol/ind/hr,NA,NA,15,NA,4e-4,1.44e-11,7.21e-7,kg,NA,NA,NA,NA,NA,NA,NA,NA,NA,Saanich Inlet,48.59042447,-123.4990765,Acuna2011,https://doi.pangaea.de/10.1594/PANGAEA.832241,NA,NA
NA,137,Larson1987,https://www.sciencedirect.com/science/article/pii/0300962987904300,Acuna2011,https://doi.pangaea.de/10.1594/PANGAEA.832241,Phialidium gregarium,Unknown,Unknown,NA,NA,NA,RespirationRate,0.383,NA,NA,Replicate,umol/ind/hr,NA,NA,15,NA,4.45e-4,1.6e-11,8.01e-7,kg,NA,NA,NA,NA,NA,NA,NA,NA,NA,Saanich Inlet,48.59042447,-123.4990765,Acuna2011,https://doi.pangaea.de/10.1594/PANGAEA.832241,NA,NA
NA,138,Larson1987,https://www.sciencedirect.com/science/article/pii/0300962987904300,Acuna2011,https://doi.pangaea.de/10.1594/PANGAEA.832241,Phialidium gregarium,Unknown,Unknown,NA,NA,NA,RespirationRate,0.463,NA,NA,Replicate,umol/ind/hr,NA,NA,15,NA,5.45e-4,1.96e-11,9.81e-7,kg,NA,NA,NA,NA,NA,NA,NA,NA,NA,Saanich Inlet,48.59042447,-123.4990765,Acuna2011,https://doi.pangaea.de/10.1594/PANGAEA.832241,NA,NA
NA,139,Larson1987,https://www.sciencedirect.com/science/article/pii/0300962987904300,Acuna2011,https://doi.pangaea.de/10.1594/PANGAEA.832241,Phialidium gregarium,Unknown,Unknown,NA,NA,NA,RespirationRate,0.55,NA,NA,Replicate,umol/ind/hr,NA,NA,15,NA,6.24e-4,2.25e-11,1.12e-6,kg,NA,NA,NA,NA,NA,NA,NA,NA,NA,Saanich Inlet,48.59042447,-123.4990765,Acuna2011,https://doi.pangaea.de/10.1594/PANGAEA.832241,NA,NA
NA,140,Larson1987,https://www.sciencedirect.com/science/article/pii/0300962987904300,Acuna2011,https://doi.pangaea.de/10.1594/PANGAEA.832241,Phialidium gregarium,Unknown,Unknown,NA,NA,NA,RespirationRate,0.5,NA,NA,Replicate,umol/ind/hr,NA,NA,15,NA,7.01e-4,2.52e-11,1.26e-6,kg,NA,NA,NA,NA,NA,NA,NA,NA,NA,Saanich Inlet,48.59042447,-123.4990765,Acuna2011,https://doi.pangaea.de/10.1594/PANGAEA.832241,NA,NA
NA,141,Larson1987,https://www.sciencedirect.com/science/article/pii/0300962987904300,Acuna2011,https://doi.pangaea.de/10.1594/PANGAEA.832241,Phialidium gregarium,Unknown,Unknown,NA,NA,NA,RespirationRate,0.717,NA,NA,Replicate,umol/ind/hr,NA,NA,15,NA,0.00104,3.74e-11,1.87e-6,kg,NA,NA,NA,NA,NA,NA,NA,NA,NA,Saanich Inlet,48.59042447,-123.4990765,Acuna2011,https://doi.pangaea.de/10.1594/PANGAEA.832241,NA,NA
NA,142,Larson1987,https://www.sciencedirect.com/science/article/pii/0300962987904300,Acuna2011,https://doi.pangaea.de/10.1594/PANGAEA.832241,Phialidium lomae,Unknown,Unknown,NA,NA,NA,RespirationRate,0.0348,NA,NA,Replicate,umol/ind/hr,NA,NA,15,NA,5.02e-5,1.81e-12,9.04e-8,kg,NA,NA,NA,NA,NA,NA,NA,NA,NA,Saanich Inlet,48.59042447,-123.4990765,Acuna2011,https://doi.pangaea.de/10.1594/PANGAEA.832241,NA,NA
NA,143,Larson1987,https://www.sciencedirect.com/science/article/pii/0300962987904300,Acuna2011,https://doi.pangaea.de/10.1594/PANGAEA.832241,Phialidium lomae,Unknown,Unknown,NA,NA,NA,RespirationRate,0.0675,NA,NA,Replicate,umol/ind/hr,NA,NA,15,NA,1.29e-4,4.64e-12,2.32e-7,kg,NA,NA,NA,NA,NA,NA,NA,NA,NA,Saanich Inlet,48.59042447,-123.4990765,Acuna2011,https://doi.pangaea.de/10.1594/PANGAEA.832241,NA,NA
NA,144,Larson1987,https://www.sciencedirect.com/science/article/pii/0300962987904300,Acuna2011,https://doi.pangaea.de/10.1594/PANGAEA.832241,Phialidium lomae,Unknown,Unknown,NA,NA,NA,RespirationRate,0.0854,NA,NA,Replicate,umol/ind/hr,NA,NA,15,NA,1.19e-4,4.27e-12,2.13e-7,kg,NA,NA,NA,NA,NA,NA,NA,NA,NA,Saanich Inlet,48.59042447,-123.4990765,Acuna2011,https://doi.pangaea.de/10.1594/PANGAEA.832241,NA,NA
NA,145,Larson1987,https://www.sciencedirect.com/science/article/pii/0300962987904300,Acuna2011,https://doi.pangaea.de/10.1594/PANGAEA.832241,Phialidium lomae,Unknown,Unknown,NA,NA,NA,RespirationRate,0.0792,NA,NA,Replicate,umol/ind/hr,NA,NA,15,NA,1.63e-4,5.85e-12,2.93e-7,kg,NA,NA,NA,NA,NA,NA,NA,NA,NA,Saanich Inlet,48.59042447,-123.4990765,Acuna2011,https://doi.pangaea.de/10.1594/PANGAEA.832241,NA,NA
NA,146,Larson1987,https://www.sciencedirect.com/science/article/pii/0300962987904300,Acuna2011,https://doi.pangaea.de/10.1594/PANGAEA.832241,Phialidium lomae,Unknown,Unknown,NA,NA,NA,RespirationRate,0.0675,NA,NA,Replicate,umol/ind/hr,NA,NA,15,NA,1.56e-4,5.63e-12,2.81e-7,kg,NA,NA,NA,NA,NA,NA,NA,NA,NA,Saanich Inlet,48.59042447,-123.4990765,Acuna2011,https://doi.pangaea.de/10.1594/PANGAEA.832241,NA,NA
NA,147,Larson1987,https://www.sciencedirect.com/science/article/pii/0300962987904300,Acuna2011,https://doi.pangaea.de/10.1594/PANGAEA.832241,Phialidium lomae,Unknown,Unknown,NA,NA,NA,RespirationRate,0.0621,NA,NA,Replicate,umol/ind/hr,NA,NA,15,NA,2.45e-4,8.83e-12,4.41e-7,kg,NA,NA,NA,NA,NA,NA,NA,NA,NA,Saanich Inlet,48.59042447,-123.4990765,Acuna2011,https://doi.pangaea.de/10.1594/PANGAEA.832241,NA,NA
NA,148,Larson1987,https://www.sciencedirect.com/science/article/pii/0300962987904300,Acuna2011,https://doi.pangaea.de/10.1594/PANGAEA.832241,Phialidium lomae,Unknown,Unknown,NA,NA,NA,RespirationRate,0.131,NA,NA,Replicate,umol/ind/hr,NA,NA,15,NA,3.04e-4,1.09e-11,5.47e-7,kg,NA,NA,NA,NA,NA,NA,NA,NA,NA,Saanich Inlet,48.59042447,-123.4990765,Acuna2011,https://doi.pangaea.de/10.1594/PANGAEA.832241,NA,NA
NA,149,Larson1987,https://www.sciencedirect.com/science/article/pii/0300962987904300,Acuna2011,https://doi.pangaea.de/10.1594/PANGAEA.832241,Phialidium lomae,Unknown,Unknown,NA,NA,NA,RespirationRate,0.154,NA,NA,Replicate,umol/ind/hr,NA,NA,15,NA,3.33e-4,1.2e-11,5.99e-7,kg,NA,NA,NA,NA,NA,NA,NA,NA,NA,Saanich Inlet,48.59042447,-123.4990765,Acuna2011,https://doi.pangaea.de/10.1594/PANGAEA.832241,NA,NA
NA,150,Larson1987,https://www.sciencedirect.com/science/article/pii/0300962987904300,Acuna2011,https://doi.pangaea.de/10.1594/PANGAEA.832241,Phialidium lomae,Unknown,Unknown,NA,NA,NA,RespirationRate,0.21,NA,NA,Replicate,umol/ind/hr,NA,NA,15,NA,3.31e-4,1.19e-11,5.96e-7,kg,NA,NA,NA,NA,NA,NA,NA,NA,NA,Saanich Inlet,48.59042447,-123.4990765,Acuna2011,https://doi.pangaea.de/10.1594/PANGAEA.832241,NA,NA
NA,151,Larson1987,https://www.sciencedirect.com/science/article/pii/0300962987904300,Acuna2011,https://doi.pangaea.de/10.1594/PANGAEA.832241,Phialidium lomae,Unknown,Unknown,NA,NA,NA,RespirationRate,0.213,NA,NA,Replicate,umol/ind/hr,NA,NA,15,NA,2.41e-4,8.69e-12,4.35e-7,kg,NA,NA,NA,NA,NA,NA,NA,NA,NA,Saanich Inlet,48.59042447,-123.4990765,Acuna2011,https://doi.pangaea.de/10.1594/PANGAEA.832241,NA,NA
NA,152,Larson1987,https://www.sciencedirect.com/science/article/pii/0300962987904300,Acuna2011,https://doi.pangaea.de/10.1594/PANGAEA.832241,Phialidium lomae,Unknown,Unknown,NA,NA,NA,RespirationRate,0.167,NA,NA,Replicate,umol/ind/hr,NA,NA,15,NA,2.29e-4,8.25e-12,4.12e-7,kg,NA,NA,NA,NA,NA,NA,NA,NA,NA,Saanich Inlet,48.59042447,-123.4990765,Acuna2011,https://doi.pangaea.de/10.1594/PANGAEA.832241,NA,NA
NA,153,Larson1987,https://www.sciencedirect.com/science/article/pii/0300962987904300,Acuna2011,https://doi.pangaea.de/10.1594/PANGAEA.832241,Phialidium lomae,Unknown,Unknown,NA,NA,NA,RespirationRate,0.167,NA,NA,Replicate,umol/ind/hr,NA,NA,15,NA,4.28e-4,1.54e-11,7.7e-7,kg,NA,NA,NA,NA,NA,NA,NA,NA,NA,Saanich Inlet,48.59042447,-123.4990765,Acuna2011,https://doi.pangaea.de/10.1594/PANGAEA.832241,NA,NA
NA,154,Larson1987,https://www.sciencedirect.com/science/article/pii/0300962987904300,Acuna2011,https://doi.pangaea.de/10.1594/PANGAEA.832241,Pleurobrachia bachei,Unknown,Unknown,NA,NA,NA,RespirationRate,0.0525,NA,NA,Replicate,umol/ind/hr,NA,NA,10,NA,2.04e-4,7.33e-12,3.66e-7,kg,NA,NA,NA,NA,NA,NA,NA,NA,NA,Saanich Inlet,48.59042447,-123.4990765,Acuna2011,https://doi.pangaea.de/10.1594/PANGAEA.832241,NA,NA
NA,155,Larson1987,https://www.sciencedirect.com/science/article/pii/0300962987904300,Acuna2011,https://doi.pangaea.de/10.1594/PANGAEA.832241,Pleurobrachia bachei,Unknown,Unknown,NA,NA,NA,RespirationRate,0.0863,NA,NA,Replicate,umol/ind/hr,NA,NA,10,NA,3.29e-4,1.18e-11,5.92e-7,kg,NA,NA,NA,NA,NA,NA,NA,NA,NA,Saanich Inlet,48.59042447,-123.4990765,Acuna2011,https://doi.pangaea.de/10.1594/PANGAEA.832241,NA,NA
NA,156,Larson1987,https://www.sciencedirect.com/science/article/pii/0300962987904300,Acuna2011,https://doi.pangaea.de/10.1594/PANGAEA.832241,Pleurobrachia bachei,Unknown,Unknown,NA,NA,NA,RespirationRate,0.126,NA,NA,Replicate,umol/ind/hr,NA,NA,10,NA,5.44e-4,1.96e-11,9.79e-7,kg,NA,NA,NA,NA,NA,NA,NA,NA,NA,Saanich Inlet,48.59042447,-123.4990765,Acuna2011,https://doi.pangaea.de/10.1594/PANGAEA.832241,NA,NA
NA,157,Larson1987,https://www.sciencedirect.com/science/article/pii/0300962987904300,Acuna2011,https://doi.pangaea.de/10.1594/PANGAEA.832241,Pleurobrachia bachei,Unknown,Unknown,NA,NA,NA,RespirationRate,0.184,NA,NA,Replicate,umol/ind/hr,NA,NA,10,NA,6.14e-4,2.21e-11,1.1e-6,kg,NA,NA,NA,NA,NA,NA,NA,NA,NA,Saanich Inlet,48.59042447,-123.4990765,Acuna2011,https://doi.pangaea.de/10.1594/PANGAEA.832241,NA,NA
NA,158,Larson1987,https://www.sciencedirect.com/science/article/pii/0300962987904300,Acuna2011,https://doi.pangaea.de/10.1594/PANGAEA.832241,Pleurobrachia bachei,Unknown,Unknown,NA,NA,NA,RespirationRate,0.157,NA,NA,Replicate,umol/ind/hr,NA,NA,10,NA,8.06e-4,2.9e-11,1.45e-6,kg,NA,NA,NA,NA,NA,NA,NA,NA,NA,Saanich Inlet,48.59042447,-123.4990765,Acuna2011,https://doi.pangaea.de/10.1594/PANGAEA.832241,NA,NA
NA,159,Larson1987,https://www.sciencedirect.com/science/article/pii/0300962987904300,Acuna2011,https://doi.pangaea.de/10.1594/PANGAEA.832241,Pleurobrachia bachei,Unknown,Unknown,NA,NA,NA,RespirationRate,0.166,NA,NA,Replicate,umol/ind/hr,NA,NA,10,NA,8.4e-4,3.03e-11,1.51e-6,kg,NA,NA,NA,NA,NA,NA,NA,NA,NA,Saanich Inlet,48.59042447,-123.4990765,Acuna2011,https://doi.pangaea.de/10.1594/PANGAEA.832241,NA,NA
NA,160,Larson1987,https://www.sciencedirect.com/science/article/pii/0300962987904300,Acuna2011,https://doi.pangaea.de/10.1594/PANGAEA.832241,Pleurobrachia bachei,Unknown,Unknown,NA,NA,NA,RespirationRate,0.251,NA,NA,Replicate,umol/ind/hr,NA,NA,10,NA,7.21e-4,2.59e-11,1.3e-6,kg,NA,NA,NA,NA,NA,NA,NA,NA,NA,Saanich Inlet,48.59042447,-123.4990765,Acuna2011,https://doi.pangaea.de/10.1594/PANGAEA.832241,NA,NA
NA,161,Larson1987,https://www.sciencedirect.com/science/article/pii/0300962987904300,Acuna2011,https://doi.pangaea.de/10.1594/PANGAEA.832241,Pleurobrachia bachei,Unknown,Unknown,NA,NA,NA,RespirationRate,0.313,NA,NA,Replicate,umol/ind/hr,NA,NA,10,NA,0.0011,3.97e-11,1.99e-6,kg,NA,NA,NA,NA,NA,NA,NA,NA,NA,Saanich Inlet,48.59042447,-123.4990765,Acuna2011,https://doi.pangaea.de/10.1594/PANGAEA.832241,NA,NA
NA,162,Larson1987,https://www.sciencedirect.com/science/article/pii/0300962987904300,Acuna2011,https://doi.pangaea.de/10.1594/PANGAEA.832241,Pleurobrachia bachei,Unknown,Unknown,NA,NA,NA,RespirationRate,0.429,NA,NA,Replicate,umol/ind/hr,NA,NA,10,NA,0.00123,4.44e-11,2.22e-6,kg,NA,NA,NA,NA,NA,NA,NA,NA,NA,Saanich Inlet,48.59042447,-123.4990765,Acuna2011,https://doi.pangaea.de/10.1594/PANGAEA.832241,NA,NA
NA,163,Larson1987,https://www.sciencedirect.com/science/article/pii/0300962987904300,Acuna2011,https://doi.pangaea.de/10.1594/PANGAEA.832241,Pleurobrachia bachei,Unknown,Unknown,NA,NA,NA,RespirationRate,0.0621,NA,NA,Replicate,umol/ind/hr,NA,NA,15,NA,1.03e-4,3.72e-12,1.86e-7,kg,NA,NA,NA,NA,NA,NA,NA,NA,NA,Saanich Inlet,48.59042447,-123.4990765,Acuna2011,https://doi.pangaea.de/10.1594/PANGAEA.832241,NA,NA
NA,164,Larson1987,https://www.sciencedirect.com/science/article/pii/0300962987904300,Acuna2011,https://doi.pangaea.de/10.1594/PANGAEA.832241,Pleurobrachia bachei,Unknown,Unknown,NA,NA,NA,RespirationRate,0.183,NA,NA,Replicate,umol/ind/hr,NA,NA,15,NA,1.94e-4,6.99e-12,3.49e-7,kg,NA,NA,NA,NA,NA,NA,NA,NA,NA,Saanich Inlet,48.59042447,-123.4990765,Acuna2011,https://doi.pangaea.de/10.1594/PANGAEA.832241,NA,NA
NA,165,Larson1987,https://www.sciencedirect.com/science/article/pii/0300962987904300,Acuna2011,https://doi.pangaea.de/10.1594/PANGAEA.832241,Pleurobrachia bachei,Unknown,Unknown,NA,NA,NA,RespirationRate,0.213,NA,NA,Replicate,umol/ind/hr,NA,NA,15,NA,2.71e-4,9.77e-12,4.89e-7,kg,NA,NA,NA,NA,NA,NA,NA,NA,NA,Saanich Inlet,48.59042447,-123.4990765,Acuna2011,https://doi.pangaea.de/10.1594/PANGAEA.832241,NA,NA
NA,166,Larson1987,https://www.sciencedirect.com/science/article/pii/0300962987904300,Acuna2011,https://doi.pangaea.de/10.1594/PANGAEA.832241,Pleurobrachia bachei,Unknown,Unknown,NA,NA,NA,RespirationRate,0.293,NA,NA,Replicate,umol/ind/hr,NA,NA,15,NA,3.4e-4,1.22e-11,6.12e-7,kg,NA,NA,NA,NA,NA,NA,NA,NA,NA,Saanich Inlet,48.59042447,-123.4990765,Acuna2011,https://doi.pangaea.de/10.1594/PANGAEA.832241,NA,NA
NA,167,Larson1987,https://www.sciencedirect.com/science/article/pii/0300962987904300,Acuna2011,https://doi.pangaea.de/10.1594/PANGAEA.832241,Pleurobrachia bachei,Unknown,Unknown,NA,NA,NA,RespirationRate,0.292,NA,NA,Replicate,umol/ind/hr,NA,NA,15,NA,5.23e-4,1.88e-11,9.41e-7,kg,NA,NA,NA,NA,NA,NA,NA,NA,NA,Saanich Inlet,48.59042447,-123.4990765,Acuna2011,https://doi.pangaea.de/10.1594/PANGAEA.832241,NA,NA
NA,168,Larson1987,https://www.sciencedirect.com/science/article/pii/0300962987904300,Acuna2011,https://doi.pangaea.de/10.1594/PANGAEA.832241,Pleurobrachia bachei,Unknown,Unknown,NA,NA,NA,RespirationRate,0.339,NA,NA,Replicate,umol/ind/hr,NA,NA,15,NA,5.68e-4,2.05e-11,1.02e-6,kg,NA,NA,NA,NA,NA,NA,NA,NA,NA,Saanich Inlet,48.59042447,-123.4990765,Acuna2011,https://doi.pangaea.de/10.1594/PANGAEA.832241,NA,NA
NA,169,Larson1987,https://www.sciencedirect.com/science/article/pii/0300962987904300,Acuna2011,https://doi.pangaea.de/10.1594/PANGAEA.832241,Pleurobrachia bachei,Unknown,Unknown,NA,NA,NA,RespirationRate,0.375,NA,NA,Replicate,umol/ind/hr,NA,NA,15,NA,8.41e-4,3.03e-11,1.51e-6,kg,NA,NA,NA,NA,NA,NA,NA,NA,NA,Saanich Inlet,48.59042447,-123.4990765,Acuna2011,https://doi.pangaea.de/10.1594/PANGAEA.832241,NA,NA
NA,170,Larson1987,https://www.sciencedirect.com/science/article/pii/0300962987904300,Acuna2011,https://doi.pangaea.de/10.1594/PANGAEA.832241,Pleurobrachia bachei,Unknown,Unknown,NA,NA,NA,RespirationRate,0.467,NA,NA,Replicate,umol/ind/hr,NA,NA,15,NA,8.11e-4,2.92e-11,1.46e-6,kg,NA,NA,NA,NA,NA,NA,NA,NA,NA,Saanich Inlet,48.59042447,-123.4990765,Acuna2011,https://doi.pangaea.de/10.1594/PANGAEA.832241,NA,NA
NA,171,Larson1987,https://www.sciencedirect.com/science/article/pii/0300962987904300,Acuna2011,https://doi.pangaea.de/10.1594/PANGAEA.832241,Pleurobrachia bachei,Unknown,Unknown,NA,NA,NA,RespirationRate,0.588,NA,NA,Replicate,umol/ind/hr,NA,NA,15,NA,0.0014,5.05e-11,2.52e-6,kg,NA,NA,NA,NA,NA,NA,NA,NA,NA,Saanich Inlet,48.59042447,-123.4990765,Acuna2011,https://doi.pangaea.de/10.1594/PANGAEA.832241,NA,NA
NA,172,Larson1987,https://www.sciencedirect.com/science/article/pii/0300962987904300,Acuna2011,https://doi.pangaea.de/10.1594/PANGAEA.832241,Stomotoca atra,Unknown,Unknown,NA,NA,NA,RespirationRate,0.128,NA,NA,Replicate,umol/ind/hr,NA,NA,10,NA,2.47e-4,8.89e-12,4.44e-7,kg,NA,NA,NA,NA,NA,NA,NA,NA,NA,Saanich Inlet,48.59042447,-123.4990765,Acuna2011,https://doi.pangaea.de/10.1594/PANGAEA.832241,NA,NA
NA,173,Larson1987,https://www.sciencedirect.com/science/article/pii/0300962987904300,Acuna2011,https://doi.pangaea.de/10.1594/PANGAEA.832241,Stomotoca atra,Unknown,Unknown,NA,NA,NA,RespirationRate,0.0763,NA,NA,Replicate,umol/ind/hr,NA,NA,10,NA,3.49e-4,1.26e-11,6.28e-7,kg,NA,NA,NA,NA,NA,NA,NA,NA,NA,Saanich Inlet,48.59042447,-123.4990765,Acuna2011,https://doi.pangaea.de/10.1594/PANGAEA.832241,NA,NA
NA,174,Larson1987,https://www.sciencedirect.com/science/article/pii/0300962987904300,Acuna2011,https://doi.pangaea.de/10.1594/PANGAEA.832241,Stomotoca atra,Unknown,Unknown,NA,NA,NA,RespirationRate,0.129,NA,NA,Replicate,umol/ind/hr,NA,NA,10,NA,4.41e-4,1.59e-11,7.94e-7,kg,NA,NA,NA,NA,NA,NA,NA,NA,NA,Saanich Inlet,48.59042447,-123.4990765,Acuna2011,https://doi.pangaea.de/10.1594/PANGAEA.832241,NA,NA
NA,175,Larson1987,https://www.sciencedirect.com/science/article/pii/0300962987904300,Acuna2011,https://doi.pangaea.de/10.1594/PANGAEA.832241,Stomotoca atra,Unknown,Unknown,NA,NA,NA,RespirationRate,0.148,NA,NA,Replicate,umol/ind/hr,NA,NA,10,NA,3.16e-4,1.14e-11,5.69e-7,kg,NA,NA,NA,NA,NA,NA,NA,NA,NA,Saanich Inlet,48.59042447,-123.4990765,Acuna2011,https://doi.pangaea.de/10.1594/PANGAEA.832241,NA,NA
NA,176,Larson1987,https://www.sciencedirect.com/science/article/pii/0300962987904300,Acuna2011,https://doi.pangaea.de/10.1594/PANGAEA.832241,Stomotoca atra,Unknown,Unknown,NA,NA,NA,RespirationRate,0.185,NA,NA,Replicate,umol/ind/hr,NA,NA,10,NA,3.34e-4,1.2e-11,6.02e-7,kg,NA,NA,NA,NA,NA,NA,NA,NA,NA,Saanich Inlet,48.59042447,-123.4990765,Acuna2011,https://doi.pangaea.de/10.1594/PANGAEA.832241,NA,NA
NA,177,Larson1987,https://www.sciencedirect.com/science/article/pii/0300962987904300,Acuna2011,https://doi.pangaea.de/10.1594/PANGAEA.832241,Stomotoca atra,Unknown,Unknown,NA,NA,NA,RespirationRate,0.25,NA,NA,Replicate,umol/ind/hr,NA,NA,10,NA,4.74e-4,1.71e-11,8.54e-7,kg,NA,NA,NA,NA,NA,NA,NA,NA,NA,Saanich Inlet,48.59042447,-123.4990765,Acuna2011,https://doi.pangaea.de/10.1594/PANGAEA.832241,NA,NA
NA,178,Larson1987,https://www.sciencedirect.com/science/article/pii/0300962987904300,Acuna2011,https://doi.pangaea.de/10.1594/PANGAEA.832241,Stomotoca atra,Unknown,Unknown,NA,NA,NA,RespirationRate,0.292,NA,NA,Replicate,umol/ind/hr,NA,NA,10,NA,6.87e-4,2.47e-11,1.24e-6,kg,NA,NA,NA,NA,NA,NA,NA,NA,NA,Saanich Inlet,48.59042447,-123.4990765,Acuna2011,https://doi.pangaea.de/10.1594/PANGAEA.832241,NA,NA
NA,179,Larson1987,https://www.sciencedirect.com/science/article/pii/0300962987904300,Acuna2011,https://doi.pangaea.de/10.1594/PANGAEA.832241,Stomotoca atra,Unknown,Unknown,NA,NA,NA,RespirationRate,0.313,NA,NA,Replicate,umol/ind/hr,NA,NA,10,NA,8.59e-4,3.09e-11,1.55e-6,kg,NA,NA,NA,NA,NA,NA,NA,NA,NA,Saanich Inlet,48.59042447,-123.4990765,Acuna2011,https://doi.pangaea.de/10.1594/PANGAEA.832241,NA,NA
NA,180,Larson1987,https://www.sciencedirect.com/science/article/pii/0300962987904300,Acuna2011,https://doi.pangaea.de/10.1594/PANGAEA.832241,Stomotoca atra,Unknown,Unknown,NA,NA,NA,RespirationRate,0.294,NA,NA,Replicate,umol/ind/hr,NA,NA,15,NA,4.11e-4,1.48e-11,7.39e-7,kg,NA,NA,NA,NA,NA,NA,NA,NA,NA,Saanich Inlet,48.59042447,-123.4990765,Acuna2011,https://doi.pangaea.de/10.1594/PANGAEA.832241,NA,NA
NA,181,Larson1987,https://www.sciencedirect.com/science/article/pii/0300962987904300,Acuna2011,https://doi.pangaea.de/10.1594/PANGAEA.832241,Stomotoca atra,Unknown,Unknown,NA,NA,NA,RespirationRate,0.201,NA,NA,Replicate,umol/ind/hr,NA,NA,15,NA,6.54e-4,2.36e-11,1.18e-6,kg,NA,NA,NA,NA,NA,NA,NA,NA,NA,Saanich Inlet,48.59042447,-123.4990765,Acuna2011,https://doi.pangaea.de/10.1594/PANGAEA.832241,NA,NA
NA,182,Larson1987,https://www.sciencedirect.com/science/article/pii/0300962987904300,Acuna2011,https://doi.pangaea.de/10.1594/PANGAEA.832241,Stomotoca atra,Unknown,Unknown,NA,NA,NA,RespirationRate,0.251,NA,NA,Replicate,umol/ind/hr,NA,NA,15,NA,7.29e-4,2.62e-11,1.31e-6,kg,NA,NA,NA,NA,NA,NA,NA,NA,NA,Saanich Inlet,48.59042447,-123.4990765,Acuna2011,https://doi.pangaea.de/10.1594/PANGAEA.832241,NA,NA
NA,183,Larson1987,https://www.sciencedirect.com/science/article/pii/0300962987904300,Acuna2011,https://doi.pangaea.de/10.1594/PANGAEA.832241,Stomotoca atra,Unknown,Unknown,NA,NA,NA,RespirationRate,0.365,NA,NA,Replicate,umol/ind/hr,NA,NA,15,NA,6.9e-4,2.48e-11,1.24e-6,kg,NA,NA,NA,NA,NA,NA,NA,NA,NA,Saanich Inlet,48.59042447,-123.4990765,Acuna2011,https://doi.pangaea.de/10.1594/PANGAEA.832241,NA,NA
NA,184,Larson1987,https://www.sciencedirect.com/science/article/pii/0300962987904300,Acuna2011,https://doi.pangaea.de/10.1594/PANGAEA.832241,Stomotoca atra,Unknown,Unknown,NA,NA,NA,RespirationRate,0.538,NA,NA,Replicate,umol/ind/hr,NA,NA,15,NA,0.00103,3.7e-11,1.85e-6,kg,NA,NA,NA,NA,NA,NA,NA,NA,NA,Saanich Inlet,48.59042447,-123.4990765,Acuna2011,https://doi.pangaea.de/10.1594/PANGAEA.832241,NA,NA
NA,1,LopezUrrutia2006,https://www.pnas.org/doi/full/10.1073/pnas.0601137103,Acuna2011,https://doi.pangaea.de/10.1594/PANGAEA.832241,Abyla leuckartii,Unknown,Unknown,NA,NA,NA,RespirationRate,0.038,NA,NA,Replicate,umol/ind/hr,NA,NA,27.5,NA,7.6e-5,1.52e-15,2.53e-7,kg,NA,NA,NA,NA,NA,NA,NA,NA,NA,Literature,43.54275761724704,-5.692421209,Acuna2011,https://doi.pangaea.de/10.1594/PANGAEA.832241,NA,NA
NA,2,LopezUrrutia2006,https://www.pnas.org/doi/full/10.1073/pnas.0601137103,Acuna2011,https://doi.pangaea.de/10.1594/PANGAEA.832241,Acartia,Unknown,Unknown,NA,NA,NA,RespirationRate,0.00125,NA,NA,Replicate,umol/ind/hr,NA,NA,9.6,NA,4e-8,8e-18,3.99e-9,kg,NA,NA,NA,NA,NA,NA,NA,NA,NA,Literature,43.54275761724704,-5.692421209,Acuna2011,https://doi.pangaea.de/10.1594/PANGAEA.832241,NA,NA
NA,3,LopezUrrutia2006,https://www.pnas.org/doi/full/10.1073/pnas.0601137103,Acuna2011,https://doi.pangaea.de/10.1594/PANGAEA.832241,Acartia (Acartiura) clausii,Unknown,Unknown,NA,NA,NA,RespirationRate,0.0304,NA,NA,Replicate,umol/ind/hr,NA,NA,15.9,NA,1.38e-6,2.76e-16,1.38e-7,kg,NA,NA,NA,NA,NA,NA,NA,NA,NA,Literature,43.54275761724704,-5.692421209,Acuna2011,https://doi.pangaea.de/10.1594/PANGAEA.832241,NA,NA
NA,4,LopezUrrutia2006,https://www.pnas.org/doi/full/10.1073/pnas.0601137103,Acuna2011,https://doi.pangaea.de/10.1594/PANGAEA.832241,Acartia (Acartiura) clausii,Unknown,Unknown,NA,NA,NA,RespirationRate,0.00134,NA,NA,Replicate,umol/ind/hr,NA,NA,12.7,NA,3.2e-8,6.4e-18,3.19e-9,kg,NA,NA,NA,NA,NA,NA,NA,NA,NA,Literature,43.54275761724704,-5.692421209,Acuna2011,https://doi.pangaea.de/10.1594/PANGAEA.832241,NA,NA
NA,5,LopezUrrutia2006,https://www.pnas.org/doi/full/10.1073/pnas.0601137103,Acuna2011,https://doi.pangaea.de/10.1594/PANGAEA.832241,Acartia (Acartiura) clausii,Unknown,Unknown,NA,NA,NA,RespirationRate,0.00196,NA,NA,Replicate,umol/ind/hr,NA,NA,15.4,NA,5.4e-8,1.08e-17,5.38e-9,kg,NA,NA,NA,NA,NA,NA,NA,NA,NA,Literature,43.54275761724704,-5.692421209,Acuna2011,https://doi.pangaea.de/10.1594/PANGAEA.832241,NA,NA
NA,6,LopezUrrutia2006,https://www.pnas.org/doi/full/10.1073/pnas.0601137103,Acuna2011,https://doi.pangaea.de/10.1594/PANGAEA.832241,Acartia (Acartiura) longiremis,Unknown,Unknown,NA,NA,NA,RespirationRate,0.00143,NA,NA,Replicate,umol/ind/hr,NA,NA,7.3,NA,4.3e-8,8.6e-18,4.29e-9,kg,NA,NA,NA,NA,NA,NA,NA,NA,NA,Literature,43.54275761724704,-5.692421209,Acuna2011,https://doi.pangaea.de/10.1594/PANGAEA.832241,NA,NA
NA,7,LopezUrrutia2006,https://www.pnas.org/doi/full/10.1073/pnas.0601137103,Acuna2011,https://doi.pangaea.de/10.1594/PANGAEA.832241,Acartia (Acartiura) longiremis,Unknown,Unknown,NA,NA,NA,RespirationRate,0.00112,NA,NA,Replicate,umol/ind/hr,NA,NA,7.3,NA,3.8e-8,7.6e-18,3.79e-9,kg,NA,NA,NA,NA,NA,NA,NA,NA,NA,Literature,43.54275761724704,-5.692421209,Acuna2011,https://doi.pangaea.de/10.1594/PANGAEA.832241,NA,NA
NA,8,LopezUrrutia2006,https://www.pnas.org/doi/full/10.1073/pnas.0601137103,Acuna2011,https://doi.pangaea.de/10.1594/PANGAEA.832241,Acartia (Acartiura) longiremis,Unknown,Unknown,NA,NA,NA,RespirationRate,0.00152,NA,NA,Replicate,umol/ind/hr,NA,NA,9,NA,5.2e-8,1.04e-17,5.18e-9,kg,NA,NA,NA,NA,NA,NA,NA,NA,NA,Literature,43.54275761724704,-5.692421209,Acuna2011,https://doi.pangaea.de/10.1594/PANGAEA.832241,NA,NA
NA,9,LopezUrrutia2006,https://www.pnas.org/doi/full/10.1073/pnas.0601137103,Acuna2011,https://doi.pangaea.de/10.1594/PANGAEA.832241,Acartia (Acartiura) longiremis,Unknown,Unknown,NA,NA,NA,RespirationRate,8.5e-4,NA,NA,Replicate,umol/ind/hr,NA,NA,9.7,NA,3.4e-8,6.8e-18,3.39e-9,kg,NA,NA,NA,NA,NA,NA,NA,NA,NA,Literature,43.54275761724704,-5.692421209,Acuna2011,https://doi.pangaea.de/10.1594/PANGAEA.832241,NA,NA
NA,10,LopezUrrutia2006,https://www.pnas.org/doi/full/10.1073/pnas.0601137103,Acuna2011,https://doi.pangaea.de/10.1594/PANGAEA.832241,Acartia (Acartiura) longiremis,Unknown,Unknown,NA,NA,NA,RespirationRate,8.5e-4,NA,NA,Replicate,umol/ind/hr,NA,NA,9.7,NA,3.5e-8,7e-18,3.49e-9,kg,NA,NA,NA,NA,NA,NA,NA,NA,NA,Literature,43.54275761724704,-5.692421209,Acuna2011,https://doi.pangaea.de/10.1594/PANGAEA.832241,NA,NA
NA,11,LopezUrrutia2006,https://www.pnas.org/doi/full/10.1073/pnas.0601137103,Acuna2011,https://doi.pangaea.de/10.1594/PANGAEA.832241,Acartia (Acartiura) longiremis,Unknown,Unknown,NA,NA,NA,RespirationRate,0.00148,NA,NA,Replicate,umol/ind/hr,NA,NA,13.1,NA,3.65e-8,7.3e-18,3.64e-9,kg,NA,NA,NA,NA,NA,NA,NA,NA,NA,Literature,43.54275761724704,-5.692421209,Acuna2011,https://doi.pangaea.de/10.1594/PANGAEA.832241,NA,NA
NA,12,LopezUrrutia2006,https://www.pnas.org/doi/full/10.1073/pnas.0601137103,Acuna2011,https://doi.pangaea.de/10.1594/PANGAEA.832241,Acartia (Odontacartia) pacifica,Unknown,Unknown,NA,NA,NA,RespirationRate,0.00205,NA,NA,Replicate,umol/ind/hr,NA,NA,26,NA,3.5e-8,7e-18,3.49e-9,kg,NA,NA,NA,NA,NA,NA,NA,NA,NA,Literature,43.54275761724704,-5.692421209,Acuna2011,https://doi.pangaea.de/10.1594/PANGAEA.832241,NA,NA
NA,13,LopezUrrutia2006,https://www.pnas.org/doi/full/10.1073/pnas.0601137103,Acuna2011,https://doi.pangaea.de/10.1594/PANGAEA.832241,Aglantha digitale,Unknown,Unknown,NA,NA,NA,RespirationRate,0.183,NA,NA,Replicate,umol/ind/hr,NA,NA,6.8,NA,1.49e-4,2.98e-15,4.96e-7,kg,NA,NA,NA,NA,NA,NA,NA,NA,NA,Literature,43.54275761724704,-5.692421209,Acuna2011,https://doi.pangaea.de/10.1594/PANGAEA.832241,NA,NA
NA,14,LopezUrrutia2006,https://www.pnas.org/doi/full/10.1073/pnas.0601137103,Acuna2011,https://doi.pangaea.de/10.1594/PANGAEA.832241,Aurelia aurita,Unknown,Unknown,NA,NA,NA,RespirationRate,2.31,NA,NA,Replicate,umol/ind/hr,NA,NA,20,NA,0.00838,3.02e-13,1.12e-5,kg,NA,NA,NA,NA,NA,NA,NA,NA,NA,Literature,43.54275761724704,-5.692421209,Acuna2011,https://doi.pangaea.de/10.1594/PANGAEA.832241,NA,NA
NA,15,LopezUrrutia2006,https://www.pnas.org/doi/full/10.1073/pnas.0601137103,Acuna2011,https://doi.pangaea.de/10.1594/PANGAEA.832241,Aurelia aurita,Unknown,Unknown,NA,NA,NA,RespirationRate,2.25,NA,NA,Replicate,umol/ind/hr,NA,NA,20,NA,0.0503,1.81e-12,6.7e-5,kg,NA,NA,NA,NA,NA,NA,NA,NA,NA,Literature,43.54275761724704,-5.692421209,Acuna2011,https://doi.pangaea.de/10.1594/PANGAEA.832241,NA,NA
NA,16,LopezUrrutia2006,https://www.pnas.org/doi/full/10.1073/pnas.0601137103,Acuna2011,https://doi.pangaea.de/10.1594/PANGAEA.832241,Aurelia aurita,Unknown,Unknown,NA,NA,NA,RespirationRate,11.5,NA,NA,Replicate,umol/ind/hr,NA,NA,20,NA,0.0587,2.11e-12,7.81e-5,kg,NA,NA,NA,NA,NA,NA,NA,NA,NA,Literature,43.54275761724704,-5.692421209,Acuna2011,https://doi.pangaea.de/10.1594/PANGAEA.832241,NA,NA
NA,17,LopezUrrutia2006,https://www.pnas.org/doi/full/10.1073/pnas.0601137103,Acuna2011,https://doi.pangaea.de/10.1594/PANGAEA.832241,Aurelia aurita,Unknown,Unknown,NA,NA,NA,RespirationRate,23.1,NA,NA,Replicate,umol/ind/hr,NA,NA,20,NA,0.0922,3.32e-12,1.23e-4,kg,NA,NA,NA,NA,NA,NA,NA,NA,NA,Literature,43.54275761724704,-5.692421209,Acuna2011,https://doi.pangaea.de/10.1594/PANGAEA.832241,NA,NA
NA,18,LopezUrrutia2006,https://www.pnas.org/doi/full/10.1073/pnas.0601137103,Acuna2011,https://doi.pangaea.de/10.1594/PANGAEA.832241,Aurelia aurita,Unknown,Unknown,NA,NA,NA,RespirationRate,20.7,NA,NA,Replicate,umol/ind/hr,NA,NA,20,NA,0.151,5.43e-12,2.01e-4,kg,NA,NA,NA,NA,NA,NA,NA,NA,NA,Literature,43.54275761724704,-5.692421209,Acuna2011,https://doi.pangaea.de/10.1594/PANGAEA.832241,NA,NA
NA,19,LopezUrrutia2006,https://www.pnas.org/doi/full/10.1073/pnas.0601137103,Acuna2011,https://doi.pangaea.de/10.1594/PANGAEA.832241,Aurelia aurita,Unknown,Unknown,NA,NA,NA,RespirationRate,50.8,NA,NA,Replicate,umol/ind/hr,NA,NA,20,NA,0.218,7.84e-12,2.9e-4,kg,NA,NA,NA,NA,NA,NA,NA,NA,NA,Literature,43.54275761724704,-5.692421209,Acuna2011,https://doi.pangaea.de/10.1594/PANGAEA.832241,NA,NA
NA,20,LopezUrrutia2006,https://www.pnas.org/doi/full/10.1073/pnas.0601137103,Acuna2011,https://doi.pangaea.de/10.1594/PANGAEA.832241,Aurelia aurita,Unknown,Unknown,NA,NA,NA,RespirationRate,48.3,NA,NA,Replicate,umol/ind/hr,NA,NA,20,NA,0.26,9.35e-12,3.46e-4,kg,NA,NA,NA,NA,NA,NA,NA,NA,NA,Literature,43.54275761724704,-5.692421209,Acuna2011,https://doi.pangaea.de/10.1594/PANGAEA.832241,NA,NA
NA,21,LopezUrrutia2006,https://www.pnas.org/doi/full/10.1073/pnas.0601137103,Acuna2011,https://doi.pangaea.de/10.1594/PANGAEA.832241,Aurelia aurita,Unknown,Unknown,NA,NA,NA,RespirationRate,62.5,NA,NA,Replicate,umol/ind/hr,NA,NA,20,NA,0.293,1.06e-11,3.91e-4,kg,NA,NA,NA,NA,NA,NA,NA,NA,NA,Literature,43.54275761724704,-5.692421209,Acuna2011,https://doi.pangaea.de/10.1594/PANGAEA.832241,NA,NA
NA,22,LopezUrrutia2006,https://www.pnas.org/doi/full/10.1073/pnas.0601137103,Acuna2011,https://doi.pangaea.de/10.1594/PANGAEA.832241,Aurelia aurita,Unknown,Unknown,NA,NA,NA,RespirationRate,92.1,NA,NA,Replicate,umol/ind/hr,NA,NA,20,NA,0.461,1.66e-11,6.14e-4,kg,NA,NA,NA,NA,NA,NA,NA,NA,NA,Literature,43.54275761724704,-5.692421209,Acuna2011,https://doi.pangaea.de/10.1594/PANGAEA.832241,NA,NA
NA,23,LopezUrrutia2006,https://www.pnas.org/doi/full/10.1073/pnas.0601137103,Acuna2011,https://doi.pangaea.de/10.1594/PANGAEA.832241,Aurelia aurita,Unknown,Unknown,NA,NA,NA,RespirationRate,115,NA,NA,Replicate,umol/ind/hr,NA,NA,20,NA,0.553,1.99e-11,7.37e-4,kg,NA,NA,NA,NA,NA,NA,NA,NA,NA,Literature,43.54275761724704,-5.692421209,Acuna2011,https://doi.pangaea.de/10.1594/PANGAEA.832241,NA,NA
NA,24,LopezUrrutia2006,https://www.pnas.org/doi/full/10.1073/pnas.0601137103,Acuna2011,https://doi.pangaea.de/10.1594/PANGAEA.832241,Aurelia aurita,Unknown,Unknown,NA,NA,NA,RespirationRate,99.2,NA,NA,Replicate,umol/ind/hr,NA,NA,20,NA,0.595,2.14e-11,7.93e-4,kg,NA,NA,NA,NA,NA,NA,NA,NA,NA,Literature,43.54275761724704,-5.692421209,Acuna2011,https://doi.pangaea.de/10.1594/PANGAEA.832241,NA,NA
NA,25,LopezUrrutia2006,https://www.pnas.org/doi/full/10.1073/pnas.0601137103,Acuna2011,https://doi.pangaea.de/10.1594/PANGAEA.832241,Aurelia aurita,Unknown,Unknown,NA,NA,NA,RespirationRate,141,NA,NA,Replicate,umol/ind/hr,NA,NA,20,NA,0.645,2.32e-11,8.59e-4,kg,NA,NA,NA,NA,NA,NA,NA,NA,NA,Literature,43.54275761724704,-5.692421209,Acuna2011,https://doi.pangaea.de/10.1594/PANGAEA.832241,NA,NA
NA,26,LopezUrrutia2006,https://www.pnas.org/doi/full/10.1073/pnas.0601137103,Acuna2011,https://doi.pangaea.de/10.1594/PANGAEA.832241,Aurelia aurita,Unknown,Unknown,NA,NA,NA,RespirationRate,47.5,NA,NA,Replicate,umol/ind/hr,NA,NA,28,NA,0.0754,2.72e-12,1e-4,kg,NA,NA,NA,NA,NA,NA,NA,NA,NA,Literature,43.54275761724704,-5.692421209,Acuna2011,https://doi.pangaea.de/10.1594/PANGAEA.832241,NA,NA
NA,27,LopezUrrutia2006,https://www.pnas.org/doi/full/10.1073/pnas.0601137103,Acuna2011,https://doi.pangaea.de/10.1594/PANGAEA.832241,Aurelia aurita,Unknown,Unknown,NA,NA,NA,RespirationRate,116,NA,NA,Replicate,umol/ind/hr,NA,NA,28,NA,0.184,6.64e-12,2.46e-4,kg,NA,NA,NA,NA,NA,NA,NA,NA,NA,Literature,43.54275761724704,-5.692421209,Acuna2011,https://doi.pangaea.de/10.1594/PANGAEA.832241,NA,NA
NA,28,LopezUrrutia2006,https://www.pnas.org/doi/full/10.1073/pnas.0601137103,Acuna2011,https://doi.pangaea.de/10.1594/PANGAEA.832241,Aurelia aurita,Unknown,Unknown,NA,NA,NA,RespirationRate,132,NA,NA,Replicate,umol/ind/hr,NA,NA,28,NA,0.277,9.96e-12,3.68e-4,kg,NA,NA,NA,NA,NA,NA,NA,NA,NA,Literature,43.54275761724704,-5.692421209,Acuna2011,https://doi.pangaea.de/10.1594/PANGAEA.832241,NA,NA
NA,29,LopezUrrutia2006,https://www.pnas.org/doi/full/10.1073/pnas.0601137103,Acuna2011,https://doi.pangaea.de/10.1594/PANGAEA.832241,Aurelia aurita,Unknown,Unknown,NA,NA,NA,RespirationRate,153,NA,NA,Replicate,umol/ind/hr,NA,NA,28,NA,0.31,1.12e-11,4.13e-4,kg,NA,NA,NA,NA,NA,NA,NA,NA,NA,Literature,43.54275761724704,-5.692421209,Acuna2011,https://doi.pangaea.de/10.1594/PANGAEA.832241,NA,NA
NA,30,LopezUrrutia2006,https://www.pnas.org/doi/full/10.1073/pnas.0601137103,Acuna2011,https://doi.pangaea.de/10.1594/PANGAEA.832241,Aurelia aurita,Unknown,Unknown,NA,NA,NA,RespirationRate,211,NA,NA,Replicate,umol/ind/hr,NA,NA,28,NA,0.277,9.96e-12,3.68e-4,kg,NA,NA,NA,NA,NA,NA,NA,NA,NA,Literature,43.54275761724704,-5.692421209,Acuna2011,https://doi.pangaea.de/10.1594/PANGAEA.832241,NA,NA
NA,31,LopezUrrutia2006,https://www.pnas.org/doi/full/10.1073/pnas.0601137103,Acuna2011,https://doi.pangaea.de/10.1594/PANGAEA.832241,Aurelia aurita,Unknown,Unknown,NA,NA,NA,RespirationRate,189,NA,NA,Replicate,umol/ind/hr,NA,NA,28,NA,0.419,1.51e-11,5.58e-4,kg,NA,NA,NA,NA,NA,NA,NA,NA,NA,Literature,43.54275761724704,-5.692421209,Acuna2011,https://doi.pangaea.de/10.1594/PANGAEA.832241,NA,NA
NA,32,LopezUrrutia2006,https://www.pnas.org/doi/full/10.1073/pnas.0601137103,Acuna2011,https://doi.pangaea.de/10.1594/PANGAEA.832241,Aurelia aurita,Unknown,Unknown,NA,NA,NA,RespirationRate,237,NA,NA,Replicate,umol/ind/hr,NA,NA,28,NA,0.377,1.36e-11,5.02e-4,kg,NA,NA,NA,NA,NA,NA,NA,NA,NA,Literature,43.54275761724704,-5.692421209,Acuna2011,https://doi.pangaea.de/10.1594/PANGAEA.832241,NA,NA
NA,33,LopezUrrutia2006,https://www.pnas.org/doi/full/10.1073/pnas.0601137103,Acuna2011,https://doi.pangaea.de/10.1594/PANGAEA.832241,Aurelia aurita,Unknown,Unknown,NA,NA,NA,RespirationRate,311,NA,NA,Replicate,umol/ind/hr,NA,NA,28,NA,0.545,1.96e-11,7.26e-4,kg,NA,NA,NA,NA,NA,NA,NA,NA,NA,Literature,43.54275761724704,-5.692421209,Acuna2011,https://doi.pangaea.de/10.1594/PANGAEA.832241,NA,NA
NA,34,LopezUrrutia2006,https://www.pnas.org/doi/full/10.1073/pnas.0601137103,Acuna2011,https://doi.pangaea.de/10.1594/PANGAEA.832241,Aurelia aurita,Unknown,Unknown,NA,NA,NA,RespirationRate,257,NA,NA,Replicate,umol/ind/hr,NA,NA,28,NA,0.704,2.53e-11,9.38e-4,kg,NA,NA,NA,NA,NA,NA,NA,NA,NA,Literature,43.54275761724704,-5.692421209,Acuna2011,https://doi.pangaea.de/10.1594/PANGAEA.832241,NA,NA
NA,35,LopezUrrutia2006,https://www.pnas.org/doi/full/10.1073/pnas.0601137103,Acuna2011,https://doi.pangaea.de/10.1594/PANGAEA.832241,Aurelia aurita,Unknown,Unknown,NA,NA,NA,RespirationRate,284,NA,NA,Replicate,umol/ind/hr,NA,NA,28,NA,0.679,2.44e-11,9.04e-4,kg,NA,NA,NA,NA,NA,NA,NA,NA,NA,Literature,43.54275761724704,-5.692421209,Acuna2011,https://doi.pangaea.de/10.1594/PANGAEA.832241,NA,NA
NA,36,LopezUrrutia2006,https://www.pnas.org/doi/full/10.1073/pnas.0601137103,Acuna2011,https://doi.pangaea.de/10.1594/PANGAEA.832241,Aurelia aurita,Unknown,Unknown,NA,NA,NA,RespirationRate,262,NA,NA,Replicate,umol/ind/hr,NA,NA,28,NA,0.796,2.87e-11,0.00106,kg,NA,NA,NA,NA,NA,NA,NA,NA,NA,Literature,43.54275761724704,-5.692421209,Acuna2011,https://doi.pangaea.de/10.1594/PANGAEA.832241,NA,NA
NA,37,LopezUrrutia2006,https://www.pnas.org/doi/full/10.1073/pnas.0601137103,Acuna2011,https://doi.pangaea.de/10.1594/PANGAEA.832241,Aurelia aurita,Unknown,Unknown,NA,NA,NA,RespirationRate,273,NA,NA,Replicate,umol/ind/hr,NA,NA,28,NA,0.813,2.93e-11,0.00108,kg,NA,NA,NA,NA,NA,NA,NA,NA,NA,Literature,43.54275761724704,-5.692421209,Acuna2011,https://doi.pangaea.de/10.1594/PANGAEA.832241,NA,NA
NA,38,LopezUrrutia2006,https://www.pnas.org/doi/full/10.1073/pnas.0601137103,Acuna2011,https://doi.pangaea.de/10.1594/PANGAEA.832241,Aurelia aurita,Unknown,Unknown,NA,NA,NA,RespirationRate,341,NA,NA,Replicate,umol/ind/hr,NA,NA,28,NA,1.03,3.71e-11,0.00137,kg,NA,NA,NA,NA,NA,NA,NA,NA,NA,Literature,43.54275761724704,-5.692421209,Acuna2011,https://doi.pangaea.de/10.1594/PANGAEA.832241,NA,NA
NA,39,LopezUrrutia2006,https://www.pnas.org/doi/full/10.1073/pnas.0601137103,Acuna2011,https://doi.pangaea.de/10.1594/PANGAEA.832241,Aurelia aurita,Unknown,Unknown,NA,NA,NA,RespirationRate,377,NA,NA,Replicate,umol/ind/hr,NA,NA,28,NA,1.32,4.77e-11,0.00176,kg,NA,NA,NA,NA,NA,NA,NA,NA,NA,Literature,43.54275761724704,-5.692421209,Acuna2011,https://doi.pangaea.de/10.1594/PANGAEA.832241,NA,NA
NA,40,LopezUrrutia2006,https://www.pnas.org/doi/full/10.1073/pnas.0601137103,Acuna2011,https://doi.pangaea.de/10.1594/PANGAEA.832241,Aurelia aurita,Unknown,Unknown,NA,NA,NA,RespirationRate,0.021,NA,NA,Replicate,umol/ind/hr,NA,NA,15,NA,9.42e-6,3.39e-16,1.25e-8,kg,NA,NA,NA,NA,NA,NA,NA,NA,NA,Literature,43.54275761724704,-5.692421209,Acuna2011,https://doi.pangaea.de/10.1594/PANGAEA.832241,NA,NA
NA,41,LopezUrrutia2006,https://www.pnas.org/doi/full/10.1073/pnas.0601137103,Acuna2011,https://doi.pangaea.de/10.1594/PANGAEA.832241,Aurelia aurita,Unknown,Unknown,NA,NA,NA,RespirationRate,0.0227,NA,NA,Replicate,umol/ind/hr,NA,NA,15,NA,1.26e-5,4.53e-16,1.68e-8,kg,NA,NA,NA,NA,NA,NA,NA,NA,NA,Literature,43.54275761724704,-5.692421209,Acuna2011,https://doi.pangaea.de/10.1594/PANGAEA.832241,NA,NA
NA,42,LopezUrrutia2006,https://www.pnas.org/doi/full/10.1073/pnas.0601137103,Acuna2011,https://doi.pangaea.de/10.1594/PANGAEA.832241,Aurelia aurita,Unknown,Unknown,NA,NA,NA,RespirationRate,0.0284,NA,NA,Replicate,umol/ind/hr,NA,NA,15,NA,3.19e-5,1.15e-15,4.25e-8,kg,NA,NA,NA,NA,NA,NA,NA,NA,NA,Literature,43.54275761724704,-5.692421209,Acuna2011,https://doi.pangaea.de/10.1594/PANGAEA.832241,NA,NA
NA,43,LopezUrrutia2006,https://www.pnas.org/doi/full/10.1073/pnas.0601137103,Acuna2011,https://doi.pangaea.de/10.1594/PANGAEA.832241,Aurelia aurita,Unknown,Unknown,NA,NA,NA,RespirationRate,0.0357,NA,NA,Replicate,umol/ind/hr,NA,NA,15,NA,4.27e-5,1.54e-15,5.69e-8,kg,NA,NA,NA,NA,NA,NA,NA,NA,NA,Literature,43.54275761724704,-5.692421209,Acuna2011,https://doi.pangaea.de/10.1594/PANGAEA.832241,NA,NA
NA,44,LopezUrrutia2006,https://www.pnas.org/doi/full/10.1073/pnas.0601137103,Acuna2011,https://doi.pangaea.de/10.1594/PANGAEA.832241,Aurelia aurita,Unknown,Unknown,NA,NA,NA,RespirationRate,0.0357,NA,NA,Replicate,umol/ind/hr,NA,NA,15,NA,6.8e-5,2.45e-15,9.06e-8,kg,NA,NA,NA,NA,NA,NA,NA,NA,NA,Literature,43.54275761724704,-5.692421209,Acuna2011,https://doi.pangaea.de/10.1594/PANGAEA.832241,NA,NA
NA,45,LopezUrrutia2006,https://www.pnas.org/doi/full/10.1073/pnas.0601137103,Acuna2011,https://doi.pangaea.de/10.1594/PANGAEA.832241,Aurelia aurita,Unknown,Unknown,NA,NA,NA,RespirationRate,0.0415,NA,NA,Replicate,umol/ind/hr,NA,NA,15,NA,1.08e-4,3.9e-15,1.44e-7,kg,NA,NA,NA,NA,NA,NA,NA,NA,NA,Literature,43.54275761724704,-5.692421209,Acuna2011,https://doi.pangaea.de/10.1594/PANGAEA.832241,NA,NA
NA,46,LopezUrrutia2006,https://www.pnas.org/doi/full/10.1073/pnas.0601137103,Acuna2011,https://doi.pangaea.de/10.1594/PANGAEA.832241,Aurelia aurita,Unknown,Unknown,NA,NA,NA,RespirationRate,0.0521,NA,NA,Replicate,umol/ind/hr,NA,NA,15,NA,1.45e-4,5.21e-15,1.93e-7,kg,NA,NA,NA,NA,NA,NA,NA,NA,NA,Literature,43.54275761724704,-5.692421209,Acuna2011,https://doi.pangaea.de/10.1594/PANGAEA.832241,NA,NA
NA,47,LopezUrrutia2006,https://www.pnas.org/doi/full/10.1073/pnas.0601137103,Acuna2011,https://doi.pangaea.de/10.1594/PANGAEA.832241,Aurelia aurita,Unknown,Unknown,NA,NA,NA,RespirationRate,0.0821,NA,NA,Replicate,umol/ind/hr,NA,NA,15,NA,1.45e-4,5.21e-15,1.93e-7,kg,NA,NA,NA,NA,NA,NA,NA,NA,NA,Literature,43.54275761724704,-5.692421209,Acuna2011,https://doi.pangaea.de/10.1594/PANGAEA.832241,NA,NA
NA,48,LopezUrrutia2006,https://www.pnas.org/doi/full/10.1073/pnas.0601137103,Acuna2011,https://doi.pangaea.de/10.1594/PANGAEA.832241,Aurelia aurita,Unknown,Unknown,NA,NA,NA,RespirationRate,0.0608,NA,NA,Replicate,umol/ind/hr,NA,NA,15,NA,2.91e-4,1.05e-14,3.88e-7,kg,NA,NA,NA,NA,NA,NA,NA,NA,NA,Literature,43.54275761724704,-5.692421209,Acuna2011,https://doi.pangaea.de/10.1594/PANGAEA.832241,NA,NA
NA,49,LopezUrrutia2006,https://www.pnas.org/doi/full/10.1073/pnas.0601137103,Acuna2011,https://doi.pangaea.de/10.1594/PANGAEA.832241,Aurelia aurita,Unknown,Unknown,NA,NA,NA,RespirationRate,0.0704,NA,NA,Replicate,umol/ind/hr,NA,NA,15,NA,4.37e-4,1.57e-14,5.82e-7,kg,NA,NA,NA,NA,NA,NA,NA,NA,NA,Literature,43.54275761724704,-5.692421209,Acuna2011,https://doi.pangaea.de/10.1594/PANGAEA.832241,NA,NA
NA,50,LopezUrrutia2006,https://www.pnas.org/doi/full/10.1073/pnas.0601137103,Acuna2011,https://doi.pangaea.de/10.1594/PANGAEA.832241,Aurelia aurita,Unknown,Unknown,NA,NA,NA,RespirationRate,0.129,NA,NA,Replicate,umol/ind/hr,NA,NA,15,NA,3.89e-4,1.4e-14,5.18e-7,kg,NA,NA,NA,NA,NA,NA,NA,NA,NA,Literature,43.54275761724704,-5.692421209,Acuna2011,https://doi.pangaea.de/10.1594/PANGAEA.832241,NA,NA
NA,51,LopezUrrutia2006,https://www.pnas.org/doi/full/10.1073/pnas.0601137103,Acuna2011,https://doi.pangaea.de/10.1594/PANGAEA.832241,Aurelia aurita,Unknown,Unknown,NA,NA,NA,RespirationRate,0.14,NA,NA,Replicate,umol/ind/hr,NA,NA,15,NA,4.91e-4,1.77e-14,6.54e-7,kg,NA,NA,NA,NA,NA,NA,NA,NA,NA,Literature,43.54275761724704,-5.692421209,Acuna2011,https://doi.pangaea.de/10.1594/PANGAEA.832241,NA,NA
NA,52,LopezUrrutia2006,https://www.pnas.org/doi/full/10.1073/pnas.0601137103,Acuna2011,https://doi.pangaea.de/10.1594/PANGAEA.832241,Aurelia aurita,Unknown,Unknown,NA,NA,NA,RespirationRate,0.373,NA,NA,Replicate,umol/ind/hr,NA,NA,15,NA,8.78e-4,3.16e-14,1.17e-6,kg,NA,NA,NA,NA,NA,NA,NA,NA,NA,Literature,43.54275761724704,-5.692421209,Acuna2011,https://doi.pangaea.de/10.1594/PANGAEA.832241,NA,NA
NA,53,LopezUrrutia2006,https://www.pnas.org/doi/full/10.1073/pnas.0601137103,Acuna2011,https://doi.pangaea.de/10.1594/PANGAEA.832241,Aurelia aurita,Unknown,Unknown,NA,NA,NA,RespirationRate,0.683,NA,NA,Replicate,umol/ind/hr,NA,NA,15,NA,8.29e-4,2.98e-14,1.1e-6,kg,NA,NA,NA,NA,NA,NA,NA,NA,NA,Literature,43.54275761724704,-5.692421209,Acuna2011,https://doi.pangaea.de/10.1594/PANGAEA.832241,NA,NA
NA,54,LopezUrrutia2006,https://www.pnas.org/doi/full/10.1073/pnas.0601137103,Acuna2011,https://doi.pangaea.de/10.1594/PANGAEA.832241,Aurelia aurita,Unknown,Unknown,NA,NA,NA,RespirationRate,0.858,NA,NA,Replicate,umol/ind/hr,NA,NA,15,NA,0.00148,5.34e-14,1.97e-6,kg,NA,NA,NA,NA,NA,NA,NA,NA,NA,Literature,43.54275761724704,-5.692421209,Acuna2011,https://doi.pangaea.de/10.1594/PANGAEA.832241,NA,NA
NA,55,LopezUrrutia2006,https://www.pnas.org/doi/full/10.1073/pnas.0601137103,Acuna2011,https://doi.pangaea.de/10.1594/PANGAEA.832241,Aurelia aurita,Unknown,Unknown,NA,NA,NA,RespirationRate,0.683,NA,NA,Replicate,umol/ind/hr,NA,NA,15,NA,0.00198,7.14e-14,2.64e-6,kg,NA,NA,NA,NA,NA,NA,NA,NA,NA,Literature,43.54275761724704,-5.692421209,Acuna2011,https://doi.pangaea.de/10.1594/PANGAEA.832241,NA,NA
NA,56,LopezUrrutia2006,https://www.pnas.org/doi/full/10.1073/pnas.0601137103,Acuna2011,https://doi.pangaea.de/10.1594/PANGAEA.832241,Aurelia aurita,Unknown,Unknown,NA,NA,NA,RespirationRate,0.925,NA,NA,Replicate,umol/ind/hr,NA,NA,15,NA,0.00474,1.71e-13,6.32e-6,kg,NA,NA,NA,NA,NA,NA,NA,NA,NA,Literature,43.54275761724704,-5.692421209,Acuna2011,https://doi.pangaea.de/10.1594/PANGAEA.832241,NA,NA
NA,57,LopezUrrutia2006,https://www.pnas.org/doi/full/10.1073/pnas.0601137103,Acuna2011,https://doi.pangaea.de/10.1594/PANGAEA.832241,Aurelia aurita,Unknown,Unknown,NA,NA,NA,RespirationRate,6.17,NA,NA,Replicate,umol/ind/hr,NA,NA,15,NA,0.00755,2.72e-13,1.01e-5,kg,NA,NA,NA,NA,NA,NA,NA,NA,NA,Literature,43.54275761724704,-5.692421209,Acuna2011,https://doi.pangaea.de/10.1594/PANGAEA.832241,NA,NA
NA,58,LopezUrrutia2006,https://www.pnas.org/doi/full/10.1073/pnas.0601137103,Acuna2011,https://doi.pangaea.de/10.1594/PANGAEA.832241,Aurelia aurita,Unknown,Unknown,NA,NA,NA,RespirationRate,7.71,NA,NA,Replicate,umol/ind/hr,NA,NA,15,NA,0.0215,7.74e-13,2.86e-5,kg,NA,NA,NA,NA,NA,NA,NA,NA,NA,Literature,43.54275761724704,-5.692421209,Acuna2011,https://doi.pangaea.de/10.1594/PANGAEA.832241,NA,NA
NA,59,LopezUrrutia2006,https://www.pnas.org/doi/full/10.1073/pnas.0601137103,Acuna2011,https://doi.pangaea.de/10.1594/PANGAEA.832241,Aurelia aurita,Unknown,Unknown,NA,NA,NA,RespirationRate,0.0124,NA,NA,Replicate,umol/ind/hr,NA,NA,15,NA,2.39e-5,8.6e-16,3.18e-8,kg,NA,NA,NA,NA,NA,NA,NA,NA,NA,Literature,43.54275761724704,-5.692421209,Acuna2011,https://doi.pangaea.de/10.1594/PANGAEA.832241,NA,NA
NA,60,LopezUrrutia2006,https://www.pnas.org/doi/full/10.1073/pnas.0601137103,Acuna2011,https://doi.pangaea.de/10.1594/PANGAEA.832241,Aurelia aurita,Unknown,Unknown,NA,NA,NA,RespirationRate,0.0195,NA,NA,Replicate,umol/ind/hr,NA,NA,15,NA,2.39e-5,8.6e-16,3.18e-8,kg,NA,NA,NA,NA,NA,NA,NA,NA,NA,Literature,43.54275761724704,-5.692421209,Acuna2011,https://doi.pangaea.de/10.1594/PANGAEA.832241,NA,NA
NA,61,LopezUrrutia2006,https://www.pnas.org/doi/full/10.1073/pnas.0601137103,Acuna2011,https://doi.pangaea.de/10.1594/PANGAEA.832241,Aurelia aurita,Unknown,Unknown,NA,NA,NA,RespirationRate,0.021,NA,NA,Replicate,umol/ind/hr,NA,NA,15,NA,3.38e-5,1.22e-15,4.51e-8,kg,NA,NA,NA,NA,NA,NA,NA,NA,NA,Literature,43.54275761724704,-5.692421209,Acuna2011,https://doi.pangaea.de/10.1594/PANGAEA.832241,NA,NA
NA,62,LopezUrrutia2006,https://www.pnas.org/doi/full/10.1073/pnas.0601137103,Acuna2011,https://doi.pangaea.de/10.1594/PANGAEA.832241,Beroidae,Unknown,Unknown,NA,NA,NA,RespirationRate,1.83,NA,NA,Replicate,umol/ind/hr,NA,NA,-1.7,NA,0.132,2.65e-12,4.41e-4,kg,NA,NA,NA,NA,NA,NA,NA,NA,NA,Literature,43.54275761724704,-5.692421209,Acuna2011,https://doi.pangaea.de/10.1594/PANGAEA.832241,NA,NA
NA,63,LopezUrrutia2006,https://www.pnas.org/doi/full/10.1073/pnas.0601137103,Acuna2011,https://doi.pangaea.de/10.1594/PANGAEA.832241,Beroidae,Unknown,Unknown,NA,NA,NA,RespirationRate,0.206,NA,NA,Replicate,umol/ind/hr,NA,NA,12.7,NA,6.97e-4,1.39e-14,2.32e-6,kg,NA,NA,NA,NA,NA,NA,NA,NA,NA,Literature,43.54275761724704,-5.692421209,Acuna2011,https://doi.pangaea.de/10.1594/PANGAEA.832241,NA,NA
NA,64,LopezUrrutia2006,https://www.pnas.org/doi/full/10.1073/pnas.0601137103,Acuna2011,https://doi.pangaea.de/10.1594/PANGAEA.832241,Beroidae,Unknown,Unknown,NA,NA,NA,RespirationRate,0.646,NA,NA,Replicate,umol/ind/hr,NA,NA,15.2,NA,0.0026,5.21e-14,8.67e-6,kg,NA,NA,NA,NA,NA,NA,NA,NA,NA,Literature,43.54275761724704,-5.692421209,Acuna2011,https://doi.pangaea.de/10.1594/PANGAEA.832241,NA,NA
NA,65,LopezUrrutia2006,https://www.pnas.org/doi/full/10.1073/pnas.0601137103,Acuna2011,https://doi.pangaea.de/10.1594/PANGAEA.832241,Beroe ovata,Unknown,Unknown,NA,NA,NA,RespirationRate,0.158,NA,NA,Replicate,umol/ind/hr,NA,NA,21,NA,5e-4,1e-14,1.67e-6,kg,NA,NA,NA,NA,NA,NA,NA,NA,NA,Literature,43.54275761724704,-5.692421209,Acuna2011,https://doi.pangaea.de/10.1594/PANGAEA.832241,NA,NA
NA,66,LopezUrrutia2006,https://www.pnas.org/doi/full/10.1073/pnas.0601137103,Acuna2011,https://doi.pangaea.de/10.1594/PANGAEA.832241,Beroe ovata,Unknown,Unknown,NA,NA,NA,RespirationRate,0.253,NA,NA,Replicate,umol/ind/hr,NA,NA,21,NA,9.82e-4,1.96e-14,3.27e-6,kg,NA,NA,NA,NA,NA,NA,NA,NA,NA,Literature,43.54275761724704,-5.692421209,Acuna2011,https://doi.pangaea.de/10.1594/PANGAEA.832241,NA,NA
NA,67,LopezUrrutia2006,https://www.pnas.org/doi/full/10.1073/pnas.0601137103,Acuna2011,https://doi.pangaea.de/10.1594/PANGAEA.832241,Beroe ovata,Unknown,Unknown,NA,NA,NA,RespirationRate,0.407,NA,NA,Replicate,umol/ind/hr,NA,NA,21,NA,0.00201,4.01e-14,6.68e-6,kg,NA,NA,NA,NA,NA,NA,NA,NA,NA,Literature,43.54275761724704,-5.692421209,Acuna2011,https://doi.pangaea.de/10.1594/PANGAEA.832241,NA,NA
NA,68,LopezUrrutia2006,https://www.pnas.org/doi/full/10.1073/pnas.0601137103,Acuna2011,https://doi.pangaea.de/10.1594/PANGAEA.832241,Beroe ovata,Unknown,Unknown,NA,NA,NA,RespirationRate,1.09,NA,NA,Replicate,umol/ind/hr,NA,NA,21,NA,0.00298,5.97e-14,9.94e-6,kg,NA,NA,NA,NA,NA,NA,NA,NA,NA,Literature,43.54275761724704,-5.692421209,Acuna2011,https://doi.pangaea.de/10.1594/PANGAEA.832241,NA,NA
NA,69,LopezUrrutia2006,https://www.pnas.org/doi/full/10.1073/pnas.0601137103,Acuna2011,https://doi.pangaea.de/10.1594/PANGAEA.832241,Beroe ovata,Unknown,Unknown,NA,NA,NA,RespirationRate,2.4,NA,NA,Replicate,umol/ind/hr,NA,NA,21,NA,0.00774,1.55e-13,2.58e-5,kg,NA,NA,NA,NA,NA,NA,NA,NA,NA,Literature,43.54275761724704,-5.692421209,Acuna2011,https://doi.pangaea.de/10.1594/PANGAEA.832241,NA,NA
NA,70,LopezUrrutia2006,https://www.pnas.org/doi/full/10.1073/pnas.0601137103,Acuna2011,https://doi.pangaea.de/10.1594/PANGAEA.832241,Beroe ovata,Unknown,Unknown,NA,NA,NA,RespirationRate,2.6,NA,NA,Replicate,umol/ind/hr,NA,NA,21,NA,0.00774,1.55e-13,2.58e-5,kg,NA,NA,NA,NA,NA,NA,NA,NA,NA,Literature,43.54275761724704,-5.692421209,Acuna2011,https://doi.pangaea.de/10.1594/PANGAEA.832241,NA,NA
NA,71,LopezUrrutia2006,https://www.pnas.org/doi/full/10.1073/pnas.0601137103,Acuna2011,https://doi.pangaea.de/10.1594/PANGAEA.832241,Beroe ovata,Unknown,Unknown,NA,NA,NA,RespirationRate,4.88,NA,NA,Replicate,umol/ind/hr,NA,NA,21,NA,0.0171,3.42e-13,5.7e-5,kg,NA,NA,NA,NA,NA,NA,NA,NA,NA,Literature,43.54275761724704,-5.692421209,Acuna2011,https://doi.pangaea.de/10.1594/PANGAEA.832241,NA,NA
NA,72,LopezUrrutia2006,https://www.pnas.org/doi/full/10.1073/pnas.0601137103,Acuna2011,https://doi.pangaea.de/10.1594/PANGAEA.832241,Beroe ovata,Unknown,Unknown,NA,NA,NA,RespirationRate,12.6,NA,NA,Replicate,umol/ind/hr,NA,NA,21,NA,0.035,7e-13,1.16e-4,kg,NA,NA,NA,NA,NA,NA,NA,NA,NA,Literature,43.54275761724704,-5.692421209,Acuna2011,https://doi.pangaea.de/10.1594/PANGAEA.832241,NA,NA
NA,73,LopezUrrutia2006,https://www.pnas.org/doi/full/10.1073/pnas.0601137103,Acuna2011,https://doi.pangaea.de/10.1594/PANGAEA.832241,Beroe ovata,Unknown,Unknown,NA,NA,NA,RespirationRate,26.7,NA,NA,Replicate,umol/ind/hr,NA,NA,21,NA,0.0586,1.17e-12,1.95e-4,kg,NA,NA,NA,NA,NA,NA,NA,NA,NA,Literature,43.54275761724704,-5.692421209,Acuna2011,https://doi.pangaea.de/10.1594/PANGAEA.832241,NA,NA
NA,74,LopezUrrutia2006,https://www.pnas.org/doi/full/10.1073/pnas.0601137103,Acuna2011,https://doi.pangaea.de/10.1594/PANGAEA.832241,Calanoides,Unknown,Unknown,NA,NA,NA,RespirationRate,0.00942,NA,NA,Replicate,umol/ind/hr,NA,NA,-0.2,NA,1.97e-6,3.94e-16,1.96e-7,kg,NA,NA,NA,NA,NA,NA,NA,NA,NA,Literature,43.54275761724704,-5.692421209,Acuna2011,https://doi.pangaea.de/10.1594/PANGAEA.832241,NA,NA
NA,75,LopezUrrutia2006,https://www.pnas.org/doi/full/10.1073/pnas.0601137103,Acuna2011,https://doi.pangaea.de/10.1594/PANGAEA.832241,Calanopia,Unknown,Unknown,NA,NA,NA,RespirationRate,0.0125,NA,NA,Replicate,umol/ind/hr,NA,NA,26,NA,2.8e-7,5.6e-17,2.79e-8,kg,NA,NA,NA,NA,NA,NA,NA,NA,NA,Literature,43.54275761724704,-5.692421209,Acuna2011,https://doi.pangaea.de/10.1594/PANGAEA.832241,NA,NA
NA,76,LopezUrrutia2006,https://www.pnas.org/doi/full/10.1073/pnas.0601137103,Acuna2011,https://doi.pangaea.de/10.1594/PANGAEA.832241,Calanus,Unknown,Unknown,NA,NA,NA,RespirationRate,0.0146,NA,NA,Replicate,umol/ind/hr,NA,NA,0.1,NA,1.94e-6,3.87e-16,1.93e-7,kg,NA,NA,NA,NA,NA,NA,NA,NA,NA,Literature,43.54275761724704,-5.692421209,Acuna2011,https://doi.pangaea.de/10.1594/PANGAEA.832241,NA,NA
NA,77,LopezUrrutia2006,https://www.pnas.org/doi/full/10.1073/pnas.0601137103,Acuna2011,https://doi.pangaea.de/10.1594/PANGAEA.832241,Calanus,Unknown,Unknown,NA,NA,NA,RespirationRate,0.0458,NA,NA,Replicate,umol/ind/hr,NA,NA,0.9,NA,9.72e-6,1.94e-15,9.69e-7,kg,NA,NA,NA,NA,NA,NA,NA,NA,NA,Literature,43.54275761724704,-5.692421209,Acuna2011,https://doi.pangaea.de/10.1594/PANGAEA.832241,NA,NA
NA,78,LopezUrrutia2006,https://www.pnas.org/doi/full/10.1073/pnas.0601137103,Acuna2011,https://doi.pangaea.de/10.1594/PANGAEA.832241,Calanus cristatus,Unknown,Unknown,NA,NA,NA,RespirationRate,0.104,NA,NA,Replicate,umol/ind/hr,NA,NA,6,NA,1.14e-5,2.27e-15,1.13e-6,kg,NA,NA,NA,NA,NA,NA,NA,NA,NA,Literature,43.54275761724704,-5.692421209,Acuna2011,https://doi.pangaea.de/10.1594/PANGAEA.832241,NA,NA
NA,79,LopezUrrutia2006,https://www.pnas.org/doi/full/10.1073/pnas.0601137103,Acuna2011,https://doi.pangaea.de/10.1594/PANGAEA.832241,Calanus finmarchicus,Unknown,Unknown,NA,NA,NA,RespirationRate,0.0146,NA,NA,Replicate,umol/ind/hr,NA,NA,0.1,NA,1.94e-6,3.87e-16,1.93e-7,kg,NA,NA,NA,NA,NA,NA,NA,NA,NA,Literature,43.54275761724704,-5.692421209,Acuna2011,https://doi.pangaea.de/10.1594/PANGAEA.832241,NA,NA
NA,80,LopezUrrutia2006,https://www.pnas.org/doi/full/10.1073/pnas.0601137103,Acuna2011,https://doi.pangaea.de/10.1594/PANGAEA.832241,Calanus glacialis,Unknown,Unknown,NA,NA,NA,RespirationRate,0.0281,NA,NA,Replicate,umol/ind/hr,NA,NA,3.5,NA,2.05e-6,4.1e-16,2.04e-7,kg,NA,NA,NA,NA,NA,NA,NA,NA,NA,Literature,43.54275761724704,-5.692421209,Acuna2011,https://doi.pangaea.de/10.1594/PANGAEA.832241,NA,NA
NA,81,LopezUrrutia2006,https://www.pnas.org/doi/full/10.1073/pnas.0601137103,Acuna2011,https://doi.pangaea.de/10.1594/PANGAEA.832241,Calanus hyperboreus,Unknown,Unknown,NA,NA,NA,RespirationRate,0.0667,NA,NA,Replicate,umol/ind/hr,NA,NA,1.3,NA,1.98e-5,3.95e-15,1.97e-6,kg,NA,NA,NA,NA,NA,NA,NA,NA,NA,Literature,43.54275761724704,-5.692421209,Acuna2011,https://doi.pangaea.de/10.1594/PANGAEA.832241,NA,NA
NA,82,LopezUrrutia2006,https://www.pnas.org/doi/full/10.1073/pnas.0601137103,Acuna2011,https://doi.pangaea.de/10.1594/PANGAEA.832241,Calanus hyperboreus,Unknown,Unknown,NA,NA,NA,RespirationRate,0.0471,NA,NA,Replicate,umol/ind/hr,NA,NA,-0.3,NA,1.34e-5,2.68e-15,1.34e-6,kg,NA,NA,NA,NA,NA,NA,NA,NA,NA,Literature,43.54275761724704,-5.692421209,Acuna2011,https://doi.pangaea.de/10.1594/PANGAEA.832241,NA,NA
NA,83,LopezUrrutia2006,https://www.pnas.org/doi/full/10.1073/pnas.0601137103,Acuna2011,https://doi.pangaea.de/10.1594/PANGAEA.832241,Calanus minor,Unknown,Unknown,NA,NA,NA,RespirationRate,0.00983,NA,NA,Replicate,umol/ind/hr,NA,NA,26.9,NA,2.06e-7,4.12e-17,2.05e-8,kg,NA,NA,NA,NA,NA,NA,NA,NA,NA,Literature,43.54275761724704,-5.692421209,Acuna2011,https://doi.pangaea.de/10.1594/PANGAEA.832241,NA,NA
NA,84,LopezUrrutia2006,https://www.pnas.org/doi/full/10.1073/pnas.0601137103,Acuna2011,https://doi.pangaea.de/10.1594/PANGAEA.832241,Calanus plumchrus,Unknown,Unknown,NA,NA,NA,RespirationRate,0.0421,NA,NA,Replicate,umol/ind/hr,NA,NA,5,NA,4.46e-6,8.92e-16,4.45e-7,kg,NA,NA,NA,NA,NA,NA,NA,NA,NA,Literature,43.54275761724704,-5.692421209,Acuna2011,https://doi.pangaea.de/10.1594/PANGAEA.832241,NA,NA
NA,85,LopezUrrutia2006,https://www.pnas.org/doi/full/10.1073/pnas.0601137103,Acuna2011,https://doi.pangaea.de/10.1594/PANGAEA.832241,Calanus plumchrus,Unknown,Unknown,NA,NA,NA,RespirationRate,0.0134,NA,NA,Replicate,umol/ind/hr,NA,NA,5,NA,1.45e-6,2.89e-16,1.44e-7,kg,NA,NA,NA,NA,NA,NA,NA,NA,NA,Literature,43.54275761724704,-5.692421209,Acuna2011,https://doi.pangaea.de/10.1594/PANGAEA.832241,NA,NA
NA,86,LopezUrrutia2006,https://www.pnas.org/doi/full/10.1073/pnas.0601137103,Acuna2011,https://doi.pangaea.de/10.1594/PANGAEA.832241,Calanus plumchrus,Unknown,Unknown,NA,NA,NA,RespirationRate,0.0281,NA,NA,Replicate,umol/ind/hr,NA,NA,5,NA,2.95e-6,5.89e-16,2.94e-7,kg,NA,NA,NA,NA,NA,NA,NA,NA,NA,Literature,43.54275761724704,-5.692421209,Acuna2011,https://doi.pangaea.de/10.1594/PANGAEA.832241,NA,NA
NA,87,LopezUrrutia2006,https://www.pnas.org/doi/full/10.1073/pnas.0601137103,Acuna2011,https://doi.pangaea.de/10.1594/PANGAEA.832241,Calanus plumchrus,Unknown,Unknown,NA,NA,NA,RespirationRate,0.0411,NA,NA,Replicate,umol/ind/hr,NA,NA,9.4,NA,5.4e-6,1.08e-15,5.38e-7,kg,NA,NA,NA,NA,NA,NA,NA,NA,NA,Literature,43.54275761724704,-5.692421209,Acuna2011,https://doi.pangaea.de/10.1594/PANGAEA.832241,NA,NA
NA,88,LopezUrrutia2006,https://www.pnas.org/doi/full/10.1073/pnas.0601137103,Acuna2011,https://doi.pangaea.de/10.1594/PANGAEA.832241,Calanus plumchrus,Unknown,Unknown,NA,NA,NA,RespirationRate,0.0205,NA,NA,Replicate,umol/ind/hr,NA,NA,14.2,NA,1.57e-6,3.14e-16,1.57e-7,kg,NA,NA,NA,NA,NA,NA,NA,NA,NA,Literature,43.54275761724704,-5.692421209,Acuna2011,https://doi.pangaea.de/10.1594/PANGAEA.832241,NA,NA
NA,89,LopezUrrutia2006,https://www.pnas.org/doi/full/10.1073/pnas.0601137103,Acuna2011,https://doi.pangaea.de/10.1594/PANGAEA.832241,Calanus plumchrus,Unknown,Unknown,NA,NA,NA,RespirationRate,0.0259,NA,NA,Replicate,umol/ind/hr,NA,NA,15.9,NA,1.29e-6,2.58e-16,1.29e-7,kg,NA,NA,NA,NA,NA,NA,NA,NA,NA,Literature,43.54275761724704,-5.692421209,Acuna2011,https://doi.pangaea.de/10.1594/PANGAEA.832241,NA,NA
NA,90,LopezUrrutia2006,https://www.pnas.org/doi/full/10.1073/pnas.0601137103,Acuna2011,https://doi.pangaea.de/10.1594/PANGAEA.832241,Calanus propinquus,Unknown,Unknown,NA,NA,NA,RespirationRate,0.0301,NA,NA,Replicate,umol/ind/hr,NA,NA,-1,NA,4.24e-6,8.47e-16,4.22e-7,kg,NA,NA,NA,NA,NA,NA,NA,NA,NA,Literature,43.54275761724704,-5.692421209,Acuna2011,https://doi.pangaea.de/10.1594/PANGAEA.832241,NA,NA
NA,91,LopezUrrutia2006,https://www.pnas.org/doi/full/10.1073/pnas.0601137103,Acuna2011,https://doi.pangaea.de/10.1594/PANGAEA.832241,Calanus sinicus,Unknown,Unknown,NA,NA,NA,RespirationRate,0.00938,NA,NA,Replicate,umol/ind/hr,NA,NA,9,NA,6.15e-7,1.23e-16,6.13e-8,kg,NA,NA,NA,NA,NA,NA,NA,NA,NA,Literature,43.54275761724704,-5.692421209,Acuna2011,https://doi.pangaea.de/10.1594/PANGAEA.832241,NA,NA
NA,92,LopezUrrutia2006,https://www.pnas.org/doi/full/10.1073/pnas.0601137103,Acuna2011,https://doi.pangaea.de/10.1594/PANGAEA.832241,Calanus sinicus,Unknown,Unknown,NA,NA,NA,RespirationRate,0.0375,NA,NA,Replicate,umol/ind/hr,NA,NA,27,NA,7.86e-7,1.57e-16,7.84e-8,kg,NA,NA,NA,NA,NA,NA,NA,NA,NA,Literature,43.54275761724704,-5.692421209,Acuna2011,https://doi.pangaea.de/10.1594/PANGAEA.832241,NA,NA
NA,93,LopezUrrutia2006,https://www.pnas.org/doi/full/10.1073/pnas.0601137103,Acuna2011,https://doi.pangaea.de/10.1594/PANGAEA.832241,Calanus sinicus,Unknown,Unknown,NA,NA,NA,RespirationRate,0.0286,NA,NA,Replicate,umol/ind/hr,NA,NA,18,NA,7.22e-7,1.44e-16,7.19e-8,kg,NA,NA,NA,NA,NA,NA,NA,NA,NA,Literature,43.54275761724704,-5.692421209,Acuna2011,https://doi.pangaea.de/10.1594/PANGAEA.832241,NA,NA
NA,94,LopezUrrutia2006,https://www.pnas.org/doi/full/10.1073/pnas.0601137103,Acuna2011,https://doi.pangaea.de/10.1594/PANGAEA.832241,Centropages,Unknown,Unknown,NA,NA,NA,RespirationRate,0.00384,NA,NA,Replicate,umol/ind/hr,NA,NA,15.9,NA,8.5e-8,1.7e-17,8.47e-9,kg,NA,NA,NA,NA,NA,NA,NA,NA,NA,Literature,43.54275761724704,-5.692421209,Acuna2011,https://doi.pangaea.de/10.1594/PANGAEA.832241,NA,NA
NA,95,LopezUrrutia2006,https://www.pnas.org/doi/full/10.1073/pnas.0601137103,Acuna2011,https://doi.pangaea.de/10.1594/PANGAEA.832241,Centropages brachiatus,Unknown,Unknown,NA,NA,NA,RespirationRate,0.00538,NA,NA,Replicate,umol/ind/hr,NA,NA,17.3,NA,1.02e-7,2.03e-17,1.01e-8,kg,NA,NA,NA,NA,NA,NA,NA,NA,NA,Literature,43.54275761724704,-5.692421209,Acuna2011,https://doi.pangaea.de/10.1594/PANGAEA.832241,NA,NA
NA,96,LopezUrrutia2006,https://www.pnas.org/doi/full/10.1073/pnas.0601137103,Acuna2011,https://doi.pangaea.de/10.1594/PANGAEA.832241,Crystallomia,Unknown,Unknown,NA,NA,NA,RespirationRate,0.5,NA,NA,Replicate,umol/ind/hr,NA,NA,26.9,NA,0.001,2.01e-14,3.34e-6,kg,NA,NA,NA,NA,NA,NA,NA,NA,NA,Literature,43.54275761724704,-5.692421209,Acuna2011,https://doi.pangaea.de/10.1594/PANGAEA.832241,NA,NA
NA,97,LopezUrrutia2006,https://www.pnas.org/doi/full/10.1073/pnas.0601137103,Acuna2011,https://doi.pangaea.de/10.1594/PANGAEA.832241,Euphausiidae,Larva,Unknown,NA,NA,NA,RespirationRate,0.0237,NA,NA,Replicate,umol/ind/hr,NA,NA,13.1,NA,5.9e-7,1.18e-16,5.1e-8,kg,NA,NA,NA,NA,NA,NA,NA,NA,NA,Literature,43.54275761724704,-5.692421209,Acuna2011,https://doi.pangaea.de/10.1594/PANGAEA.832241,NA,Previously termed Cyrtopia
NA,98,LopezUrrutia2006,https://www.pnas.org/doi/full/10.1073/pnas.0601137103,Acuna2011,https://doi.pangaea.de/10.1594/PANGAEA.832241,Euphausiidae,Unknown,Unknown,NA,NA,NA,RespirationRate,0.13,NA,NA,Replicate,umol/ind/hr,NA,NA,27.8,NA,2.94e-6,5.88e-16,2.54e-7,kg,NA,NA,NA,NA,NA,NA,NA,NA,NA,Literature,43.54275761724704,-5.692421209,Acuna2011,https://doi.pangaea.de/10.1594/PANGAEA.832241,NA,Previously termed Cyrtopia
NA,99,LopezUrrutia2006,https://www.pnas.org/doi/full/10.1073/pnas.0601137103,Acuna2011,https://doi.pangaea.de/10.1594/PANGAEA.832241,Diphyes,Unknown,Unknown,NA,NA,NA,RespirationRate,0.108,NA,NA,Replicate,umol/ind/hr,NA,NA,27,NA,1.53e-4,3.05e-15,5.08e-7,kg,NA,NA,NA,NA,NA,NA,NA,NA,NA,Literature,43.54275761724704,-5.692421209,Acuna2011,https://doi.pangaea.de/10.1594/PANGAEA.832241,NA,NA
NA,100,LopezUrrutia2006,https://www.pnas.org/doi/full/10.1073/pnas.0601137103,Acuna2011,https://doi.pangaea.de/10.1594/PANGAEA.832241,Diphyes antarctica,Unknown,Unknown,NA,NA,NA,RespirationRate,0.25,NA,NA,Replicate,umol/ind/hr,NA,NA,-1.7,NA,0.00425,8.5e-14,1.41e-5,kg,NA,NA,NA,NA,NA,NA,NA,NA,NA,Literature,43.54275761724704,-5.692421209,Acuna2011,https://doi.pangaea.de/10.1594/PANGAEA.832241,NA,NA
NA,101,LopezUrrutia2006,https://www.pnas.org/doi/full/10.1073/pnas.0601137103,Acuna2011,https://doi.pangaea.de/10.1594/PANGAEA.832241,Eucalanus,Unknown,Unknown,NA,NA,NA,RespirationRate,0.0404,NA,NA,Replicate,umol/ind/hr,NA,NA,27.4,NA,6.85e-7,1.37e-16,6.83e-8,kg,NA,NA,NA,NA,NA,NA,NA,NA,NA,Literature,43.54275761724704,-5.692421209,Acuna2011,https://doi.pangaea.de/10.1594/PANGAEA.832241,NA,NA
NA,102,LopezUrrutia2006,https://www.pnas.org/doi/full/10.1073/pnas.0601137103,Acuna2011,https://doi.pangaea.de/10.1594/PANGAEA.832241,Eucalanus attenuatus,Unknown,Unknown,NA,NA,NA,RespirationRate,0.0375,NA,NA,Replicate,umol/ind/hr,NA,NA,27.8,NA,6.45e-7,1.29e-16,6.43e-8,kg,NA,NA,NA,NA,NA,NA,NA,NA,NA,Literature,43.54275761724704,-5.692421209,Acuna2011,https://doi.pangaea.de/10.1594/PANGAEA.832241,NA,NA
NA,103,LopezUrrutia2006,https://www.pnas.org/doi/full/10.1073/pnas.0601137103,Acuna2011,https://doi.pangaea.de/10.1594/PANGAEA.832241,Eucalanus attenuatus,Unknown,Unknown,NA,NA,NA,RespirationRate,0.0415,NA,NA,Replicate,umol/ind/hr,NA,NA,27.4,NA,1.01e-6,2.01e-16,1e-7,kg,NA,NA,NA,NA,NA,NA,NA,NA,NA,Literature,43.54275761724704,-5.692421209,Acuna2011,https://doi.pangaea.de/10.1594/PANGAEA.832241,NA,NA
NA,104,LopezUrrutia2006,https://www.pnas.org/doi/full/10.1073/pnas.0601137103,Acuna2011,https://doi.pangaea.de/10.1594/PANGAEA.832241,Eucalanus bungii bungii,Unknown,Unknown,NA,NA,NA,RespirationRate,0.0375,NA,NA,Replicate,umol/ind/hr,NA,NA,6,NA,5.05e-6,1.01e-15,5.03e-7,kg,NA,NA,NA,NA,NA,NA,NA,NA,NA,Literature,43.54275761724704,-5.692421209,Acuna2011,https://doi.pangaea.de/10.1594/PANGAEA.832241,NA,NA
NA,105,LopezUrrutia2006,https://www.pnas.org/doi/full/10.1073/pnas.0601137103,Acuna2011,https://doi.pangaea.de/10.1594/PANGAEA.832241,Euchaeta flava,Unknown,Unknown,NA,NA,NA,RespirationRate,0.0471,NA,NA,Replicate,umol/ind/hr,NA,NA,27.4,NA,8.7e-7,1.74e-16,8.67e-8,kg,NA,NA,NA,NA,NA,NA,NA,NA,NA,Literature,43.54275761724704,-5.692421209,Acuna2011,https://doi.pangaea.de/10.1594/PANGAEA.832241,NA,NA
NA,106,LopezUrrutia2006,https://www.pnas.org/doi/full/10.1073/pnas.0601137103,Acuna2011,https://doi.pangaea.de/10.1594/PANGAEA.832241,Euphausia crystallorophias,Unknown,Unknown,NA,NA,NA,RespirationRate,0.411,NA,NA,Replicate,umol/ind/hr,NA,NA,-1.7,NA,8.55e-5,1.71e-14,7.39e-6,kg,NA,NA,NA,NA,NA,NA,NA,NA,NA,Literature,43.54275761724704,-5.692421209,Acuna2011,https://doi.pangaea.de/10.1594/PANGAEA.832241,NA,NA
NA,107,LopezUrrutia2006,https://www.pnas.org/doi/full/10.1073/pnas.0601137103,Acuna2011,https://doi.pangaea.de/10.1594/PANGAEA.832241,Euphausia crystallorophias,Unknown,Unknown,NA,NA,NA,RespirationRate,1.68,NA,NA,Replicate,umol/ind/hr,NA,NA,-1.7,NA,2.52e-4,5.04e-14,2.18e-5,kg,NA,NA,NA,NA,NA,NA,NA,NA,NA,Literature,43.54275761724704,-5.692421209,Acuna2011,https://doi.pangaea.de/10.1594/PANGAEA.832241,NA,NA
NA,108,LopezUrrutia2006,https://www.pnas.org/doi/full/10.1073/pnas.0601137103,Acuna2011,https://doi.pangaea.de/10.1594/PANGAEA.832241,Euphausia diomedeae,Unknown,Unknown,NA,NA,NA,RespirationRate,0.842,NA,NA,Replicate,umol/ind/hr,NA,NA,27.2,NA,2.95e-5,5.9e-15,2.55e-6,kg,NA,NA,NA,NA,NA,NA,NA,NA,NA,Literature,43.54275761724704,-5.692421209,Acuna2011,https://doi.pangaea.de/10.1594/PANGAEA.832241,NA,NA
NA,109,LopezUrrutia2006,https://www.pnas.org/doi/full/10.1073/pnas.0601137103,Acuna2011,https://doi.pangaea.de/10.1594/PANGAEA.832241,Euphausia distinguenda,Unknown,Unknown,NA,NA,NA,RespirationRate,0.241,NA,NA,Replicate,umol/ind/hr,NA,NA,25.7,NA,1.16e-5,2.32e-15,1e-6,kg,NA,NA,NA,NA,NA,NA,NA,NA,NA,Literature,43.54275761724704,-5.692421209,Acuna2011,https://doi.pangaea.de/10.1594/PANGAEA.832241,NA,NA
NA,110,LopezUrrutia2006,https://www.pnas.org/doi/full/10.1073/pnas.0601137103,Acuna2011,https://doi.pangaea.de/10.1594/PANGAEA.832241,Euphausia krohnii,Unknown,Unknown,NA,NA,NA,RespirationRate,0.06,NA,NA,Replicate,umol/ind/hr,NA,NA,19.7,NA,1.37e-6,2.74e-16,1.19e-7,kg,NA,NA,NA,NA,NA,NA,NA,NA,NA,Literature,43.54275761724704,-5.692421209,Acuna2011,https://doi.pangaea.de/10.1594/PANGAEA.832241,NA,NA
NA,111,LopezUrrutia2006,https://www.pnas.org/doi/full/10.1073/pnas.0601137103,Acuna2011,https://doi.pangaea.de/10.1594/PANGAEA.832241,Euphausia pacifica,Unknown,Unknown,NA,NA,NA,RespirationRate,0.3,NA,NA,Replicate,umol/ind/hr,NA,NA,7,NA,3.89e-5,7.78e-15,3.36e-6,kg,NA,NA,NA,NA,NA,NA,NA,NA,NA,Literature,43.54275761724704,-5.692421209,Acuna2011,https://doi.pangaea.de/10.1594/PANGAEA.832241,NA,NA
NA,112,LopezUrrutia2006,https://www.pnas.org/doi/full/10.1073/pnas.0601137103,Acuna2011,https://doi.pangaea.de/10.1594/PANGAEA.832241,Euphausia pacifica,Unknown,Unknown,NA,NA,NA,RespirationRate,0.704,NA,NA,Replicate,umol/ind/hr,NA,NA,10.2,NA,6.65e-5,1.33e-14,5.75e-6,kg,NA,NA,NA,NA,NA,NA,NA,NA,NA,Literature,43.54275761724704,-5.692421209,Acuna2011,https://doi.pangaea.de/10.1594/PANGAEA.832241,NA,NA
NA,113,LopezUrrutia2006,https://www.pnas.org/doi/full/10.1073/pnas.0601137103,Acuna2011,https://doi.pangaea.de/10.1594/PANGAEA.832241,Euphausia superba,Unknown,Unknown,NA,NA,NA,RespirationRate,1.18,NA,NA,Replicate,umol/ind/hr,NA,NA,-1.8,NA,2.33e-4,4.67e-14,2.02e-5,kg,NA,NA,NA,NA,NA,NA,NA,NA,NA,Literature,43.54275761724704,-5.692421209,Acuna2011,https://doi.pangaea.de/10.1594/PANGAEA.832241,NA,NA
NA,114,LopezUrrutia2006,https://www.pnas.org/doi/full/10.1073/pnas.0601137103,Acuna2011,https://doi.pangaea.de/10.1594/PANGAEA.832241,Euphausia superba,Unknown,Unknown,NA,NA,NA,RespirationRate,3.08,NA,NA,Replicate,umol/ind/hr,NA,NA,-1.6,NA,6.77e-4,1.35e-13,5.86e-5,kg,NA,NA,NA,NA,NA,NA,NA,NA,NA,Literature,43.54275761724704,-5.692421209,Acuna2011,https://doi.pangaea.de/10.1594/PANGAEA.832241,NA,NA
NA,115,LopezUrrutia2006,https://www.pnas.org/doi/full/10.1073/pnas.0601137103,Acuna2011,https://doi.pangaea.de/10.1594/PANGAEA.832241,Euphausia superba,Unknown,Unknown,NA,NA,NA,RespirationRate,7.96,NA,NA,Replicate,umol/ind/hr,NA,NA,-1.7,NA,0.00175,3.51e-13,1.52e-4,kg,NA,NA,NA,NA,NA,NA,NA,NA,NA,Literature,43.54275761724704,-5.692421209,Acuna2011,https://doi.pangaea.de/10.1594/PANGAEA.832241,NA,NA
NA,116,LopezUrrutia2006,https://www.pnas.org/doi/full/10.1073/pnas.0601137103,Acuna2011,https://doi.pangaea.de/10.1594/PANGAEA.832241,Euphausia superba,Unknown,Unknown,NA,NA,NA,RespirationRate,1.51,NA,NA,Replicate,umol/ind/hr,NA,NA,-1.1,NA,3.84e-4,7.68e-14,3.32e-5,kg,NA,NA,NA,NA,NA,NA,NA,NA,NA,Literature,43.54275761724704,-5.692421209,Acuna2011,https://doi.pangaea.de/10.1594/PANGAEA.832241,NA,NA
NA,117,LopezUrrutia2006,https://www.pnas.org/doi/full/10.1073/pnas.0601137103,Acuna2011,https://doi.pangaea.de/10.1594/PANGAEA.832241,Euphausia superba,Unknown,Unknown,NA,NA,NA,RespirationRate,4.05,NA,NA,Replicate,umol/ind/hr,NA,NA,-1.1,NA,0.00119,2.38e-13,1.03e-4,kg,NA,NA,NA,NA,NA,NA,NA,NA,NA,Literature,43.54275761724704,-5.692421209,Acuna2011,https://doi.pangaea.de/10.1594/PANGAEA.832241,NA,NA
NA,118,LopezUrrutia2006,https://www.pnas.org/doi/full/10.1073/pnas.0601137103,Acuna2011,https://doi.pangaea.de/10.1594/PANGAEA.832241,Euphausia tenera,Unknown,Unknown,NA,NA,NA,RespirationRate,0.558,NA,NA,Replicate,umol/ind/hr,NA,NA,27.2,NA,1.64e-5,3.27e-15,1.41e-6,kg,NA,NA,NA,NA,NA,NA,NA,NA,NA,Literature,43.54275761724704,-5.692421209,Acuna2011,https://doi.pangaea.de/10.1594/PANGAEA.832241,NA,NA
NA,119,LopezUrrutia2006,https://www.pnas.org/doi/full/10.1073/pnas.0601137103,Acuna2011,https://doi.pangaea.de/10.1594/PANGAEA.832241,Euphausia tenera,Unknown,Unknown,NA,NA,NA,RespirationRate,0.102,NA,NA,Replicate,umol/ind/hr,NA,NA,27.4,NA,3.04e-6,6.07e-16,2.63e-7,kg,NA,NA,NA,NA,NA,NA,NA,NA,NA,Literature,43.54275761724704,-5.692421209,Acuna2011,https://doi.pangaea.de/10.1594/PANGAEA.832241,NA,NA
NA,120,LopezUrrutia2006,https://www.pnas.org/doi/full/10.1073/pnas.0601137103,Acuna2011,https://doi.pangaea.de/10.1594/PANGAEA.832241,Euphausia tenera,Unknown,Unknown,NA,NA,NA,RespirationRate,0.0504,NA,NA,Replicate,umol/ind/hr,NA,NA,27.5,NA,1.15e-6,2.3e-16,9.95e-8,kg,NA,NA,NA,NA,NA,NA,NA,NA,NA,Literature,43.54275761724704,-5.692421209,Acuna2011,https://doi.pangaea.de/10.1594/PANGAEA.832241,NA,NA
NA,121,LopezUrrutia2006,https://www.pnas.org/doi/full/10.1073/pnas.0601137103,Acuna2011,https://doi.pangaea.de/10.1594/PANGAEA.832241,Euphausia tenera,Unknown,Unknown,NA,NA,NA,RespirationRate,0.258,NA,NA,Replicate,umol/ind/hr,NA,NA,27,NA,5.65e-6,1.13e-15,4.89e-7,kg,NA,NA,NA,NA,NA,NA,NA,NA,NA,Literature,43.54275761724704,-5.692421209,Acuna2011,https://doi.pangaea.de/10.1594/PANGAEA.832241,NA,NA
NA,122,LopezUrrutia2006,https://www.pnas.org/doi/full/10.1073/pnas.0601137103,Acuna2011,https://doi.pangaea.de/10.1594/PANGAEA.832241,Euphausia tenera,Unknown,Unknown,NA,NA,NA,RespirationRate,0.102,NA,NA,Replicate,umol/ind/hr,NA,NA,26.9,NA,2.98e-6,5.95e-16,2.57e-7,kg,NA,NA,NA,NA,NA,NA,NA,NA,NA,Literature,43.54275761724704,-5.692421209,Acuna2011,https://doi.pangaea.de/10.1594/PANGAEA.832241,NA,NA
NA,123,LopezUrrutia2006,https://www.pnas.org/doi/full/10.1073/pnas.0601137103,Acuna2011,https://doi.pangaea.de/10.1594/PANGAEA.832241,Labidocera acuta,Unknown,Unknown,NA,NA,NA,RespirationRate,0.0479,NA,NA,Replicate,umol/ind/hr,NA,NA,27,NA,5.15e-7,1.03e-16,5.13e-8,kg,NA,NA,NA,NA,NA,NA,NA,NA,NA,Literature,43.54275761724704,-5.692421209,Acuna2011,https://doi.pangaea.de/10.1594/PANGAEA.832241,NA,NA
NA,124,LopezUrrutia2006,https://www.pnas.org/doi/full/10.1073/pnas.0601137103,Acuna2011,https://doi.pangaea.de/10.1594/PANGAEA.832241,Labidocera acuta,Unknown,Unknown,NA,NA,NA,RespirationRate,0.0846,NA,NA,Replicate,umol/ind/hr,NA,NA,24,NA,1.17e-6,2.33e-16,1.16e-7,kg,NA,NA,NA,NA,NA,NA,NA,NA,NA,Literature,43.54275761724704,-5.692421209,Acuna2011,https://doi.pangaea.de/10.1594/PANGAEA.832241,NA,NA
NA,125,LopezUrrutia2006,https://www.pnas.org/doi/full/10.1073/pnas.0601137103,Acuna2011,https://doi.pangaea.de/10.1594/PANGAEA.832241,Labidocera nerii,Unknown,Unknown,NA,NA,NA,RespirationRate,0.0996,NA,NA,Replicate,umol/ind/hr,NA,NA,28.5,NA,1.2e-6,2.4e-16,1.2e-7,kg,NA,NA,NA,NA,NA,NA,NA,NA,NA,Literature,43.54275761724704,-5.692421209,Acuna2011,https://doi.pangaea.de/10.1594/PANGAEA.832241,NA,NA
NA,126,LopezUrrutia2006,https://www.pnas.org/doi/full/10.1073/pnas.0601137103,Acuna2011,https://doi.pangaea.de/10.1594/PANGAEA.832241,Labidocera nerii,Unknown,Unknown,NA,NA,NA,RespirationRate,0.0675,NA,NA,Replicate,umol/ind/hr,NA,NA,26.4,NA,1.11e-6,2.21e-16,1.1e-7,kg,NA,NA,NA,NA,NA,NA,NA,NA,NA,Literature,43.54275761724704,-5.692421209,Acuna2011,https://doi.pangaea.de/10.1594/PANGAEA.832241,NA,NA
NA,127,LopezUrrutia2006,https://www.pnas.org/doi/full/10.1073/pnas.0601137103,Acuna2011,https://doi.pangaea.de/10.1594/PANGAEA.832241,Liriope tetraphylla,Unknown,Unknown,NA,NA,NA,RespirationRate,0.0362,NA,NA,Replicate,umol/ind/hr,NA,NA,27,NA,9.55e-5,1.91e-15,3.18e-7,kg,NA,NA,NA,NA,NA,NA,NA,NA,NA,Literature,43.54275761724704,-5.692421209,Acuna2011,https://doi.pangaea.de/10.1594/PANGAEA.832241,NA,NA
NA,128,LopezUrrutia2006,https://www.pnas.org/doi/full/10.1073/pnas.0601137103,Acuna2011,https://doi.pangaea.de/10.1594/PANGAEA.832241,Mertensiidae,Unknown,Unknown,NA,NA,NA,RespirationRate,0.542,NA,NA,Replicate,umol/ind/hr,NA,NA,-1.6,NA,0.00468,9.37e-14,1.56e-5,kg,NA,NA,NA,NA,NA,NA,NA,NA,NA,Literature,43.54275761724704,-5.692421209,Acuna2011,https://doi.pangaea.de/10.1594/PANGAEA.832241,NA,NA
NA,129,LopezUrrutia2006,https://www.pnas.org/doi/full/10.1073/pnas.0601137103,Acuna2011,https://doi.pangaea.de/10.1594/PANGAEA.832241,Mesocalanus,Unknown,Unknown,NA,NA,NA,RespirationRate,0.00983,NA,NA,Replicate,umol/ind/hr,NA,NA,15.8,NA,1.55e-7,3.1e-17,1.55e-8,kg,NA,NA,NA,NA,NA,NA,NA,NA,NA,Literature,43.54275761724704,-5.692421209,Acuna2011,https://doi.pangaea.de/10.1594/PANGAEA.832241,NA,NA
NA,130,LopezUrrutia2006,https://www.pnas.org/doi/full/10.1073/pnas.0601137103,Acuna2011,https://doi.pangaea.de/10.1594/PANGAEA.832241,Metridia gerlachei,Unknown,Unknown,NA,NA,NA,RespirationRate,0.0143,NA,NA,Replicate,umol/ind/hr,NA,NA,-1.4,NA,1.33e-6,2.65e-16,1.32e-7,kg,NA,NA,NA,NA,NA,NA,NA,NA,NA,Literature,43.54275761724704,-5.692421209,Acuna2011,https://doi.pangaea.de/10.1594/PANGAEA.832241,NA,NA
NA,131,LopezUrrutia2006,https://www.pnas.org/doi/full/10.1073/pnas.0601137103,Acuna2011,https://doi.pangaea.de/10.1594/PANGAEA.832241,Metridia longa,Unknown,Unknown,NA,NA,NA,RespirationRate,0.0181,NA,NA,Replicate,umol/ind/hr,NA,NA,0.1,NA,1.77e-6,3.53e-16,1.76e-7,kg,NA,NA,NA,NA,NA,NA,NA,NA,NA,Literature,43.54275761724704,-5.692421209,Acuna2011,https://doi.pangaea.de/10.1594/PANGAEA.832241,NA,NA
NA,132,LopezUrrutia2006,https://www.pnas.org/doi/full/10.1073/pnas.0601137103,Acuna2011,https://doi.pangaea.de/10.1594/PANGAEA.832241,Metridia pacifica,Unknown,Unknown,NA,NA,NA,RespirationRate,0.00281,NA,NA,Replicate,umol/ind/hr,NA,NA,6.9,NA,1.52e-7,3.04e-17,1.52e-8,kg,NA,NA,NA,NA,NA,NA,NA,NA,NA,Literature,43.54275761724704,-5.692421209,Acuna2011,https://doi.pangaea.de/10.1594/PANGAEA.832241,NA,NA
NA,133,LopezUrrutia2006,https://www.pnas.org/doi/full/10.1073/pnas.0601137103,Acuna2011,https://doi.pangaea.de/10.1594/PANGAEA.832241,Metridia pacifica,Unknown,Unknown,NA,NA,NA,RespirationRate,0.0281,NA,NA,Replicate,umol/ind/hr,NA,NA,9.4,NA,7.45e-7,1.49e-16,7.43e-8,kg,NA,NA,NA,NA,NA,NA,NA,NA,NA,Literature,43.54275761724704,-5.692421209,Acuna2011,https://doi.pangaea.de/10.1594/PANGAEA.832241,NA,NA
NA,134,LopezUrrutia2006,https://www.pnas.org/doi/full/10.1073/pnas.0601137103,Acuna2011,https://doi.pangaea.de/10.1594/PANGAEA.832241,Metridia pacifica,Unknown,Unknown,NA,NA,NA,RespirationRate,0.0192,NA,NA,Replicate,umol/ind/hr,NA,NA,9.1,NA,9.4e-7,1.88e-16,9.37e-8,kg,NA,NA,NA,NA,NA,NA,NA,NA,NA,Literature,43.54275761724704,-5.692421209,Acuna2011,https://doi.pangaea.de/10.1594/PANGAEA.832241,NA,NA
NA,135,LopezUrrutia2006,https://www.pnas.org/doi/full/10.1073/pnas.0601137103,Acuna2011,https://doi.pangaea.de/10.1594/PANGAEA.832241,Metridia pacifica,Unknown,Unknown,NA,NA,NA,RespirationRate,0.017,NA,NA,Replicate,umol/ind/hr,NA,NA,8.2,NA,7.4e-7,1.48e-16,7.38e-8,kg,NA,NA,NA,NA,NA,NA,NA,NA,NA,Literature,43.54275761724704,-5.692421209,Acuna2011,https://doi.pangaea.de/10.1594/PANGAEA.832241,NA,NA
NA,136,LopezUrrutia2006,https://www.pnas.org/doi/full/10.1073/pnas.0601137103,Acuna2011,https://doi.pangaea.de/10.1594/PANGAEA.832241,Mnemiopsis mccradyi,Unknown,Unknown,NA,NA,NA,RespirationRate,0.155,NA,NA,Replicate,umol/ind/hr,NA,NA,21,NA,0.0019,3.8e-14,6.1e-7,kg,NA,NA,NA,NA,NA,NA,NA,NA,NA,Literature,43.54275761724704,-5.692421209,Acuna2011,https://doi.pangaea.de/10.1594/PANGAEA.832241,NA,NA
NA,137,LopezUrrutia2006,https://www.pnas.org/doi/full/10.1073/pnas.0601137103,Acuna2011,https://doi.pangaea.de/10.1594/PANGAEA.832241,Mnemiopsis mccradyi,Unknown,Unknown,NA,NA,NA,RespirationRate,0.272,NA,NA,Replicate,umol/ind/hr,NA,NA,21,NA,0.00345,6.89e-14,1.11e-6,kg,NA,NA,NA,NA,NA,NA,NA,NA,NA,Literature,43.54275761724704,-5.692421209,Acuna2011,https://doi.pangaea.de/10.1594/PANGAEA.832241,NA,NA
NA,138,LopezUrrutia2006,https://www.pnas.org/doi/full/10.1073/pnas.0601137103,Acuna2011,https://doi.pangaea.de/10.1594/PANGAEA.832241,Mnemiopsis mccradyi,Unknown,Unknown,NA,NA,NA,RespirationRate,0.403,NA,NA,Replicate,umol/ind/hr,NA,NA,21,NA,0.00589,1.18e-13,1.89e-6,kg,NA,NA,NA,NA,NA,NA,NA,NA,NA,Literature,43.54275761724704,-5.692421209,Acuna2011,https://doi.pangaea.de/10.1594/PANGAEA.832241,NA,NA
NA,139,LopezUrrutia2006,https://www.pnas.org/doi/full/10.1073/pnas.0601137103,Acuna2011,https://doi.pangaea.de/10.1594/PANGAEA.832241,Mnemiopsis mccradyi,Unknown,Unknown,NA,NA,NA,RespirationRate,0.492,NA,NA,Replicate,umol/ind/hr,NA,NA,21,NA,0.00644,1.29e-13,2.07e-6,kg,NA,NA,NA,NA,NA,NA,NA,NA,NA,Literature,43.54275761724704,-5.692421209,Acuna2011,https://doi.pangaea.de/10.1594/PANGAEA.832241,NA,NA
NA,140,LopezUrrutia2006,https://www.pnas.org/doi/full/10.1073/pnas.0601137103,Acuna2011,https://doi.pangaea.de/10.1594/PANGAEA.832241,Mnemiopsis mccradyi,Unknown,Unknown,NA,NA,NA,RespirationRate,0.896,NA,NA,Replicate,umol/ind/hr,NA,NA,21,NA,0.0158,3.17e-13,5.09e-6,kg,NA,NA,NA,NA,NA,NA,NA,NA,NA,Literature,43.54275761724704,-5.692421209,Acuna2011,https://doi.pangaea.de/10.1594/PANGAEA.832241,NA,NA
NA,141,LopezUrrutia2006,https://www.pnas.org/doi/full/10.1073/pnas.0601137103,Acuna2011,https://doi.pangaea.de/10.1594/PANGAEA.832241,Mnemiopsis mccradyi,Unknown,Unknown,NA,NA,NA,RespirationRate,0.142,NA,NA,Replicate,umol/ind/hr,NA,NA,21,NA,8.51e-4,1.7e-14,2.74e-7,kg,NA,NA,NA,NA,NA,NA,NA,NA,NA,Literature,43.54275761724704,-5.692421209,Acuna2011,https://doi.pangaea.de/10.1594/PANGAEA.832241,NA,NA
NA,142,LopezUrrutia2006,https://www.pnas.org/doi/full/10.1073/pnas.0601137103,Acuna2011,https://doi.pangaea.de/10.1594/PANGAEA.832241,Mnemiopsis mccradyi,Unknown,Unknown,NA,NA,NA,RespirationRate,0.245,NA,NA,Replicate,umol/ind/hr,NA,NA,21,NA,0.00215,4.3e-14,6.91e-7,kg,NA,NA,NA,NA,NA,NA,NA,NA,NA,Literature,43.54275761724704,-5.692421209,Acuna2011,https://doi.pangaea.de/10.1594/PANGAEA.832241,NA,NA
NA,143,LopezUrrutia2006,https://www.pnas.org/doi/full/10.1073/pnas.0601137103,Acuna2011,https://doi.pangaea.de/10.1594/PANGAEA.832241,Mnemiopsis mccradyi,Unknown,Unknown,NA,NA,NA,RespirationRate,0.381,NA,NA,Replicate,umol/ind/hr,NA,NA,21,NA,0.00245,4.9e-14,7.88e-7,kg,NA,NA,NA,NA,NA,NA,NA,NA,NA,Literature,43.54275761724704,-5.692421209,Acuna2011,https://doi.pangaea.de/10.1594/PANGAEA.832241,NA,NA
NA,144,LopezUrrutia2006,https://www.pnas.org/doi/full/10.1073/pnas.0601137103,Acuna2011,https://doi.pangaea.de/10.1594/PANGAEA.832241,Mnemiopsis mccradyi,Unknown,Unknown,NA,NA,NA,RespirationRate,1.03,NA,NA,Replicate,umol/ind/hr,NA,NA,21,NA,0.00675,1.35e-13,2.17e-6,kg,NA,NA,NA,NA,NA,NA,NA,NA,NA,Literature,43.54275761724704,-5.692421209,Acuna2011,https://doi.pangaea.de/10.1594/PANGAEA.832241,NA,NA
NA,145,LopezUrrutia2006,https://www.pnas.org/doi/full/10.1073/pnas.0601137103,Acuna2011,https://doi.pangaea.de/10.1594/PANGAEA.832241,Mnemiopsis mccradyi,Unknown,Unknown,NA,NA,NA,RespirationRate,1.1,NA,NA,Replicate,umol/ind/hr,NA,NA,21,NA,0.00805,1.61e-13,2.59e-6,kg,NA,NA,NA,NA,NA,NA,NA,NA,NA,Literature,43.54275761724704,-5.692421209,Acuna2011,https://doi.pangaea.de/10.1594/PANGAEA.832241,NA,NA
NA,146,LopezUrrutia2006,https://www.pnas.org/doi/full/10.1073/pnas.0601137103,Acuna2011,https://doi.pangaea.de/10.1594/PANGAEA.832241,Mnemiopsis mccradyi,Unknown,Unknown,NA,NA,NA,RespirationRate,0.127,NA,NA,Replicate,umol/ind/hr,NA,NA,21,NA,9.01e-4,1.8e-14,2.9e-7,kg,NA,NA,NA,NA,NA,NA,NA,NA,NA,Literature,43.54275761724704,-5.692421209,Acuna2011,https://doi.pangaea.de/10.1594/PANGAEA.832241,NA,NA
NA,147,LopezUrrutia2006,https://www.pnas.org/doi/full/10.1073/pnas.0601137103,Acuna2011,https://doi.pangaea.de/10.1594/PANGAEA.832241,Mnemiopsis mccradyi,Unknown,Unknown,NA,NA,NA,RespirationRate,0.683,NA,NA,Replicate,umol/ind/hr,NA,NA,21,NA,0.004,8.01e-14,1.29e-6,kg,NA,NA,NA,NA,NA,NA,NA,NA,NA,Literature,43.54275761724704,-5.692421209,Acuna2011,https://doi.pangaea.de/10.1594/PANGAEA.832241,NA,NA
NA,148,LopezUrrutia2006,https://www.pnas.org/doi/full/10.1073/pnas.0601137103,Acuna2011,https://doi.pangaea.de/10.1594/PANGAEA.832241,Mnemiopsis mccradyi,Unknown,Unknown,NA,NA,NA,RespirationRate,1.19,NA,NA,Replicate,umol/ind/hr,NA,NA,21,NA,0.0078,1.56e-13,2.51e-6,kg,NA,NA,NA,NA,NA,NA,NA,NA,NA,Literature,43.54275761724704,-5.692421209,Acuna2011,https://doi.pangaea.de/10.1594/PANGAEA.832241,NA,NA
NA,149,LopezUrrutia2006,https://www.pnas.org/doi/full/10.1073/pnas.0601137103,Acuna2011,https://doi.pangaea.de/10.1594/PANGAEA.832241,Mnemiopsis mccradyi,Unknown,Unknown,NA,NA,NA,RespirationRate,1.2,NA,NA,Replicate,umol/ind/hr,NA,NA,21,NA,0.0112,2.25e-13,3.62e-6,kg,NA,NA,NA,NA,NA,NA,NA,NA,NA,Literature,43.54275761724704,-5.692421209,Acuna2011,https://doi.pangaea.de/10.1594/PANGAEA.832241,NA,NA
NA,150,LopezUrrutia2006,https://www.pnas.org/doi/full/10.1073/pnas.0601137103,Acuna2011,https://doi.pangaea.de/10.1594/PANGAEA.832241,Mnemiopsis mccradyi,Unknown,Unknown,NA,NA,NA,RespirationRate,3.07,NA,NA,Replicate,umol/ind/hr,NA,NA,21,NA,0.016,3.2e-13,5.15e-6,kg,NA,NA,NA,NA,NA,NA,NA,NA,NA,Literature,43.54275761724704,-5.692421209,Acuna2011,https://doi.pangaea.de/10.1594/PANGAEA.832241,NA,NA
NA,151,LopezUrrutia2006,https://www.pnas.org/doi/full/10.1073/pnas.0601137103,Acuna2011,https://doi.pangaea.de/10.1594/PANGAEA.832241,Mnemiopsis mccradyi,Unknown,Unknown,NA,NA,NA,RespirationRate,0.295,NA,NA,Replicate,umol/ind/hr,NA,NA,21,NA,7.54e-4,1.51e-14,2.43e-7,kg,NA,NA,NA,NA,NA,NA,NA,NA,NA,Literature,43.54275761724704,-5.692421209,Acuna2011,https://doi.pangaea.de/10.1594/PANGAEA.832241,NA,NA
NA,152,LopezUrrutia2006,https://www.pnas.org/doi/full/10.1073/pnas.0601137103,Acuna2011,https://doi.pangaea.de/10.1594/PANGAEA.832241,Mnemiopsis mccradyi,Unknown,Unknown,NA,NA,NA,RespirationRate,0.446,NA,NA,Replicate,umol/ind/hr,NA,NA,21,NA,0.0018,3.61e-14,5.8e-7,kg,NA,NA,NA,NA,NA,NA,NA,NA,NA,Literature,43.54275761724704,-5.692421209,Acuna2011,https://doi.pangaea.de/10.1594/PANGAEA.832241,NA,NA
NA,153,LopezUrrutia2006,https://www.pnas.org/doi/full/10.1073/pnas.0601137103,Acuna2011,https://doi.pangaea.de/10.1594/PANGAEA.832241,Mnemiopsis mccradyi,Unknown,Unknown,NA,NA,NA,RespirationRate,0.775,NA,NA,Replicate,umol/ind/hr,NA,NA,21,NA,0.00271,5.42e-14,8.71e-7,kg,NA,NA,NA,NA,NA,NA,NA,NA,NA,Literature,43.54275761724704,-5.692421209,Acuna2011,https://doi.pangaea.de/10.1594/PANGAEA.832241,NA,NA
NA,154,LopezUrrutia2006,https://www.pnas.org/doi/full/10.1073/pnas.0601137103,Acuna2011,https://doi.pangaea.de/10.1594/PANGAEA.832241,Mnemiopsis mccradyi,Unknown,Unknown,NA,NA,NA,RespirationRate,1.5,NA,NA,Replicate,umol/ind/hr,NA,NA,21,NA,0.00581,1.16e-13,1.87e-6,kg,NA,NA,NA,NA,NA,NA,NA,NA,NA,Literature,43.54275761724704,-5.692421209,Acuna2011,https://doi.pangaea.de/10.1594/PANGAEA.832241,NA,NA
NA,155,LopezUrrutia2006,https://www.pnas.org/doi/full/10.1073/pnas.0601137103,Acuna2011,https://doi.pangaea.de/10.1594/PANGAEA.832241,Neocalanus,Unknown,Unknown,NA,NA,NA,RespirationRate,0.0304,NA,NA,Replicate,umol/ind/hr,NA,NA,7.3,NA,3.93e-6,7.85e-16,3.91e-7,kg,NA,NA,NA,NA,NA,NA,NA,NA,NA,Literature,43.54275761724704,-5.692421209,Acuna2011,https://doi.pangaea.de/10.1594/PANGAEA.832241,NA,NA
NA,156,LopezUrrutia2006,https://www.pnas.org/doi/full/10.1073/pnas.0601137103,Acuna2011,https://doi.pangaea.de/10.1594/PANGAEA.832241,Neocalanus,Unknown,Unknown,NA,NA,NA,RespirationRate,0.0248,NA,NA,Replicate,umol/ind/hr,NA,NA,15.1,NA,1.47e-6,2.94e-16,1.47e-7,kg,NA,NA,NA,NA,NA,NA,NA,NA,NA,Literature,43.54275761724704,-5.692421209,Acuna2011,https://doi.pangaea.de/10.1594/PANGAEA.832241,NA,NA
NA,157,LopezUrrutia2006,https://www.pnas.org/doi/full/10.1073/pnas.0601137103,Acuna2011,https://doi.pangaea.de/10.1594/PANGAEA.832241,Neocalanus,Unknown,Unknown,NA,NA,NA,RespirationRate,0.0733,NA,NA,Replicate,umol/ind/hr,NA,NA,19.7,NA,2.5e-6,5e-16,2.49e-7,kg,NA,NA,NA,NA,NA,NA,NA,NA,NA,Literature,43.54275761724704,-5.692421209,Acuna2011,https://doi.pangaea.de/10.1594/PANGAEA.832241,NA,NA
NA,158,LopezUrrutia2006,https://www.pnas.org/doi/full/10.1073/pnas.0601137103,Acuna2011,https://doi.pangaea.de/10.1594/PANGAEA.832241,Neocalanus gracilis,Unknown,Unknown,NA,NA,NA,RespirationRate,0.0754,NA,NA,Replicate,umol/ind/hr,NA,NA,19.7,NA,2.5e-6,5e-16,2.49e-7,kg,NA,NA,NA,NA,NA,NA,NA,NA,NA,Literature,43.54275761724704,-5.692421209,Acuna2011,https://doi.pangaea.de/10.1594/PANGAEA.832241,NA,NA
NA,159,LopezUrrutia2006,https://www.pnas.org/doi/full/10.1073/pnas.0601137103,Acuna2011,https://doi.pangaea.de/10.1594/PANGAEA.832241,Neocalanus robustior,Unknown,Unknown,NA,NA,NA,RespirationRate,0.0219,NA,NA,Replicate,umol/ind/hr,NA,NA,26.7,NA,1.09e-6,2.17e-16,1.08e-7,kg,NA,NA,NA,NA,NA,NA,NA,NA,NA,Literature,43.54275761724704,-5.692421209,Acuna2011,https://doi.pangaea.de/10.1594/PANGAEA.832241,NA,NA
NA,160,LopezUrrutia2006,https://www.pnas.org/doi/full/10.1073/pnas.0601137103,Acuna2011,https://doi.pangaea.de/10.1594/PANGAEA.832241,Oithona similis,Unknown,Unknown,NA,NA,NA,RespirationRate,3.59e-5,NA,NA,Replicate,umol/ind/hr,NA,NA,4.3,NA,5.52e-9,1.1e-18,5.5e-10,kg,NA,NA,NA,NA,NA,NA,NA,NA,NA,Literature,43.54275761724704,-5.692421209,Acuna2011,https://doi.pangaea.de/10.1594/PANGAEA.832241,NA,NA
NA,161,LopezUrrutia2006,https://www.pnas.org/doi/full/10.1073/pnas.0601137103,Acuna2011,https://doi.pangaea.de/10.1594/PANGAEA.832241,Oithona similis,Unknown,Unknown,NA,NA,NA,RespirationRate,5e-5,NA,NA,Replicate,umol/ind/hr,NA,NA,5.1,NA,5.52e-9,1.1e-18,5.5e-10,kg,NA,NA,NA,NA,NA,NA,NA,NA,NA,Literature,43.54275761724704,-5.692421209,Acuna2011,https://doi.pangaea.de/10.1594/PANGAEA.832241,NA,NA
NA,162,LopezUrrutia2006,https://www.pnas.org/doi/full/10.1073/pnas.0601137103,Acuna2011,https://doi.pangaea.de/10.1594/PANGAEA.832241,Oithona similis,Unknown,Unknown,NA,NA,NA,RespirationRate,8.29e-5,NA,NA,Replicate,umol/ind/hr,NA,NA,6.8,NA,5.52e-9,1.1e-18,5.5e-10,kg,NA,NA,NA,NA,NA,NA,NA,NA,NA,Literature,43.54275761724704,-5.692421209,Acuna2011,https://doi.pangaea.de/10.1594/PANGAEA.832241,NA,NA
NA,163,LopezUrrutia2006,https://www.pnas.org/doi/full/10.1073/pnas.0601137103,Acuna2011,https://doi.pangaea.de/10.1594/PANGAEA.832241,Oithona similis,Unknown,Unknown,NA,NA,NA,RespirationRate,4.58e-5,NA,NA,Replicate,umol/ind/hr,NA,NA,8.5,NA,5.52e-9,1.1e-18,5.5e-10,kg,NA,NA,NA,NA,NA,NA,NA,NA,NA,Literature,43.54275761724704,-5.692421209,Acuna2011,https://doi.pangaea.de/10.1594/PANGAEA.832241,NA,NA
NA,164,LopezUrrutia2006,https://www.pnas.org/doi/full/10.1073/pnas.0601137103,Acuna2011,https://doi.pangaea.de/10.1594/PANGAEA.832241,Oithona similis,Unknown,Unknown,NA,NA,NA,RespirationRate,6.75e-5,NA,NA,Replicate,umol/ind/hr,NA,NA,8.5,NA,5.52e-9,1.1e-18,5.5e-10,kg,NA,NA,NA,NA,NA,NA,NA,NA,NA,Literature,43.54275761724704,-5.692421209,Acuna2011,https://doi.pangaea.de/10.1594/PANGAEA.832241,NA,NA
NA,165,LopezUrrutia2006,https://www.pnas.org/doi/full/10.1073/pnas.0601137103,Acuna2011,https://doi.pangaea.de/10.1594/PANGAEA.832241,Oithona similis,Unknown,Unknown,NA,NA,NA,RespirationRate,6.92e-5,NA,NA,Replicate,umol/ind/hr,NA,NA,9.8,NA,5.52e-9,1.1e-18,5.5e-10,kg,NA,NA,NA,NA,NA,NA,NA,NA,NA,Literature,43.54275761724704,-5.692421209,Acuna2011,https://doi.pangaea.de/10.1594/PANGAEA.832241,NA,NA
NA,166,LopezUrrutia2006,https://www.pnas.org/doi/full/10.1073/pnas.0601137103,Acuna2011,https://doi.pangaea.de/10.1594/PANGAEA.832241,Oithona similis,Unknown,Unknown,NA,NA,NA,RespirationRate,6.92e-5,NA,NA,Replicate,umol/ind/hr,NA,NA,10.5,NA,5.52e-9,1.1e-18,5.5e-10,kg,NA,NA,NA,NA,NA,NA,NA,NA,NA,Literature,43.54275761724704,-5.692421209,Acuna2011,https://doi.pangaea.de/10.1594/PANGAEA.832241,NA,NA
NA,167,LopezUrrutia2006,https://www.pnas.org/doi/full/10.1073/pnas.0601137103,Acuna2011,https://doi.pangaea.de/10.1594/PANGAEA.832241,Oithona similis,Unknown,Unknown,NA,NA,NA,RespirationRate,1.55e-4,NA,NA,Replicate,umol/ind/hr,NA,NA,12,NA,5.52e-9,1.1e-18,5.5e-10,kg,NA,NA,NA,NA,NA,NA,NA,NA,NA,Literature,43.54275761724704,-5.692421209,Acuna2011,https://doi.pangaea.de/10.1594/PANGAEA.832241,NA,NA
NA,168,LopezUrrutia2006,https://www.pnas.org/doi/full/10.1073/pnas.0601137103,Acuna2011,https://doi.pangaea.de/10.1594/PANGAEA.832241,Oithona similis,Unknown,Unknown,NA,NA,NA,RespirationRate,2.3e-4,NA,NA,Replicate,umol/ind/hr,NA,NA,14.9,NA,5.52e-9,1.1e-18,5.5e-10,kg,NA,NA,NA,NA,NA,NA,NA,NA,NA,Literature,43.54275761724704,-5.692421209,Acuna2011,https://doi.pangaea.de/10.1594/PANGAEA.832241,NA,NA
NA,169,LopezUrrutia2006,https://www.pnas.org/doi/full/10.1073/pnas.0601137103,Acuna2011,https://doi.pangaea.de/10.1594/PANGAEA.832241,Oithona similis,Unknown,Unknown,NA,NA,NA,RespirationRate,1.98e-4,NA,NA,Replicate,umol/ind/hr,NA,NA,15,NA,5.52e-9,1.1e-18,5.5e-10,kg,NA,NA,NA,NA,NA,NA,NA,NA,NA,Literature,43.54275761724704,-5.692421209,Acuna2011,https://doi.pangaea.de/10.1594/PANGAEA.832241,NA,NA
NA,170,LopezUrrutia2006,https://www.pnas.org/doi/full/10.1073/pnas.0601137103,Acuna2011,https://doi.pangaea.de/10.1594/PANGAEA.832241,Oithona similis,Unknown,Unknown,NA,NA,NA,RespirationRate,1.05e-4,NA,NA,Replicate,umol/ind/hr,NA,NA,15.6,NA,5.52e-9,1.1e-18,5.5e-10,kg,NA,NA,NA,NA,NA,NA,NA,NA,NA,Literature,43.54275761724704,-5.692421209,Acuna2011,https://doi.pangaea.de/10.1594/PANGAEA.832241,NA,NA
NA,171,LopezUrrutia2006,https://www.pnas.org/doi/full/10.1073/pnas.0601137103,Acuna2011,https://doi.pangaea.de/10.1594/PANGAEA.832241,Oithona similis,Unknown,Unknown,NA,NA,NA,RespirationRate,2.43e-4,NA,NA,Replicate,umol/ind/hr,NA,NA,18.3,NA,5.52e-9,1.1e-18,5.5e-10,kg,NA,NA,NA,NA,NA,NA,NA,NA,NA,Literature,43.54275761724704,-5.692421209,Acuna2011,https://doi.pangaea.de/10.1594/PANGAEA.832241,NA,NA
NA,172,LopezUrrutia2006,https://www.pnas.org/doi/full/10.1073/pnas.0601137103,Acuna2011,https://doi.pangaea.de/10.1594/PANGAEA.832241,Oithona similis,Unknown,Unknown,NA,NA,NA,RespirationRate,3.93e-4,NA,NA,Replicate,umol/ind/hr,NA,NA,20.5,NA,5.52e-9,1.1e-18,5.5e-10,kg,NA,NA,NA,NA,NA,NA,NA,NA,NA,Literature,43.54275761724704,-5.692421209,Acuna2011,https://doi.pangaea.de/10.1594/PANGAEA.832241,NA,NA
NA,173,LopezUrrutia2006,https://www.pnas.org/doi/full/10.1073/pnas.0601137103,Acuna2011,https://doi.pangaea.de/10.1594/PANGAEA.832241,Oithona similis,Unknown,Unknown,NA,NA,NA,RespirationRate,2.83e-4,NA,NA,Replicate,umol/ind/hr,NA,NA,20.5,NA,5.52e-9,1.1e-18,5.5e-10,kg,NA,NA,NA,NA,NA,NA,NA,NA,NA,Literature,43.54275761724704,-5.692421209,Acuna2011,https://doi.pangaea.de/10.1594/PANGAEA.832241,NA,NA
NA,174,LopezUrrutia2006,https://www.pnas.org/doi/full/10.1073/pnas.0601137103,Acuna2011,https://doi.pangaea.de/10.1594/PANGAEA.832241,Oithona similis,Unknown,Unknown,NA,NA,NA,RespirationRate,4.42e-4,NA,NA,Replicate,umol/ind/hr,NA,NA,25,NA,5.52e-9,1.1e-18,5.5e-10,kg,NA,NA,NA,NA,NA,NA,NA,NA,NA,Literature,43.54275761724704,-5.692421209,Acuna2011,https://doi.pangaea.de/10.1594/PANGAEA.832241,NA,NA
NA,175,LopezUrrutia2006,https://www.pnas.org/doi/full/10.1073/pnas.0601137103,Acuna2011,https://doi.pangaea.de/10.1594/PANGAEA.832241,Oithona similis,Unknown,Unknown,NA,NA,NA,RespirationRate,3.38e-4,NA,NA,Replicate,umol/ind/hr,NA,NA,25,NA,5.52e-9,1.1e-18,5.5e-10,kg,NA,NA,NA,NA,NA,NA,NA,NA,NA,Literature,43.54275761724704,-5.692421209,Acuna2011,https://doi.pangaea.de/10.1594/PANGAEA.832241,NA,NA
NA,176,LopezUrrutia2006,https://www.pnas.org/doi/full/10.1073/pnas.0601137103,Acuna2011,https://doi.pangaea.de/10.1594/PANGAEA.832241,Paracalanus,Unknown,Unknown,NA,NA,NA,RespirationRate,0.00138,NA,NA,Replicate,umol/ind/hr,NA,NA,13.9,NA,1.5e-8,3e-18,1.5e-9,kg,NA,NA,NA,NA,NA,NA,NA,NA,NA,Literature,43.54275761724704,-5.692421209,Acuna2011,https://doi.pangaea.de/10.1594/PANGAEA.832241,NA,NA
NA,177,LopezUrrutia2006,https://www.pnas.org/doi/full/10.1073/pnas.0601137103,Acuna2011,https://doi.pangaea.de/10.1594/PANGAEA.832241,Pleurobrachia pileus,Unknown,Unknown,NA,NA,NA,RespirationRate,0.0483,NA,NA,Replicate,umol/ind/hr,NA,NA,7.3,NA,3.75e-4,7.5e-15,1.25e-6,kg,NA,NA,NA,NA,NA,NA,NA,NA,NA,Literature,43.54275761724704,-5.692421209,Acuna2011,https://doi.pangaea.de/10.1594/PANGAEA.832241,NA,NA
NA,178,LopezUrrutia2006,https://www.pnas.org/doi/full/10.1073/pnas.0601137103,Acuna2011,https://doi.pangaea.de/10.1594/PANGAEA.832241,Pontella danae,Unknown,Unknown,NA,NA,NA,RespirationRate,0.0975,NA,NA,Replicate,umol/ind/hr,NA,NA,26.4,NA,1.14e-6,2.28e-16,1.14e-7,kg,NA,NA,NA,NA,NA,NA,NA,NA,NA,Literature,43.54275761724704,-5.692421209,Acuna2011,https://doi.pangaea.de/10.1594/PANGAEA.832241,NA,NA
NA,179,LopezUrrutia2006,https://www.pnas.org/doi/full/10.1073/pnas.0601137103,Acuna2011,https://doi.pangaea.de/10.1594/PANGAEA.832241,Pontella danae,Unknown,Unknown,NA,NA,NA,RespirationRate,0.166,NA,NA,Replicate,umol/ind/hr,NA,NA,26.4,NA,4.09e-6,8.18e-16,4.08e-7,kg,NA,NA,NA,NA,NA,NA,NA,NA,NA,Literature,43.54275761724704,-5.692421209,Acuna2011,https://doi.pangaea.de/10.1594/PANGAEA.832241,NA,NA
NA,180,LopezUrrutia2006,https://www.pnas.org/doi/full/10.1073/pnas.0601137103,Acuna2011,https://doi.pangaea.de/10.1594/PANGAEA.832241,Pseudocalanus,Unknown,Unknown,NA,NA,NA,RespirationRate,0.00179,NA,NA,Replicate,umol/ind/hr,NA,NA,8.6,NA,6e-8,1.2e-17,5.98e-9,kg,NA,NA,NA,NA,NA,NA,NA,NA,NA,Literature,43.54275761724704,-5.692421209,Acuna2011,https://doi.pangaea.de/10.1594/PANGAEA.832241,NA,NA
NA,181,LopezUrrutia2006,https://www.pnas.org/doi/full/10.1073/pnas.0601137103,Acuna2011,https://doi.pangaea.de/10.1594/PANGAEA.832241,Pseudocalanus elongatus,Unknown,Unknown,NA,NA,NA,RespirationRate,0.00148,NA,NA,Replicate,umol/ind/hr,NA,NA,6.8,NA,6.65e-8,1.33e-17,6.63e-9,kg,NA,NA,NA,NA,NA,NA,NA,NA,NA,Literature,43.54275761724704,-5.692421209,Acuna2011,https://doi.pangaea.de/10.1594/PANGAEA.832241,NA,NA
NA,182,LopezUrrutia2006,https://www.pnas.org/doi/full/10.1073/pnas.0601137103,Acuna2011,https://doi.pangaea.de/10.1594/PANGAEA.832241,Pseudodiaptomus,Unknown,Unknown,NA,NA,NA,RespirationRate,0.0025,NA,NA,Replicate,umol/ind/hr,NA,NA,14.3,NA,7e-8,1.4e-17,6.98e-9,kg,NA,NA,NA,NA,NA,NA,NA,NA,NA,Literature,43.54275761724704,-5.692421209,Acuna2011,https://doi.pangaea.de/10.1594/PANGAEA.832241,NA,NA
NA,183,LopezUrrutia2006,https://www.pnas.org/doi/full/10.1073/pnas.0601137103,Acuna2011,https://doi.pangaea.de/10.1594/PANGAEA.832241,Pseudodiaptomus hessei,Unknown,Unknown,NA,NA,NA,RespirationRate,0.00118,NA,NA,Replicate,umol/ind/hr,NA,NA,10.1,NA,5.9e-8,1.18e-17,5.88e-9,kg,NA,NA,NA,NA,NA,NA,NA,NA,NA,Literature,43.54275761724704,-5.692421209,Acuna2011,https://doi.pangaea.de/10.1594/PANGAEA.832241,NA,NA
NA,184,LopezUrrutia2006,https://www.pnas.org/doi/full/10.1073/pnas.0601137103,Acuna2011,https://doi.pangaea.de/10.1594/PANGAEA.832241,Pseudodiaptomus hessei,Unknown,Unknown,NA,NA,NA,RespirationRate,0.00167,NA,NA,Replicate,umol/ind/hr,NA,NA,15,NA,5.9e-8,1.18e-17,5.88e-9,kg,NA,NA,NA,NA,NA,NA,NA,NA,NA,Literature,43.54275761724704,-5.692421209,Acuna2011,https://doi.pangaea.de/10.1594/PANGAEA.832241,NA,NA
NA,185,LopezUrrutia2006,https://www.pnas.org/doi/full/10.1073/pnas.0601137103,Acuna2011,https://doi.pangaea.de/10.1594/PANGAEA.832241,Pseudodiaptomus hessei,Unknown,Unknown,NA,NA,NA,RespirationRate,0.003,NA,NA,Replicate,umol/ind/hr,NA,NA,20,NA,5.9e-8,1.18e-17,5.88e-9,kg,NA,NA,NA,NA,NA,NA,NA,NA,NA,Literature,43.54275761724704,-5.692421209,Acuna2011,https://doi.pangaea.de/10.1594/PANGAEA.832241,NA,NA
NA,186,LopezUrrutia2006,https://www.pnas.org/doi/full/10.1073/pnas.0601137103,Acuna2011,https://doi.pangaea.de/10.1594/PANGAEA.832241,Pseudodiaptomus hessei,Unknown,Unknown,NA,NA,NA,RespirationRate,0.00583,NA,NA,Replicate,umol/ind/hr,NA,NA,25.2,NA,5.9e-8,1.18e-17,5.88e-9,kg,NA,NA,NA,NA,NA,NA,NA,NA,NA,Literature,43.54275761724704,-5.692421209,Acuna2011,https://doi.pangaea.de/10.1594/PANGAEA.832241,NA,NA
NA,187,LopezUrrutia2006,https://www.pnas.org/doi/full/10.1073/pnas.0601137103,Acuna2011,https://doi.pangaea.de/10.1594/PANGAEA.832241,Pseudodiaptomus hessei,Unknown,Unknown,NA,NA,NA,RespirationRate,0.00921,NA,NA,Replicate,umol/ind/hr,NA,NA,30.1,NA,5.9e-8,1.18e-17,5.88e-9,kg,NA,NA,NA,NA,NA,NA,NA,NA,NA,Literature,43.54275761724704,-5.692421209,Acuna2011,https://doi.pangaea.de/10.1594/PANGAEA.832241,NA,NA
NA,188,LopezUrrutia2006,https://www.pnas.org/doi/full/10.1073/pnas.0601137103,Acuna2011,https://doi.pangaea.de/10.1594/PANGAEA.832241,Thysanoessa inermis,Unknown,Unknown,NA,NA,NA,RespirationRate,0.143,NA,NA,Replicate,umol/ind/hr,NA,NA,0.1,NA,2.29e-5,4.57e-15,1.98e-6,kg,NA,NA,NA,NA,NA,NA,NA,NA,NA,Literature,43.54275761724704,-5.692421209,Acuna2011,https://doi.pangaea.de/10.1594/PANGAEA.832241,NA,NA
NA,189,LopezUrrutia2006,https://www.pnas.org/doi/full/10.1073/pnas.0601137103,Acuna2011,https://doi.pangaea.de/10.1594/PANGAEA.832241,Thysanoessa longipes,Unknown,Unknown,NA,NA,NA,RespirationRate,0.713,NA,NA,Replicate,umol/ind/hr,NA,NA,12.2,NA,4.73e-5,9.45e-15,4.09e-6,kg,NA,NA,NA,NA,NA,NA,NA,NA,NA,Literature,43.54275761724704,-5.692421209,Acuna2011,https://doi.pangaea.de/10.1594/PANGAEA.832241,NA,NA
NA,190,LopezUrrutia2006,https://www.pnas.org/doi/full/10.1073/pnas.0601137103,Acuna2011,https://doi.pangaea.de/10.1594/PANGAEA.832241,Tortanus (Boreotortanus) discaudatus,Unknown,Unknown,NA,NA,NA,RespirationRate,0.00492,NA,NA,Replicate,umol/ind/hr,NA,NA,7,NA,2.25e-7,4.49e-17,2.24e-8,kg,NA,NA,NA,NA,NA,NA,NA,NA,NA,Literature,43.54275761724704,-5.692421209,Acuna2011,https://doi.pangaea.de/10.1594/PANGAEA.832241,NA,NA
NA,191,LopezUrrutia2006,https://www.pnas.org/doi/full/10.1073/pnas.0601137103,Acuna2011,https://doi.pangaea.de/10.1594/PANGAEA.832241,Tortanus (Tortanus) gracilis,Unknown,Unknown,NA,NA,NA,RespirationRate,0.00638,NA,NA,Replicate,umol/ind/hr,NA,NA,26,NA,1.2e-7,2.4e-17,1.2e-8,kg,NA,NA,NA,NA,NA,NA,NA,NA,NA,Literature,43.54275761724704,-5.692421209,Acuna2011,https://doi.pangaea.de/10.1594/PANGAEA.832241,NA,NA
NA,192,LopezUrrutia2006,https://www.pnas.org/doi/full/10.1073/pnas.0601137103,Acuna2011,https://doi.pangaea.de/10.1594/PANGAEA.832241,Undinula,Unknown,Unknown,NA,NA,NA,RespirationRate,0.0625,NA,NA,Replicate,umol/ind/hr,NA,NA,27.6,NA,8.35e-7,1.67e-16,8.32e-8,kg,NA,NA,NA,NA,NA,NA,NA,NA,NA,Literature,43.54275761724704,-5.692421209,Acuna2011,https://doi.pangaea.de/10.1594/PANGAEA.832241,NA,NA
NA,193,LopezUrrutia2006,https://www.pnas.org/doi/full/10.1073/pnas.0601137103,Acuna2011,https://doi.pangaea.de/10.1594/PANGAEA.832241,Undinula vulgaris,Unknown,Unknown,NA,NA,NA,RespirationRate,0.0521,NA,NA,Replicate,umol/ind/hr,NA,NA,27.8,NA,8.3e-7,1.66e-16,8.28e-8,kg,NA,NA,NA,NA,NA,NA,NA,NA,NA,Literature,43.54275761724704,-5.692421209,Acuna2011,https://doi.pangaea.de/10.1594/PANGAEA.832241,NA,NA
NA,194,LopezUrrutia2006,https://www.pnas.org/doi/full/10.1073/pnas.0601137103,Acuna2011,https://doi.pangaea.de/10.1594/PANGAEA.832241,Undinula vulgaris,Unknown,Unknown,NA,NA,NA,RespirationRate,0.0963,NA,NA,Replicate,umol/ind/hr,NA,NA,28.5,NA,9.4e-7,1.88e-16,9.37e-8,kg,NA,NA,NA,NA,NA,NA,NA,NA,NA,Literature,43.54275761724704,-5.692421209,Acuna2011,https://doi.pangaea.de/10.1594/PANGAEA.832241,NA,NA
NA,195,LopezUrrutia2006,https://www.pnas.org/doi/full/10.1073/pnas.0601137103,Acuna2011,https://doi.pangaea.de/10.1594/PANGAEA.832241,Undinula vulgaris,Unknown,Unknown,NA,NA,NA,RespirationRate,0.115,NA,NA,Replicate,umol/ind/hr,NA,NA,28.5,NA,9.6e-7,1.92e-16,9.57e-8,kg,NA,NA,NA,NA,NA,NA,NA,NA,NA,Literature,43.54275761724704,-5.692421209,Acuna2011,https://doi.pangaea.de/10.1594/PANGAEA.832241,NA,NA
NA,196,LopezUrrutia2006,https://www.pnas.org/doi/full/10.1073/pnas.0601137103,Acuna2011,https://doi.pangaea.de/10.1594/PANGAEA.832241,Undinula vulgaris,Unknown,Unknown,NA,NA,NA,RespirationRate,0.0663,NA,NA,Replicate,umol/ind/hr,NA,NA,27,NA,7.1e-7,1.42e-16,7.08e-8,kg,NA,NA,NA,NA,NA,NA,NA,NA,NA,Literature,43.54275761724704,-5.692421209,Acuna2011,https://doi.pangaea.de/10.1594/PANGAEA.832241,NA,NA
NA,197,LopezUrrutia2006,https://www.pnas.org/doi/full/10.1073/pnas.0601137103,Acuna2011,https://doi.pangaea.de/10.1594/PANGAEA.832241,Undinula vulgaris,Unknown,Unknown,NA,NA,NA,RespirationRate,0.0295,NA,NA,Replicate,umol/ind/hr,NA,NA,26.4,NA,7.6e-7,1.52e-16,7.58e-8,kg,NA,NA,NA,NA,NA,NA,NA,NA,NA,Literature,43.54275761724704,-5.692421209,Acuna2011,https://doi.pangaea.de/10.1594/PANGAEA.832241,NA,NA
NA,1,Moller2007,https://www.int-res.com/abstracts/meps/v330/meps330149,Acuna2011,https://doi.pangaea.de/10.1594/PANGAEA.832241,Aequorea vitrina,Unknown,Unknown,NA,NA,NA,RespirationRate,0.0135,NA,NA,Replicate,umol/ind/hr,NA,NA,15,NA,7.27e-5,2.62e-12,1.31e-7,kg,NA,NA,NA,NA,NA,NA,NA,NA,NA,Kertinge Nor,55.43279245,10.56994716,Acuna2011,https://doi.pangaea.de/10.1594/PANGAEA.832241,Wet weight assuming 96% water content from Larson (1986).,NA
NA,2,Moller2007,https://www.int-res.com/abstracts/meps/v330/meps330149,Acuna2011,https://doi.pangaea.de/10.1594/PANGAEA.832241,Aequorea vitrina,Unknown,Unknown,NA,NA,NA,RespirationRate,0.483,NA,NA,Replicate,umol/ind/hr,NA,NA,15,NA,0.00363,1.3100000000000001e-10,6.54e-6,kg,NA,NA,NA,NA,NA,NA,NA,NA,NA,Kertinge Nor,55.43279245,10.56994716,Acuna2011,https://doi.pangaea.de/10.1594/PANGAEA.832241,Wet weight assuming 96% water content from Larson (1986).,NA
NA,3,Moller2007,https://www.int-res.com/abstracts/meps/v330/meps330149,Acuna2011,https://doi.pangaea.de/10.1594/PANGAEA.832241,Aequorea vitrina,Unknown,Unknown,NA,NA,NA,RespirationRate,1.23,NA,NA,Replicate,umol/ind/hr,NA,NA,15,NA,0.0073,2.63e-10,1.31e-5,kg,NA,NA,NA,NA,NA,NA,NA,NA,NA,Kertinge Nor,55.43279245,10.56994716,Acuna2011,https://doi.pangaea.de/10.1594/PANGAEA.832241,Wet weight assuming 96% water content from Larson (1986).,NA
NA,4,Moller2007,https://www.int-res.com/abstracts/meps/v330/meps330149,Acuna2011,https://doi.pangaea.de/10.1594/PANGAEA.832241,Aequorea vitrina,Unknown,Unknown,NA,NA,NA,RespirationRate,2.89,NA,NA,Replicate,umol/ind/hr,NA,NA,15,NA,0.0117,4.22e-10,2.11e-5,kg,NA,NA,NA,NA,NA,NA,NA,NA,NA,Kertinge Nor,55.43279245,10.56994716,Acuna2011,https://doi.pangaea.de/10.1594/PANGAEA.832241,Wet weight assuming 96% water content from Larson (1986).,NA
NA,5,Moller2007,https://www.int-res.com/abstracts/meps/v330/meps330149,Acuna2011,https://doi.pangaea.de/10.1594/PANGAEA.832241,Aequorea vitrina,Unknown,Unknown,NA,NA,NA,RespirationRate,3.14,NA,NA,Replicate,umol/ind/hr,NA,NA,15,NA,0.022,7.92e-10,3.96e-5,kg,NA,NA,NA,NA,NA,NA,NA,NA,NA,Kertinge Nor,55.43279245,10.56994716,Acuna2011,https://doi.pangaea.de/10.1594/PANGAEA.832241,Wet weight assuming 96% water content from Larson (1986).,NA
NA,6,Moller2007,https://www.int-res.com/abstracts/meps/v330/meps330149,Acuna2011,https://doi.pangaea.de/10.1594/PANGAEA.832241,Aurelia aurita,Unknown,Unknown,NA,NA,NA,RespirationRate,0.00917,NA,NA,Replicate,umol/ind/hr,NA,NA,15,NA,6.61e-6,2.38e-13,1.67e-8,kg,NA,NA,NA,NA,NA,NA,NA,NA,NA,Kertinge Nor,55.43279245,10.56994716,Acuna2011,https://doi.pangaea.de/10.1594/PANGAEA.832241,Wet weight assuming 96% water content from Larson (1986).,NA
NA,7,Moller2007,https://www.int-res.com/abstracts/meps/v330/meps330149,Acuna2011,https://doi.pangaea.de/10.1594/PANGAEA.832241,Aurelia aurita,Unknown,Unknown,NA,NA,NA,RespirationRate,0.0324,NA,NA,Replicate,umol/ind/hr,NA,NA,15,NA,2.2e-5,7.92e-13,5.54e-8,kg,NA,NA,NA,NA,NA,NA,NA,NA,NA,Kertinge Nor,55.43279245,10.56994716,Acuna2011,https://doi.pangaea.de/10.1594/PANGAEA.832241,Wet weight assuming 96% water content from Larson (1986).,NA
NA,8,Moller2007,https://www.int-res.com/abstracts/meps/v330/meps330149,Acuna2011,https://doi.pangaea.de/10.1594/PANGAEA.832241,Aurelia aurita,Unknown,Unknown,NA,NA,NA,RespirationRate,0.0483,NA,NA,Replicate,umol/ind/hr,NA,NA,15,NA,2.52e-5,9.08e-13,6.36e-8,kg,NA,NA,NA,NA,NA,NA,NA,NA,NA,Kertinge Nor,55.43279245,10.56994716,Acuna2011,https://doi.pangaea.de/10.1594/PANGAEA.832241,Wet weight assuming 96% water content from Larson (1986).,NA
NA,9,Moller2007,https://www.int-res.com/abstracts/meps/v330/meps330149,Acuna2011,https://doi.pangaea.de/10.1594/PANGAEA.832241,Aurelia aurita,Unknown,Unknown,NA,NA,NA,RespirationRate,0.425,NA,NA,Replicate,umol/ind/hr,NA,NA,15,NA,0.00139,4.99e-11,3.49e-6,kg,NA,NA,NA,NA,NA,NA,NA,NA,NA,Kertinge Nor,55.43279245,10.56994716,Acuna2011,https://doi.pangaea.de/10.1594/PANGAEA.832241,Wet weight assuming 96% water content from Larson (1986).,NA
NA,10,Moller2007,https://www.int-res.com/abstracts/meps/v330/meps330149,Acuna2011,https://doi.pangaea.de/10.1594/PANGAEA.832241,Aurelia aurita,Unknown,Unknown,NA,NA,NA,RespirationRate,0.775,NA,NA,Replicate,umol/ind/hr,NA,NA,15,NA,0.00182,6.57e-11,4.6e-6,kg,NA,NA,NA,NA,NA,NA,NA,NA,NA,Kertinge Nor,55.43279245,10.56994716,Acuna2011,https://doi.pangaea.de/10.1594/PANGAEA.832241,Wet weight assuming 96% water content from Larson (1986).,NA
NA,11,Moller2007,https://www.int-res.com/abstracts/meps/v330/meps330149,Acuna2011,https://doi.pangaea.de/10.1594/PANGAEA.832241,Aurelia aurita,Unknown,Unknown,NA,NA,NA,RespirationRate,72.5,NA,NA,Replicate,umol/ind/hr,NA,NA,15,NA,0.229,8.23e-9,5.76e-4,kg,NA,NA,NA,NA,NA,NA,NA,NA,NA,Kertinge Nor,55.43279245,10.56994716,Acuna2011,https://doi.pangaea.de/10.1594/PANGAEA.832241,Wet weight assuming 96% water content from Larson (1986).,NA
NA,12,Moller2007,https://www.int-res.com/abstracts/meps/v330/meps330149,Acuna2011,https://doi.pangaea.de/10.1594/PANGAEA.832241,Sarsia tubulosa,Unknown,Unknown,NA,NA,NA,RespirationRate,0.0215,NA,NA,Replicate,umol/ind/hr,NA,NA,17,NA,1.5e-5,5.39e-13,3.77e-8,kg,NA,NA,NA,NA,NA,NA,NA,NA,NA,Kertinge Nor,55.43279245,10.56994716,Acuna2011,https://doi.pangaea.de/10.1594/PANGAEA.832241,Wet weight assuming 96% water content from Larson (1986).,NA
NA,13,Moller2007,https://www.int-res.com/abstracts/meps/v330/meps330149,Acuna2011,https://doi.pangaea.de/10.1594/PANGAEA.832241,Sarsia tubulosa,Unknown,Unknown,NA,NA,NA,RespirationRate,0.0633,NA,NA,Replicate,umol/ind/hr,NA,NA,17,NA,4.89e-5,1.76e-12,1.23e-7,kg,NA,NA,NA,NA,NA,NA,NA,NA,NA,Kertinge Nor,55.43279245,10.56994716,Acuna2011,https://doi.pangaea.de/10.1594/PANGAEA.832241,Wet weight assuming 96% water content from Larson (1986).,NA
NA,14,Moller2007,https://www.int-res.com/abstracts/meps/v330/meps330149,Acuna2011,https://doi.pangaea.de/10.1594/PANGAEA.832241,Sarsia tubulosa,Unknown,Unknown,NA,NA,NA,RespirationRate,0.203,NA,NA,Replicate,umol/ind/hr,NA,NA,17,NA,1.29e-4,4.64e-12,3.25e-7,kg,NA,NA,NA,NA,NA,NA,NA,NA,NA,Kertinge Nor,55.43279245,10.56994716,Acuna2011,https://doi.pangaea.de/10.1594/PANGAEA.832241,Wet weight assuming 96% water content from Larson (1986).,NA
NA,1,Segawa1982,NA,Acuna2011,https://doi.pangaea.de/10.1594/PANGAEA.832241,Euphausia superba,Unknown,Unknown,NA,NA,NA,RespirationRate,2.95,NA,NA,Replicate,umol/ind/hr,NA,NA,0,NA,7.5e-4,1.24e-7,4.43e-5,kg,NA,NA,NA,NA,NA,NA,NA,NA,NA,NA,NA,NA,Acuna2011,https://doi.pangaea.de/10.1594/PANGAEA.832241,Carbon to dry weight conversion factors from Meyer et al. (2002).,NA
NA,2,Segawa1982,NA,Acuna2011,https://doi.pangaea.de/10.1594/PANGAEA.832241,Euphausia superba,Unknown,Unknown,NA,NA,NA,RespirationRate,0.45,NA,NA,Replicate,umol/ind/hr,NA,NA,0,NA,2.1e-4,2.68e-8,9.57e-6,kg,NA,NA,NA,NA,NA,NA,NA,NA,NA,NA,NA,NA,Acuna2011,https://doi.pangaea.de/10.1594/PANGAEA.832241,Carbon to dry weight conversion factors from Meyer et al. (2002).,NA
NA,3,Segawa1982,NA,Acuna2011,https://doi.pangaea.de/10.1594/PANGAEA.832241,Euphausia superba,Unknown,Unknown,NA,NA,NA,RespirationRate,0.529,NA,NA,Replicate,umol/ind/hr,NA,NA,0,NA,1.7e-4,1.93e-8,6.89e-6,kg,NA,NA,NA,NA,NA,NA,NA,NA,NA,NA,NA,NA,Acuna2011,https://doi.pangaea.de/10.1594/PANGAEA.832241,Carbon to dry weight conversion factors from Meyer et al. (2002).,NA
NA,4,Segawa1982,NA,Acuna2011,https://doi.pangaea.de/10.1594/PANGAEA.832241,Euphausia superba,Unknown,Unknown,NA,NA,NA,RespirationRate,0.421,NA,NA,Replicate,umol/ind/hr,NA,NA,0,NA,1e-4,1.57e-8,5.6e-6,kg,NA,NA,NA,NA,NA,NA,NA,NA,NA,NA,NA,NA,Acuna2011,https://doi.pangaea.de/10.1594/PANGAEA.832241,Carbon to dry weight conversion factors from Meyer et al. (2002).,NA
NA,5,Segawa1982,NA,Acuna2011,https://doi.pangaea.de/10.1594/PANGAEA.832241,Euphausia superba,Unknown,Unknown,NA,NA,NA,RespirationRate,0.412,NA,NA,Replicate,umol/ind/hr,NA,NA,0,NA,1e-4,1.54e-8,5.5e-6,kg,NA,NA,NA,NA,NA,NA,NA,NA,NA,NA,NA,NA,Acuna2011,https://doi.pangaea.de/10.1594/PANGAEA.832241,Carbon to dry weight conversion factors from Meyer et al. (2002).,NA
NA,6,Segawa1982,NA,Acuna2011,https://doi.pangaea.de/10.1594/PANGAEA.832241,Euphausia superba,Unknown,Unknown,NA,NA,NA,RespirationRate,0.264,NA,NA,Replicate,umol/ind/hr,NA,NA,0,NA,1.1e-4,1.06e-8,3.78e-6,kg,NA,NA,NA,NA,NA,NA,NA,NA,NA,NA,NA,NA,Acuna2011,https://doi.pangaea.de/10.1594/PANGAEA.832241,Carbon to dry weight conversion factors from Meyer et al. (2002).,NA
NA,7,Segawa1982,NA,Acuna2011,https://doi.pangaea.de/10.1594/PANGAEA.832241,Euphausia superba,Unknown,Unknown,NA,NA,NA,RespirationRate,0.325,NA,NA,Replicate,umol/ind/hr,NA,NA,0,NA,1.1e-4,9.8e-9,3.5e-6,kg,NA,NA,NA,NA,NA,NA,NA,NA,NA,NA,NA,NA,Acuna2011,https://doi.pangaea.de/10.1594/PANGAEA.832241,Carbon to dry weight conversion factors from Meyer et al. (2002).,NA
NA,8,Segawa1982,NA,Acuna2011,https://doi.pangaea.de/10.1594/PANGAEA.832241,Euphausia superba,Unknown,Unknown,NA,NA,NA,RespirationRate,5.92,NA,NA,Replicate,umol/ind/hr,NA,NA,0,NA,0.00152,3.85e-7,1.38e-4,kg,NA,NA,NA,NA,NA,NA,NA,NA,NA,NA,NA,NA,Acuna2011,https://doi.pangaea.de/10.1594/PANGAEA.832241,Carbon to dry weight conversion factors from Meyer et al. (2002).,NA
NA,9,Segawa1982,NA,Acuna2011,https://doi.pangaea.de/10.1594/PANGAEA.832241,Euphausia superba,Unknown,Unknown,NA,NA,NA,RespirationRate,3.51,NA,NA,Replicate,umol/ind/hr,NA,NA,0,NA,6.2e-4,1.71e-7,6.1e-5,kg,NA,NA,NA,NA,NA,NA,NA,NA,NA,NA,NA,NA,Acuna2011,https://doi.pangaea.de/10.1594/PANGAEA.832241,Carbon to dry weight conversion factors from Meyer et al. (2002).,NA
NA,10,Segawa1982,NA,Acuna2011,https://doi.pangaea.de/10.1594/PANGAEA.832241,Euphausia superba,Unknown,Unknown,NA,NA,NA,RespirationRate,1.07,NA,NA,Replicate,umol/ind/hr,NA,NA,0,NA,2.4e-4,5.92e-8,2.11e-5,kg,NA,NA,NA,NA,NA,NA,NA,NA,NA,NA,NA,NA,Acuna2011,https://doi.pangaea.de/10.1594/PANGAEA.832241,Carbon to dry weight conversion factors from Meyer et al. (2002).,NA
NA,11,Segawa1982,NA,Acuna2011,https://doi.pangaea.de/10.1594/PANGAEA.832241,Euphausia superba,Unknown,Unknown,NA,NA,NA,RespirationRate,1.02,NA,NA,Replicate,umol/ind/hr,NA,NA,0,NA,1.6e-4,3.48e-8,1.24e-5,kg,NA,NA,NA,NA,NA,NA,NA,NA,NA,NA,NA,NA,Acuna2011,https://doi.pangaea.de/10.1594/PANGAEA.832241,Carbon to dry weight conversion factors from Meyer et al. (2002).,NA
NA,12,Segawa1982,NA,Acuna2011,https://doi.pangaea.de/10.1594/PANGAEA.832241,Euphausia superba,Unknown,Unknown,NA,NA,NA,RespirationRate,0.496,NA,NA,Replicate,umol/ind/hr,NA,NA,0,NA,5e-5,1.59e-8,5.68e-6,kg,NA,NA,NA,NA,NA,NA,NA,NA,NA,NA,NA,NA,Acuna2011,https://doi.pangaea.de/10.1594/PANGAEA.832241,Carbon to dry weight conversion factors from Meyer et al. (2002).,NA
NA,13,Segawa1982,NA,Acuna2011,https://doi.pangaea.de/10.1594/PANGAEA.832241,Euphausia superba,Unknown,Unknown,NA,NA,NA,RespirationRate,0.671,NA,NA,Replicate,umol/ind/hr,NA,NA,0,NA,8e-5,1.71e-8,6.1e-6,kg,NA,NA,NA,NA,NA,NA,NA,NA,NA,NA,NA,NA,Acuna2011,https://doi.pangaea.de/10.1594/PANGAEA.832241,Carbon to dry weight conversion factors from Meyer et al. (2002).,NA
NA,14,Segawa1982,NA,Acuna2011,https://doi.pangaea.de/10.1594/PANGAEA.832241,Euphausia superba,Unknown,Unknown,NA,NA,NA,RespirationRate,0.621,NA,NA,Replicate,umol/ind/hr,NA,NA,0,NA,8e-5,1.21e-8,4.32e-6,kg,NA,NA,NA,NA,NA,NA,NA,NA,NA,NA,NA,NA,Acuna2011,https://doi.pangaea.de/10.1594/PANGAEA.832241,Carbon to dry weight conversion factors from Meyer et al. (2002).,NA
NA,15,Segawa1982,NA,Acuna2011,https://doi.pangaea.de/10.1594/PANGAEA.832241,Euphausia superba,Unknown,Unknown,NA,NA,NA,RespirationRate,0.388,NA,NA,Replicate,umol/ind/hr,NA,NA,0,NA,5e-5,7.2e-9,2.57e-6,kg,NA,NA,NA,NA,NA,NA,NA,NA,NA,NA,NA,NA,Acuna2011,https://doi.pangaea.de/10.1594/PANGAEA.832241,Carbon to dry weight conversion factors from Meyer et al. (2002).,NA
NA,16,Segawa1982,NA,Acuna2011,https://doi.pangaea.de/10.1594/PANGAEA.832241,Euphausia superba,Unknown,Unknown,NA,NA,NA,RespirationRate,0.433,NA,NA,Replicate,umol/ind/hr,NA,NA,0,NA,3e-5,7.8e-9,2.78e-6,kg,NA,NA,NA,NA,NA,NA,NA,NA,NA,NA,NA,NA,Acuna2011,https://doi.pangaea.de/10.1594/PANGAEA.832241,Carbon to dry weight conversion factors from Meyer et al. (2002).,NA
NA,1,Stuart1986,https://www.jstor.org/stable/24817544,Acuna2011,https://doi.pangaea.de/10.1594/PANGAEA.832241,Euphausia lucens,Unknown,Unknown,NA,NA,NA,RespirationRate,0.0738,NA,NA,Replicate,umol/ind/hr,NA,NA,12.5,NA,2.29e-6,5.04e-10,1.8e-7,kg,NA,80,NA,NA,NA,NA,NA,NA,NA,West Coast South Africa,-33.788849,18.36545,Acuna2011,https://doi.pangaea.de/10.1594/PANGAEA.832241,"Carbon to dry weight conversion factors from Meyer et al. (2002), wet weight to dry weight conversion factor from Ikeda and Bruce (1986).",NA
NA,2,Stuart1986,https://www.jstor.org/stable/24817544,Acuna2011,https://doi.pangaea.de/10.1594/PANGAEA.832241,Euphausia lucens,Unknown,Unknown,NA,NA,NA,RespirationRate,0.0988,NA,NA,Replicate,umol/ind/hr,NA,NA,12.5,NA,3.85e-6,8.48e-10,3.03e-7,kg,NA,80,NA,NA,NA,NA,NA,NA,NA,West Coast South Africa,-33.788849,18.36545,Acuna2011,https://doi.pangaea.de/10.1594/PANGAEA.832241,"Carbon to dry weight conversion factors from Meyer et al. (2002), wet weight to dry weight conversion factor from Ikeda and Bruce (1986).",NA
NA,3,Stuart1986,https://www.jstor.org/stable/24817544,Acuna2011,https://doi.pangaea.de/10.1594/PANGAEA.832241,Euphausia lucens,Unknown,Unknown,NA,NA,NA,RespirationRate,0.177,NA,NA,Replicate,umol/ind/hr,NA,NA,12.5,NA,6.8e-6,1.5e-9,5.34e-7,kg,NA,80,NA,NA,NA,NA,NA,NA,NA,West Coast South Africa,-33.788849,18.36545,Acuna2011,https://doi.pangaea.de/10.1594/PANGAEA.832241,"Carbon to dry weight conversion factors from Meyer et al. (2002), wet weight to dry weight conversion factor from Ikeda and Bruce (1986).",NA
NA,4,Stuart1986,https://www.jstor.org/stable/24817544,Acuna2011,https://doi.pangaea.de/10.1594/PANGAEA.832241,Euphausia lucens,Unknown,Unknown,NA,NA,NA,RespirationRate,0.135,NA,NA,Replicate,umol/ind/hr,NA,NA,12.5,NA,7.45e-6,1.64e-9,5.85e-7,kg,NA,80,NA,NA,NA,NA,NA,NA,NA,West Coast South Africa,-33.788849,18.36545,Acuna2011,https://doi.pangaea.de/10.1594/PANGAEA.832241,"Carbon to dry weight conversion factors from Meyer et al. (2002), wet weight to dry weight conversion factor from Ikeda and Bruce (1986).",NA
NA,5,Stuart1986,https://www.jstor.org/stable/24817544,Acuna2011,https://doi.pangaea.de/10.1594/PANGAEA.832241,Euphausia lucens,Unknown,Unknown,NA,NA,NA,RespirationRate,0.172,NA,NA,Replicate,umol/ind/hr,NA,NA,12.5,NA,9.06e-6,1.99e-9,7.12e-7,kg,NA,80,NA,NA,NA,NA,NA,NA,NA,West Coast South Africa,-33.788849,18.36545,Acuna2011,https://doi.pangaea.de/10.1594/PANGAEA.832241,"Carbon to dry weight conversion factors from Meyer et al. (2002), wet weight to dry weight conversion factor from Ikeda and Bruce (1986).",NA
NA,6,Stuart1986,https://www.jstor.org/stable/24817544,Acuna2011,https://doi.pangaea.de/10.1594/PANGAEA.832241,Euphausia lucens,Unknown,Unknown,NA,NA,NA,RespirationRate,0.227,NA,NA,Replicate,umol/ind/hr,NA,NA,12.5,NA,8.5e-6,1.87e-9,6.68e-7,kg,NA,80,NA,NA,NA,NA,NA,NA,NA,West Coast South Africa,-33.788849,18.36545,Acuna2011,https://doi.pangaea.de/10.1594/PANGAEA.832241,"Carbon to dry weight conversion factors from Meyer et al. (2002), wet weight to dry weight conversion factor from Ikeda and Bruce (1986).",NA
NA,7,Stuart1986,https://www.jstor.org/stable/24817544,Acuna2011,https://doi.pangaea.de/10.1594/PANGAEA.832241,Euphausia lucens,Unknown,Unknown,NA,NA,NA,RespirationRate,0.219,NA,NA,Replicate,umol/ind/hr,NA,NA,12.5,NA,9.41e-6,2.07e-9,7.39e-7,kg,NA,80,NA,NA,NA,NA,NA,NA,NA,West Coast South Africa,-33.788849,18.36545,Acuna2011,https://doi.pangaea.de/10.1594/PANGAEA.832241,"Carbon to dry weight conversion factors from Meyer et al. (2002), wet weight to dry weight conversion factor from Ikeda and Bruce (1986).",NA
NA,8,Stuart1986,https://www.jstor.org/stable/24817544,Acuna2011,https://doi.pangaea.de/10.1594/PANGAEA.832241,Euphausia lucens,Unknown,Unknown,NA,NA,NA,RespirationRate,0.227,NA,NA,Replicate,umol/ind/hr,NA,NA,12.5,NA,1e-5,2.21e-9,7.89e-7,kg,NA,80,NA,NA,NA,NA,NA,NA,NA,West Coast South Africa,-33.788849,18.36545,Acuna2011,https://doi.pangaea.de/10.1594/PANGAEA.832241,"Carbon to dry weight conversion factors from Meyer et al. (2002), wet weight to dry weight conversion factor from Ikeda and Bruce (1986).",NA
NA,9,Stuart1986,https://www.jstor.org/stable/24817544,Acuna2011,https://doi.pangaea.de/10.1594/PANGAEA.832241,Euphausia lucens,Unknown,Unknown,NA,NA,NA,RespirationRate,0.263,NA,NA,Replicate,umol/ind/hr,NA,NA,12.5,NA,9.86e-6,2.17e-9,7.75e-7,kg,NA,80,NA,NA,NA,NA,NA,NA,NA,West Coast South Africa,-33.788849,18.36545,Acuna2011,https://doi.pangaea.de/10.1594/PANGAEA.832241,"Carbon to dry weight conversion factors from Meyer et al. (2002), wet weight to dry weight conversion factor from Ikeda and Bruce (1986).",NA
NA,10,Stuart1986,https://www.jstor.org/stable/24817544,Acuna2011,https://doi.pangaea.de/10.1594/PANGAEA.832241,Euphausia lucens,Unknown,Unknown,NA,NA,NA,RespirationRate,0.28,NA,NA,Replicate,umol/ind/hr,NA,NA,12.5,NA,9.77e-6,2.15e-9,7.68e-7,kg,NA,80,NA,NA,NA,NA,NA,NA,NA,West Coast South Africa,-33.788849,18.36545,Acuna2011,https://doi.pangaea.de/10.1594/PANGAEA.832241,"Carbon to dry weight conversion factors from Meyer et al. (2002), wet weight to dry weight conversion factor from Ikeda and Bruce (1986).",NA
NA,11,Stuart1986,https://www.jstor.org/stable/24817544,Acuna2011,https://doi.pangaea.de/10.1594/PANGAEA.832241,Euphausia lucens,Unknown,Unknown,NA,NA,NA,RespirationRate,0.238,NA,NA,Replicate,umol/ind/hr,NA,NA,12.5,NA,1.13e-5,2.49e-9,8.9e-7,kg,NA,80,NA,NA,NA,NA,NA,NA,NA,West Coast South Africa,-33.788849,18.36545,Acuna2011,https://doi.pangaea.de/10.1594/PANGAEA.832241,"Carbon to dry weight conversion factors from Meyer et al. (2002), wet weight to dry weight conversion factor from Ikeda and Bruce (1986).",NA
NA,12,Stuart1986,https://www.jstor.org/stable/24817544,Acuna2011,https://doi.pangaea.de/10.1594/PANGAEA.832241,Euphausia lucens,Unknown,Unknown,NA,NA,NA,RespirationRate,0.187,NA,NA,Replicate,umol/ind/hr,NA,NA,12.5,NA,1.24e-5,2.73e-9,9.76e-7,kg,NA,80,NA,NA,NA,NA,NA,NA,NA,West Coast South Africa,-33.788849,18.36545,Acuna2011,https://doi.pangaea.de/10.1594/PANGAEA.832241,"Carbon to dry weight conversion factors from Meyer et al. (2002), wet weight to dry weight conversion factor from Ikeda and Bruce (1986).",NA
NA,13,Stuart1986,https://www.jstor.org/stable/24817544,Acuna2011,https://doi.pangaea.de/10.1594/PANGAEA.832241,Euphausia lucens,Unknown,Unknown,NA,NA,NA,RespirationRate,0.203,NA,NA,Replicate,umol/ind/hr,NA,NA,12.5,NA,1.39e-5,3.06e-9,1.09e-6,kg,NA,80,NA,NA,NA,NA,NA,NA,NA,West Coast South Africa,-33.788849,18.36545,Acuna2011,https://doi.pangaea.de/10.1594/PANGAEA.832241,"Carbon to dry weight conversion factors from Meyer et al. (2002), wet weight to dry weight conversion factor from Ikeda and Bruce (1986).",NA
NA,14,Stuart1986,https://www.jstor.org/stable/24817544,Acuna2011,https://doi.pangaea.de/10.1594/PANGAEA.832241,Euphausia lucens,Unknown,Unknown,NA,NA,NA,RespirationRate,0.281,NA,NA,Replicate,umol/ind/hr,NA,NA,12.5,NA,1.37e-5,3e-9,1.07e-6,kg,NA,80,NA,NA,NA,NA,NA,NA,NA,West Coast South Africa,-33.788849,18.36545,Acuna2011,https://doi.pangaea.de/10.1594/PANGAEA.832241,"Carbon to dry weight conversion factors from Meyer et al. (2002), wet weight to dry weight conversion factor from Ikeda and Bruce (1986).",NA
NA,15,Stuart1986,https://www.jstor.org/stable/24817544,Acuna2011,https://doi.pangaea.de/10.1594/PANGAEA.832241,Euphausia lucens,Unknown,Unknown,NA,NA,NA,RespirationRate,0.273,NA,NA,Replicate,umol/ind/hr,NA,NA,12.5,NA,1.23e-5,2.71e-9,9.68e-7,kg,NA,80,NA,NA,NA,NA,NA,NA,NA,West Coast South Africa,-33.788849,18.36545,Acuna2011,https://doi.pangaea.de/10.1594/PANGAEA.832241,"Carbon to dry weight conversion factors from Meyer et al. (2002), wet weight to dry weight conversion factor from Ikeda and Bruce (1986).",NA
NA,16,Stuart1986,https://www.jstor.org/stable/24817544,Acuna2011,https://doi.pangaea.de/10.1594/PANGAEA.832241,Euphausia lucens,Unknown,Unknown,NA,NA,NA,RespirationRate,0.249,NA,NA,Replicate,umol/ind/hr,NA,NA,12.5,NA,1.19e-5,2.61e-9,9.33e-7,kg,NA,80,NA,NA,NA,NA,NA,NA,NA,West Coast South Africa,-33.788849,18.36545,Acuna2011,https://doi.pangaea.de/10.1594/PANGAEA.832241,"Carbon to dry weight conversion factors from Meyer et al. (2002), wet weight to dry weight conversion factor from Ikeda and Bruce (1986).",NA
NA,17,Stuart1986,https://www.jstor.org/stable/24817544,Acuna2011,https://doi.pangaea.de/10.1594/PANGAEA.832241,Euphausia lucens,Unknown,Unknown,NA,NA,NA,RespirationRate,0.388,NA,NA,Replicate,umol/ind/hr,NA,NA,12.5,NA,1.86e-5,4.08e-9,1.46e-6,kg,NA,80,NA,NA,NA,NA,NA,NA,NA,West Coast South Africa,-33.788849,18.36545,Acuna2011,https://doi.pangaea.de/10.1594/PANGAEA.832241,"Carbon to dry weight conversion factors from Meyer et al. (2002), wet weight to dry weight conversion factor from Ikeda and Bruce (1986).",NA
NA,18,Stuart1986,https://www.jstor.org/stable/24817544,Acuna2011,https://doi.pangaea.de/10.1594/PANGAEA.832241,Euphausia lucens,Unknown,Unknown,NA,NA,NA,RespirationRate,0.454,NA,NA,Replicate,umol/ind/hr,NA,NA,12.5,NA,2.36e-5,5.2e-9,1.86e-6,kg,NA,80,NA,NA,NA,NA,NA,NA,NA,West Coast South Africa,-33.788849,18.36545,Acuna2011,https://doi.pangaea.de/10.1594/PANGAEA.832241,"Carbon to dry weight conversion factors from Meyer et al. (2002), wet weight to dry weight conversion factor from Ikeda and Bruce (1986).",NA
NA,19,Stuart1986,https://www.jstor.org/stable/24817544,Acuna2011,https://doi.pangaea.de/10.1594/PANGAEA.832241,Euphausia lucens,Unknown,Unknown,NA,NA,NA,RespirationRate,0.575,NA,NA,Replicate,umol/ind/hr,NA,NA,12.5,NA,2.52e-5,5.55e-9,1.98e-6,kg,NA,80,NA,NA,NA,NA,NA,NA,NA,West Coast South Africa,-33.788849,18.36545,Acuna2011,https://doi.pangaea.de/10.1594/PANGAEA.832241,"Carbon to dry weight conversion factors from Meyer et al. (2002), wet weight to dry weight conversion factor from Ikeda and Bruce (1986).",NA
NA,20,Stuart1986,https://www.jstor.org/stable/24817544,Acuna2011,https://doi.pangaea.de/10.1594/PANGAEA.832241,Euphausia lucens,Unknown,Unknown,NA,NA,NA,RespirationRate,0.7,NA,NA,Replicate,umol/ind/hr,NA,NA,12.5,NA,2.41e-5,5.3e-9,1.89e-6,kg,NA,80,NA,NA,NA,NA,NA,NA,NA,West Coast South Africa,-33.788849,18.36545,Acuna2011,https://doi.pangaea.de/10.1594/PANGAEA.832241,"Carbon to dry weight conversion factors from Meyer et al. (2002), wet weight to dry weight conversion factor from Ikeda and Bruce (1986).",NA